id_registro,codigo_producto,categoria,laboratorio,ciudad,temporada,metodo_reabastecimiento,precio_unitario,costo_unitario,margen_unitario,stock_actual,stock_minimo,stock_maximo,demanda_promedio_diaria,desviacion_demanda,ventas_ultimos_30_dias,quiebres_stock_ultimos_6m,lead_time_dias,dias_para_vencer,descuento_activo,es_esencial,requiere_formula,categoria_consenso_cluster,confianza_consenso,categoria_reevaluada
1,MED-1000,Antibióticos,Bayer,Cali,Alta (Invierno),Manual,31839.59,26671.34,5168.25,106,70,140,7.08,1.98,217,1,11,488,0,0,0,Pediatría,0.5,Antibióticos
2,MED-1001,Pediatría,Sanofi,Bogotá,Normal,Manual,77683.06,62776.51,14906.55,293,11,252,39.7,6.37,1211,0,10,51,0,0,0,Gastrointestinales,0.5,Pediatría
3,MED-1002,Higiene Personal,Genfar,Cartagena,Promoción,Manual,4775.81,3492.04,1283.77,169,69,389,18.79,7.96,563,3,3,596,1,1,0,Cardiovasculares,0.5,Higiene Personal
4,MED-1003,Vitaminas,Sanofi,Cali,Alta (Epidemia),Manual,75549.54,55968.77,19580.77,264,62,451,10.4,6.99,319,1,12,538,0,1,0,Pediatría,0.5,Vitaminas
5,MED-1004,Antibióticos,Sanofi,Bogotá,Alta (Epidemia),Automático (ML),33111.67,21375.54,11736.13,387,11,114,22.32,2.26,626,2,2,759,1,0,1,Pediatría,0.75,Pediatría
6,MED-1005,Higiene Personal,Pfizer,Barranquilla,Normal,Proveedor Programado,46924.19,34264.45,12659.74,189,49,311,16.16,3.08,463,1,5,821,1,1,0,Pediatría,0.5,Higiene Personal
7,MED-1006,Antibióticos,Bayer,Medellín,Alta (Epidemia),Manual,44787.6,28450.47,16337.13,14,54,168,1.61,4.52,68,1,1,677,0,0,1,Pediatría,0.5,Antibióticos
8,MED-1007,Dermatológicos,Abbott,Cali,Alta (Invierno),Automático (ML),30601.86,19247.57,11354.29,134,21,103,3.48,3.45,123,3,8,834,1,0,1,Pediatría,0.5,Dermatológicos
9,MED-1008,Antibióticos,Roche,Medellín,Alta (Invierno),Manual,12208.76,9502.21,2706.55,256,14,281,10.2,2.93,293,1,11,422,1,1,1,Pediatría,1.0,Pediatría
10,MED-1009,Higiene Personal,Genfar,Cali,Normal,Manual,71973.8,51737.83,20235.97,95,13,284,6.43,6.24,199,1,11,570,0,1,1,Dermatológicos,0.25,Higiene Personal
11,MED-1010,Dermatológicos,Pfizer,Medellín,Alta (Epidemia),Manual,25310.86,16206.68,9104.18,65,51,145,12.53,1.5,367,2,12,57,1,1,1,Pediatría,0.5,Dermatológicos
12,MED-1011,Vitaminas,Tecnoquímicas,Medellín,Alta (Invierno),Proveedor Programado,30434.93,25160.77,5274.16,384,36,206,32.9,8.68,959,1,7,739,1,1,1,Pediatría,0.5,Vitaminas
13,MED-1012,Gastrointestinales,Genfar,Medellín,Promoción,Manual,20102.3,12663.77,7438.53,171,33,397,13.6,5.43,413,2,9,721,0,0,0,Pediatría,1.0,Pediatría
14,MED-1013,Vitaminas,Sanofi,Cartagena,Normal,Automático (ML),26167.63,17563.98,8603.65,80,68,230,39.09,4.4,1171,1,7,765,1,1,1,Dermatológicos,0.5,Vitaminas
15,MED-1014,Higiene Personal,Bayer,Bogotá,Alta (Epidemia),Proveedor Programado,14156.91,10226.43,3930.48,159,79,375,27.21,7.74,800,2,11,430,1,0,1,Dermatológicos,0.25,Higiene Personal
16,MED-1015,Cardiovasculares,MK,Barranquilla,Normal,Proveedor Programado,9952.31,8049.68,1902.63,123,68,443,28.14,8.65,871,2,12,432,1,0,0,Dermatológicos,0.25,Cardiovasculares
17,MED-1016,Dermatológicos,Novartis,Cartagena,Alta (Invierno),Manual,10405.59,8690.03,1715.56,423,48,435,33.67,6.92,1014,1,9,502,1,0,0,Dermatológicos,0.25,Dermatológicos
18,MED-1017,Pediatría,La Santé,Barranquilla,Normal,Manual,16471.53,13927.37,2544.16,499,69,120,39.85,9.67,1166,1,5,66,1,1,0,Dermatológicos,0.5,Pediatría
19,MED-1018,Analgésicos,Genfar,Cartagena,Normal,Manual,24473.09,18968.83,5504.26,207,12,213,16.78,8.93,520,3,4,616,1,0,0,Pediatría,0.75,Pediatría
20,MED-1019,Vitaminas,Abbott,Cartagena,Alta (Invierno),Automático (ML),26513.02,19126.58,7386.44,162,70,288,7.86,0.67,271,0,14,306,1,0,0,Pediatría,0.5,Vitaminas
21,MED-1020,Dermatológicos,Sanofi,Cali,Promoción,Proveedor Programado,31218.1,24538.76,6679.34,194,26,203,23.16,1.39,677,3,3,499,1,0,0,Pediatría,0.5,Dermatológicos
22,MED-1021,Antigripales,Pfizer,Cali,Normal,Proveedor Programado,64200.47,46587.67,17612.8,283,73,439,20.47,5.93,597,0,1,541,0,0,0,Pediatría,0.5,Antigripales
23,MED-1022,Antibióticos,Bayer,Medellín,Normal,Manual,75415.31,63234.39,12180.92,372,15,163,30.16,9.55,947,1,13,526,1,0,0,Gastrointestinales,0.5,Antibióticos
24,MED-1023,Dermatológicos,Abbott,Medellín,Alta (Invierno),Proveedor Programado,26538.67,17189.83,9348.84,160,76,253,15.53,4.25,496,1,6,599,1,0,1,Pediatría,0.5,Dermatológicos
25,MED-1024,Cardiovasculares,Genfar,Bogotá,Normal,Proveedor Programado,19086.74,14654.53,4432.21,150,75,251,21.21,8.84,657,1,1,133,1,1,1,Dermatológicos,0.25,Cardiovasculares
26,MED-1025,Cardiovasculares,Abbott,Bogotá,Normal,Manual,65320.81,52421.8,12899.01,408,33,95,4.18,0.55,146,0,4,714,1,1,0,Cardiovasculares,0.5,Cardiovasculares
27,MED-1026,Antigripales,Genfar,Medellín,Promoción,Manual,8462.45,5916.91,2545.54,141,24,165,23.58,4.67,753,1,6,80,1,0,1,Pediatría,1.0,Pediatría
28,MED-1027,Diabetes,Genfar,Bogotá,Promoción,Proveedor Programado,5348.52,3259.05,2089.47,325,24,127,21.95,3.6,621,2,8,82,0,0,0,Pediatría,0.75,Pediatría
29,MED-1028,Antibióticos,Genfar,Medellín,Promoción,Automático (ML),67835.78,43997.95,23837.83,349,56,416,6.4,1.76,165,1,2,665,1,0,1,Pediatría,0.75,Pediatría
30,MED-1029,Analgésicos,MK,Barranquilla,Normal,Automático (ML),17193.69,10663.84,6529.85,126,18,196,7.76,1.99,192,3,2,125,1,1,1,Cardiovasculares,0.25,Analgésicos
31,MED-1030,Cardiovasculares,Novartis,Barranquilla,Alta (Invierno),Manual,76524.63,60031.6,16493.03,446,78,405,29.47,0.95,870,0,10,685,1,0,0,Gastrointestinales,0.5,Cardiovasculares
32,MED-1031,Pediatría,Novartis,Bogotá,Alta (Epidemia),Manual,26978.82,22793.8,4185.02,452,25,292,30.77,8.17,917,2,4,318,0,1,0,Pediatría,0.5,Pediatría
33,MED-1032,Analgésicos,Novartis,Bogotá,Alta (Invierno),Manual,76084.22,62516.13,13568.09,179,19,318,37.4,5.26,1141,6,8,354,0,0,1,Pediatría,0.75,Pediatría
34,MED-1033,Antibióticos,Roche,Medellín,Normal,Proveedor Programado,12894.53,10351.74,2542.79,426,21,393,33.0,6.69,1020,1,11,585,0,1,1,Pediatría,0.5,Antibióticos
35,MED-1034,Dermatológicos,Genfar,Cali,Alta (Invierno),Automático (ML),32048.95,19541.55,12507.4,241,44,308,3.78,3.53,88,2,10,631,1,0,1,Pediatría,0.75,Pediatría
36,MED-1035,Diabetes,La Santé,Bogotá,Normal,Automático (ML),75121.91,45809.08,29312.83,216,30,328,22.37,4.52,654,2,8,221,0,0,0,Pediatría,0.5,Diabetes
37,MED-1036,Higiene Personal,Tecnoquímicas,Medellín,Alta (Epidemia),Manual,22251.27,16580.22,5671.05,150,71,344,34.48,4.58,1026,3,13,308,0,1,1,Pediatría,0.5,Higiene Personal
38,MED-1037,Vitaminas,Abbott,Cartagena,Alta (Epidemia),Proveedor Programado,71955.29,50174.45,21780.84,395,70,352,34.04,3.87,1026,2,12,747,0,1,0,Gastrointestinales,0.5,Vitaminas
39,MED-1038,Vitaminas,Tecnoquímicas,Bogotá,Normal,Proveedor Programado,9412.9,5863.54,3549.36,395,34,136,31.87,8.0,942,2,13,722,0,1,1,Pediatría,0.5,Vitaminas
40,MED-1039,Pediatría,Genfar,Cali,Alta (Invierno),Proveedor Programado,30020.46,18890.88,11129.58,75,18,141,33.64,8.74,1009,1,6,548,1,1,1,Pediatría,0.75,Pediatría
41,MED-1040,Analgésicos,Pfizer,Barranquilla,Alta (Epidemia),Manual,33542.17,27604.34,5937.83,193,14,92,4.31,9.87,122,2,13,862,0,1,0,Pediatría,0.75,Pediatría
42,MED-1041,Dermatológicos,MK,Barranquilla,Promoción,Proveedor Programado,57529.95,41445.54,16084.41,363,63,279,17.54,9.11,535,1,7,155,0,0,0,Pediatría,0.5,Dermatológicos
43,MED-1042,Vitaminas,Novartis,Bogotá,Alta (Epidemia),Proveedor Programado,39086.87,24002.3,15084.57,475,70,120,27.56,2.76,809,2,9,220,0,1,0,Gastrointestinales,0.25,Vitaminas
44,MED-1043,Analgésicos,Tecnoquímicas,Cali,Normal,Automático (ML),78298.35,57862.58,20435.77,302,30,159,21.58,9.93,646,3,5,705,0,0,0,Pediatría,0.5,Analgésicos
45,MED-1044,Gastrointestinales,Novartis,Barranquilla,Alta (Invierno),Manual,56572.65,40372.24,16200.41,372,63,371,36.15,0.93,1128,1,12,359,0,0,1,Gastrointestinales,0.25,Gastrointestinales
46,MED-1045,Analgésicos,MK,Cali,Promoción,Proveedor Programado,38704.78,26641.97,12062.81,177,37,306,15.05,2.97,435,0,11,531,0,1,0,Pediatría,0.5,Analgésicos
47,MED-1046,Antibióticos,Sanofi,Bogotá,Promoción,Manual,24541.79,17248.01,7293.78,460,38,133,3.97,9.44,134,0,3,285,0,1,1,Pediatría,0.5,Antibióticos
48,MED-1047,Dermatológicos,Genfar,Medellín,Normal,Proveedor Programado,70502.93,52023.9,18479.03,4,42,156,19.73,9.86,594,3,11,882,0,1,1,Pediatría,0.5,Dermatológicos
49,MED-1048,Dermatológicos,Pfizer,Cali,Alta (Epidemia),Proveedor Programado,7890.41,4806.88,3083.53,384,30,390,34.72,8.22,1044,2,5,899,1,1,0,Dermatológicos,0.5,Dermatológicos
50,MED-1049,Antibióticos,Tecnoquímicas,Medellín,Alta (Epidemia),Manual,21563.53,14043.49,7520.04,0,60,282,24.64,2.67,755,1,1,517,0,1,1,Cardiovasculares,0.5,Antibióticos
51,MED-1050,Gastrointestinales,Sanofi,Cartagena,Normal,Automático (ML),11743.93,9018.09,2725.84,161,63,230,33.42,3.42,1010,1,1,83,0,1,0,Pediatría,1.0,Pediatría
52,MED-1051,Cardiovasculares,Bayer,Cartagena,Alta (Invierno),Automático (ML),63419.46,48188.66,15230.8,74,60,212,6.32,0.64,216,2,6,335,1,0,1,Pediatría,0.5,Cardiovasculares
53,MED-1052,Pediatría,La Santé,Bogotá,Alta (Epidemia),Proveedor Programado,72620.22,49894.73,22725.49,165,39,335,21.42,7.13,642,1,13,167,1,1,1,Gastrointestinales,0.5,Pediatría
54,MED-1053,Cardiovasculares,Tecnoquímicas,Cartagena,Alta (Invierno),Manual,78462.51,56740.52,21721.99,204,52,341,14.32,5.6,445,2,7,212,1,1,0,Pediatría,0.5,Cardiovasculares
55,MED-1054,Pediatría,Roche,Cali,Promoción,Proveedor Programado,16865.18,13055.76,3809.42,280,76,320,21.09,9.74,645,1,13,663,0,1,1,Dermatológicos,0.25,Pediatría
56,MED-1055,Antigripales,Sanofi,Cartagena,Alta (Epidemia),Automático (ML),5448.96,4016.86,1432.1,132,21,416,35.87,1.72,1065,1,10,842,1,1,0,Pediatría,0.75,Pediatría
57,MED-1056,Higiene Personal,Abbott,Medellín,Normal,Automático (ML),40048.2,30915.05,9133.15,55,72,169,3.38,3.13,86,0,1,37,1,0,0,Pediatría,0.5,Higiene Personal
58,MED-1057,Dermatológicos,Genfar,Medellín,Alta (Invierno),Manual,31526.35,22734.62,8791.73,473,37,164,19.04,7.6,582,1,14,728,0,0,1,Pediatría,0.5,Dermatológicos
59,MED-1058,Pediatría,Pfizer,Barranquilla,Promoción,Proveedor Programado,71930.93,52359.92,19571.01,238,27,370,21.77,2.8,649,1,9,660,0,1,1,Gastrointestinales,0.5,Pediatría
60,MED-1059,Cardiovasculares,Genfar,Medellín,Normal,Manual,28217.3,17775.22,10442.08,144,22,283,19.48,3.87,583,2,9,138,1,0,0,Pediatría,0.75,Pediatría
61,MED-1060,Higiene Personal,Abbott,Bogotá,Alta (Invierno),Manual,45946.15,34304.95,11641.2,235,51,201,15.16,6.64,426,0,2,472,1,0,1,Cardiovasculares,0.5,Higiene Personal
62,MED-1061,Higiene Personal,Novartis,Cartagena,Alta (Epidemia),Automático (ML),14770.15,9770.3,4999.85,3,71,438,32.43,1.03,984,0,9,788,1,1,0,Dermatológicos,0.25,Higiene Personal
63,MED-1062,Diabetes,Abbott,Cali,Alta (Invierno),Proveedor Programado,4404.67,3410.27,994.4,407,15,386,23.46,9.22,689,3,6,147,1,1,0,Pediatría,0.5,Diabetes
64,MED-1063,Dermatológicos,Abbott,Bogotá,Alta (Epidemia),Manual,24558.39,19459.41,5098.98,325,35,202,28.73,2.4,851,3,4,142,1,1,1,Pediatría,0.75,Pediatría
65,MED-1064,Higiene Personal,Pfizer,Medellín,Alta (Invierno),Manual,41970.0,34961.16,7008.84,332,12,222,15.4,4.82,449,3,5,679,1,0,0,Pediatría,1.0,Pediatría
66,MED-1065,Antibióticos,Sanofi,Barranquilla,Alta (Epidemia),Proveedor Programado,34711.75,23854.51,10857.24,304,78,445,30.09,4.38,917,1,5,405,1,1,0,Dermatológicos,0.5,Antibióticos
67,MED-1066,Antigripales,Sanofi,Barranquilla,Normal,Proveedor Programado,32200.6,26778.42,5422.18,319,31,140,33.83,1.83,1005,0,9,258,1,1,0,Pediatría,0.5,Antigripales
68,MED-1067,Gastrointestinales,Tecnoquímicas,Barranquilla,Promoción,Proveedor Programado,65722.25,50362.91,15359.34,409,71,252,13.33,6.09,391,3,2,325,0,1,0,Pediatría,0.5,Gastrointestinales
69,MED-1068,Dermatológicos,Sanofi,Barranquilla,Normal,Automático (ML),44563.14,31625.84,12937.3,480,34,228,36.08,4.15,1087,0,14,850,1,1,0,Gastrointestinales,0.25,Dermatológicos
70,MED-1069,Diabetes,MK,Cartagena,Normal,Automático (ML),75367.07,57047.37,18319.7,455,51,115,35.27,5.21,1073,5,14,260,0,0,1,Pediatría,0.5,Diabetes
71,MED-1070,Vitaminas,Abbott,Medellín,Normal,Automático (ML),18749.93,14597.12,4152.81,4,47,255,15.77,4.84,536,1,4,725,1,1,0,Pediatría,0.75,Pediatría
72,MED-1071,Diabetes,La Santé,Cali,Promoción,Automático (ML),62434.91,37651.42,24783.49,114,45,386,28.93,6.19,871,2,4,40,1,1,0,Dermatológicos,0.5,Diabetes
73,MED-1072,Diabetes,Bayer,Cartagena,Normal,Automático (ML),35616.96,23933.97,11682.99,362,21,288,23.86,5.31,728,0,9,652,0,0,0,Pediatría,0.5,Diabetes
74,MED-1073,Analgésicos,Genfar,Medellín,Normal,Proveedor Programado,73743.79,58812.23,14931.56,292,40,140,29.72,9.38,922,1,6,808,0,0,0,Antigripales,0.25,Analgésicos
75,MED-1074,Diabetes,Pfizer,Cartagena,Alta (Invierno),Automático (ML),78832.77,63832.83,14999.94,181,66,116,34.93,5.43,1075,0,8,690,1,1,0,Gastrointestinales,0.25,Diabetes
76,MED-1075,Pediatría,Roche,Bogotá,Alta (Invierno),Automático (ML),63659.82,47804.09,15855.73,290,72,365,21.96,9.24,644,3,2,239,0,0,1,Antigripales,0.25,Pediatría
77,MED-1076,Pediatría,Sanofi,Barranquilla,Alta (Invierno),Manual,73281.71,48516.64,24765.07,24,61,308,2.32,3.46,51,0,13,92,0,0,1,Pediatría,0.5,Pediatría
78,MED-1077,Pediatría,Pfizer,Cartagena,Normal,Automático (ML),42668.37,36007.21,6661.16,360,58,255,17.17,1.31,500,2,13,389,1,1,0,Pediatría,0.75,Pediatría
79,MED-1078,Higiene Personal,La Santé,Bogotá,Promoción,Automático (ML),60746.96,39635.96,21111.0,210,71,152,19.26,6.44,583,1,13,315,0,1,1,Gastrointestinales,0.5,Higiene Personal
80,MED-1079,Diabetes,MK,Barranquilla,Alta (Invierno),Proveedor Programado,43628.88,32006.76,11622.12,112,47,415,5.02,3.68,173,1,7,672,1,1,1,Pediatría,0.75,Pediatría
81,MED-1080,Cardiovasculares,Roche,Cali,Alta (Epidemia),Manual,52587.96,36926.4,15661.56,86,64,401,28.92,6.76,853,1,1,342,0,1,1,Dermatológicos,0.5,Cardiovasculares
82,MED-1081,Antigripales,Abbott,Cartagena,Promoción,Automático (ML),11016.36,8812.86,2203.5,66,60,206,22.71,7.35,666,5,3,125,0,1,1,Cardiovasculares,0.5,Antigripales
83,MED-1082,Vitaminas,Abbott,Medellín,Alta (Epidemia),Automático (ML),34292.21,23352.91,10939.3,465,16,395,4.33,2.47,136,3,3,653,1,1,1,Pediatría,0.75,Pediatría
84,MED-1083,Higiene Personal,Bayer,Cartagena,Alta (Invierno),Manual,22975.6,15966.28,7009.32,470,21,90,25.34,4.39,735,1,14,255,0,1,1,Pediatría,0.5,Higiene Personal
85,MED-1084,Higiene Personal,Genfar,Barranquilla,Promoción,Automático (ML),78040.14,62037.2,16002.94,80,39,208,39.43,4.98,1216,2,1,144,0,0,1,Antigripales,0.25,Higiene Personal
86,MED-1085,Antigripales,Sanofi,Medellín,Alta (Epidemia),Proveedor Programado,52669.17,37154.2,15514.97,153,67,145,7.7,3.09,232,1,11,867,1,1,1,Pediatría,0.5,Antigripales
87,MED-1086,Cardiovasculares,Novartis,Cali,Alta (Epidemia),Proveedor Programado,47391.77,31682.05,15709.72,16,46,248,20.4,7.34,617,2,5,371,1,1,1,Pediatría,0.5,Cardiovasculares
88,MED-1087,Dermatológicos,Genfar,Bogotá,Alta (Invierno),Automático (ML),73409.72,51731.29,21678.43,475,71,242,17.46,3.86,543,0,6,392,0,0,0,Pediatría,0.5,Dermatológicos
89,MED-1088,Antigripales,Abbott,Cali,Alta (Epidemia),Manual,9955.95,7892.54,2063.41,28,30,346,12.26,3.88,379,3,1,216,0,1,0,Cardiovasculares,0.5,Antigripales
90,MED-1089,Gastrointestinales,MK,Cali,Normal,Proveedor Programado,19550.41,11882.66,7667.75,147,71,321,31.07,1.51,897,3,9,325,0,1,0,Pediatría,0.5,Gastrointestinales
91,MED-1090,Analgésicos,Novartis,Cali,Alta (Invierno),Proveedor Programado,21972.96,17683.3,4289.66,228,53,204,24.02,3.93,694,4,12,846,1,0,0,Cardiovasculares,0.5,Analgésicos
92,MED-1091,Pediatría,Tecnoquímicas,Barranquilla,Promoción,Automático (ML),56305.3,45736.73,10568.57,24,21,213,28.03,0.99,836,0,10,76,1,0,0,Pediatría,0.5,Pediatría
93,MED-1092,Dermatológicos,Abbott,Bogotá,Normal,Automático (ML),48296.31,41044.06,7252.25,281,16,335,5.7,7.44,167,2,3,717,1,0,0,Pediatría,0.5,Dermatológicos
94,MED-1093,Vitaminas,MK,Cartagena,Alta (Epidemia),Manual,38046.06,27796.78,10249.28,102,26,89,24.25,2.69,708,0,12,842,0,0,1,Pediatría,0.5,Vitaminas
95,MED-1094,Pediatría,Roche,Cartagena,Alta (Invierno),Proveedor Programado,56614.24,38778.98,17835.26,182,48,112,32.36,5.61,988,1,6,426,1,1,1,Antigripales,0.25,Pediatría
96,MED-1095,Dermatológicos,Roche,Barranquilla,Alta (Epidemia),Proveedor Programado,4878.86,3988.59,890.27,413,22,212,15.97,9.36,484,0,11,68,0,0,0,Pediatría,0.75,Pediatría
97,MED-1096,Antigripales,Tecnoquímicas,Bogotá,Alta (Invierno),Manual,7056.66,4390.2,2666.46,317,66,387,35.07,9.85,1086,0,10,388,0,0,0,Dermatológicos,0.25,Antigripales
98,MED-1097,Analgésicos,Sanofi,Barranquilla,Promoción,Automático (ML),38982.93,26284.27,12698.66,497,77,272,10.11,0.9,306,0,1,614,0,0,1,Pediatría,0.5,Analgésicos
99,MED-1098,Dermatológicos,Abbott,Bogotá,Alta (Invierno),Automático (ML),33155.52,20924.76,12230.76,186,46,156,11.1,6.09,337,3,7,469,0,1,0,Cardiovasculares,0.75,Cardiovasculares
100,MED-1099,Higiene Personal,Genfar,Medellín,Alta (Epidemia),Manual,33921.68,27458.12,6463.56,309,66,333,2.43,9.59,91,2,8,803,0,0,0,Pediatría,0.75,Pediatría
101,MED-1100,Dermatológicos,Roche,Cartagena,Alta (Epidemia),Automático (ML),42906.05,32150.3,10755.75,240,70,297,20.16,9.97,649,1,3,189,0,1,1,Antigripales,0.5,Dermatológicos
102,MED-1101,Cardiovasculares,Tecnoquímicas,Cartagena,Promoción,Automático (ML),71908.95,58608.07,13300.88,266,65,437,11.65,5.03,336,4,3,767,0,0,1,Pediatría,0.5,Cardiovasculares
103,MED-1102,Gastrointestinales,Roche,Cali,Normal,Manual,34450.9,23880.4,10570.5,327,14,239,20.34,1.27,599,2,12,717,0,0,1,Pediatría,0.75,Pediatría
104,MED-1103,Pediatría,Bayer,Medellín,Promoción,Proveedor Programado,48615.4,39192.29,9423.11,55,49,138,23.06,3.04,696,6,6,245,1,1,0,Pediatría,0.75,Pediatría
105,MED-1104,Pediatría,Sanofi,Barranquilla,Normal,Automático (ML),55370.84,41785.76,13585.08,421,69,125,35.38,9.63,1058,2,9,60,1,1,1,Gastrointestinales,0.25,Pediatría
106,MED-1105,Gastrointestinales,Pfizer,Medellín,Alta (Epidemia),Automático (ML),65983.46,53316.85,12666.61,476,21,365,8.53,1.3,258,1,11,142,1,1,1,Dermatológicos,0.25,Gastrointestinales
107,MED-1106,Higiene Personal,Bayer,Barranquilla,Normal,Automático (ML),32005.54,19275.92,12729.62,364,44,419,12.05,0.68,354,0,9,253,1,1,0,Pediatría,0.75,Pediatría
108,MED-1107,Cardiovasculares,Novartis,Bogotá,Promoción,Automático (ML),61034.81,48657.06,12377.75,403,77,345,7.49,7.82,246,0,1,734,0,0,1,Pediatría,0.5,Cardiovasculares
109,MED-1108,Pediatría,Abbott,Barranquilla,Normal,Manual,8751.47,7115.85,1635.62,269,73,297,38.79,7.62,1151,3,3,410,1,0,1,Dermatológicos,0.5,Pediatría
110,MED-1109,Diabetes,Abbott,Bogotá,Normal,Proveedor Programado,3079.27,1969.92,1109.35,225,38,91,17.62,4.79,525,2,7,300,0,0,1,Pediatría,1.0,Pediatría
111,MED-1110,Higiene Personal,Bayer,Cartagena,Promoción,Manual,9343.34,7195.54,2147.8,21,36,280,38.08,1.94,1105,2,12,50,0,0,1,Pediatría,1.0,Pediatría
112,MED-1111,Antibióticos,MK,Barranquilla,Alta (Epidemia),Proveedor Programado,18427.65,15055.96,3371.69,279,21,344,34.71,5.0,1029,0,8,89,1,1,1,Pediatría,0.75,Pediatría
113,MED-1112,Diabetes,Genfar,Barranquilla,Alta (Invierno),Automático (ML),69883.98,55498.31,14385.67,78,36,259,21.68,0.67,647,0,13,722,0,0,0,Gastrointestinales,0.5,Diabetes
114,MED-1113,Dermatológicos,Sanofi,Cali,Alta (Epidemia),Manual,49071.2,36893.03,12178.17,339,18,233,9.8,2.03,267,1,6,530,1,1,1,Dermatológicos,0.75,Dermatológicos
115,MED-1114,Vitaminas,Abbott,Cartagena,Promoción,Automático (ML),26897.87,19199.84,7698.03,71,30,353,27.54,4.26,850,4,6,573,1,1,1,Cardiovasculares,0.5,Vitaminas
116,MED-1115,Gastrointestinales,Genfar,Medellín,Promoción,Manual,10915.02,8106.87,2808.15,462,63,198,9.2,3.79,290,1,8,271,1,0,1,Pediatría,0.5,Gastrointestinales
117,MED-1116,Diabetes,Sanofi,Barranquilla,Alta (Invierno),Automático (ML),9765.72,6715.46,3050.26,416,35,187,6.18,5.89,173,0,14,151,0,0,1,Pediatría,0.5,Diabetes
118,MED-1117,Antibióticos,Abbott,Bogotá,Promoción,Manual,11051.72,8389.44,2662.28,450,15,73,37.51,0.99,1136,5,9,399,0,1,0,Pediatría,0.5,Antibióticos
119,MED-1118,Antibióticos,Abbott,Cali,Alta (Epidemia),Proveedor Programado,53883.15,39779.26,14103.89,389,67,138,18.64,6.61,551,0,9,729,1,0,1,Pediatría,0.5,Antibióticos
120,MED-1119,Higiene Personal,Sanofi,Cali,Promoción,Proveedor Programado,22026.95,14094.74,7932.21,300,28,132,19.34,7.57,584,1,13,660,0,0,0,Pediatría,0.75,Pediatría
121,MED-1120,Dermatológicos,Genfar,Bogotá,Promoción,Manual,15448.79,9349.84,6098.95,210,31,117,39.86,9.76,1168,1,3,743,0,1,0,Pediatría,0.5,Dermatológicos
122,MED-1121,Dermatológicos,Bayer,Bogotá,Alta (Epidemia),Manual,67714.84,43577.77,24137.07,212,40,113,17.59,3.79,518,1,12,411,1,1,1,Dermatológicos,0.25,Dermatológicos
123,MED-1122,Cardiovasculares,MK,Medellín,Promoción,Proveedor Programado,69761.43,51949.16,17812.27,419,75,459,36.13,4.51,1099,0,10,784,0,0,0,Gastrointestinales,0.5,Cardiovasculares
124,MED-1123,Antibióticos,Roche,Barranquilla,Alta (Invierno),Automático (ML),50968.43,38628.47,12339.96,398,35,92,16.81,6.22,507,1,10,555,0,0,1,Dermatológicos,0.25,Antibióticos
125,MED-1124,Dermatológicos,Abbott,Cali,Normal,Automático (ML),68787.65,49738.25,19049.4,317,69,229,24.12,6.0,728,1,4,159,1,0,0,Antigripales,0.25,Dermatológicos
126,MED-1125,Diabetes,La Santé,Cartagena,Alta (Epidemia),Proveedor Programado,69064.94,41594.89,27470.05,448,49,262,38.82,4.81,1150,0,11,39,1,1,1,Gastrointestinales,0.25,Diabetes
127,MED-1126,Dermatológicos,Genfar,Barranquilla,Promoción,Manual,16071.36,11731.18,4340.18,265,10,192,10.7,6.36,314,0,1,342,0,1,1,Pediatría,0.75,Pediatría
128,MED-1127,Pediatría,Tecnoquímicas,Cali,Normal,Proveedor Programado,59702.96,45729.55,13973.41,164,58,227,32.42,6.06,965,1,6,649,1,1,0,Antigripales,0.25,Pediatría
129,MED-1128,Pediatría,Bayer,Cartagena,Promoción,Automático (ML),78975.36,49813.13,29162.23,292,29,360,2.53,1.66,72,1,6,514,0,1,0,Dermatológicos,0.5,Pediatría
130,MED-1129,Antigripales,Roche,Cali,Alta (Invierno),Proveedor Programado,14422.43,12210.86,2211.57,215,52,227,38.12,6.57,1152,2,9,68,0,0,1,Pediatría,0.75,Pediatría
131,MED-1130,Diabetes,Bayer,Cartagena,Alta (Epidemia),Proveedor Programado,54348.55,34506.59,19841.96,383,54,411,28.48,2.42,841,1,7,37,0,0,1,Gastrointestinales,0.25,Diabetes
132,MED-1131,Gastrointestinales,Sanofi,Medellín,Alta (Invierno),Manual,56332.2,45602.54,10729.66,217,52,215,10.52,8.39,353,0,8,617,1,1,0,Pediatría,0.5,Gastrointestinales
133,MED-1132,Dermatológicos,Abbott,Cali,Alta (Epidemia),Manual,64254.3,53309.83,10944.47,0,28,364,26.7,4.24,807,1,5,390,1,0,0,Dermatológicos,0.5,Dermatológicos
134,MED-1133,Antigripales,Sanofi,Cartagena,Alta (Epidemia),Manual,78242.41,54904.81,23337.6,175,22,144,4.53,3.24,120,3,11,353,1,0,1,Dermatológicos,0.25,Antigripales
135,MED-1134,Higiene Personal,Pfizer,Barranquilla,Alta (Epidemia),Proveedor Programado,72405.93,59334.69,13071.24,278,10,403,12.58,6.67,404,1,5,684,1,1,1,Cardiovasculares,0.5,Higiene Personal
136,MED-1135,Antibióticos,Genfar,Barranquilla,Normal,Proveedor Programado,45234.48,33886.12,11348.36,223,44,195,3.85,6.23,147,2,14,871,1,0,0,Pediatría,0.5,Antibióticos
137,MED-1136,Diabetes,Tecnoquímicas,Barranquilla,Normal,Manual,76263.85,61910.37,14353.48,411,35,237,15.83,4.29,426,3,5,329,0,0,1,Dermatológicos,0.5,Diabetes
138,MED-1137,Diabetes,Pfizer,Bogotá,Alta (Invierno),Proveedor Programado,66324.29,46938.73,19385.56,335,56,222,36.02,2.81,1069,0,11,80,0,1,1,Gastrointestinales,0.25,Diabetes
139,MED-1138,Gastrointestinales,Novartis,Barranquilla,Alta (Invierno),Automático (ML),74951.57,51559.61,23391.96,289,77,178,27.13,9.33,797,4,12,320,0,1,1,Pediatría,0.5,Gastrointestinales
140,MED-1139,Dermatológicos,Bayer,Cali,Alta (Invierno),Automático (ML),12488.14,10176.01,2312.13,38,22,230,28.65,1.52,862,2,10,474,1,0,1,Pediatría,0.75,Pediatría
141,MED-1140,Antibióticos,La Santé,Cartagena,Alta (Epidemia),Manual,65061.43,47986.49,17074.94,375,54,150,38.1,6.22,1137,0,6,306,1,1,0,Gastrointestinales,0.25,Antibióticos
142,MED-1141,Antibióticos,Abbott,Bogotá,Alta (Invierno),Proveedor Programado,50045.54,35169.86,14875.68,124,51,172,31.03,5.79,938,1,11,322,0,0,1,Gastrointestinales,0.5,Antibióticos
143,MED-1142,Antigripales,MK,Cartagena,Alta (Invierno),Manual,68540.42,52629.18,15911.24,344,27,240,6.84,4.53,215,2,5,716,0,0,0,Cardiovasculares,0.5,Antigripales
144,MED-1143,Gastrointestinales,MK,Cartagena,Normal,Automático (ML),27044.93,17783.71,9261.22,454,41,101,10.05,4.21,294,2,13,470,0,0,1,Pediatría,0.75,Pediatría
145,MED-1144,Vitaminas,Pfizer,Bogotá,Alta (Invierno),Manual,56526.13,39629.32,16896.81,373,48,338,1.62,3.74,15,2,14,560,1,0,1,Pediatría,0.5,Vitaminas
146,MED-1145,Analgésicos,MK,Cali,Normal,Manual,52687.32,39459.52,13227.8,72,17,136,14.84,1.16,466,0,1,857,1,0,0,Dermatológicos,0.5,Analgésicos
147,MED-1146,Diabetes,Abbott,Cali,Normal,Automático (ML),64627.45,42552.52,22074.93,148,17,296,24.12,6.96,696,0,12,410,0,0,1,Gastrointestinales,0.5,Diabetes
148,MED-1147,Diabetes,Bayer,Bogotá,Promoción,Automático (ML),32142.68,22202.11,9940.57,290,39,204,3.35,5.84,96,0,4,482,1,0,1,Pediatría,0.75,Pediatría
149,MED-1148,Diabetes,Pfizer,Bogotá,Alta (Epidemia),Proveedor Programado,56130.38,36497.85,19632.53,207,71,278,18.56,7.68,578,1,1,429,0,0,0,Cardiovasculares,0.5,Diabetes
150,MED-1149,Dermatológicos,Roche,Cartagena,Alta (Epidemia),Automático (ML),33747.33,21534.31,12213.02,4,74,244,27.19,1.38,827,1,6,485,1,1,1,Antigripales,0.25,Dermatológicos
151,MED-1150,Antibióticos,Pfizer,Cartagena,Alta (Invierno),Automático (ML),66607.21,52986.5,13620.71,225,23,364,12.82,3.0,347,1,2,390,1,0,1,Cardiovasculares,0.5,Antibióticos
152,MED-1151,Gastrointestinales,Abbott,Barranquilla,Promoción,Proveedor Programado,49245.76,35896.21,13349.55,418,31,223,39.69,8.59,1200,1,10,41,0,1,1,Pediatría,0.5,Gastrointestinales
153,MED-1152,Gastrointestinales,Tecnoquímicas,Cali,Alta (Invierno),Proveedor Programado,65943.63,45841.1,20102.53,215,39,222,6.51,2.51,186,4,14,102,1,0,0,Dermatológicos,0.25,Gastrointestinales
154,MED-1153,Antibióticos,Pfizer,Barranquilla,Normal,Proveedor Programado,27157.03,20411.03,6746.0,320,63,350,7.82,5.27,223,1,9,54,1,0,0,Pediatría,0.75,Pediatría
155,MED-1154,Pediatría,Novartis,Cartagena,Alta (Epidemia),Proveedor Programado,39824.02,28933.22,10890.8,78,77,299,22.43,9.68,687,0,12,682,0,1,1,Dermatológicos,0.5,Pediatría
156,MED-1155,Cardiovasculares,Bayer,Cali,Alta (Epidemia),Automático (ML),4361.96,3274.25,1087.71,150,40,94,31.45,4.87,934,1,2,411,0,0,0,Pediatría,0.5,Cardiovasculares
157,MED-1156,Diabetes,Genfar,Bogotá,Alta (Epidemia),Proveedor Programado,56517.71,47809.45,8708.26,82,18,166,3.91,7.94,109,4,14,292,1,0,1,Cardiovasculares,0.5,Diabetes
158,MED-1157,Pediatría,Genfar,Barranquilla,Normal,Proveedor Programado,51039.98,37349.03,13690.95,230,59,171,31.89,4.35,960,1,13,512,1,0,0,Gastrointestinales,0.5,Pediatría
159,MED-1158,Dermatológicos,Tecnoquímicas,Cali,Alta (Epidemia),Manual,66720.42,52269.02,14451.4,85,14,246,17.23,5.07,534,0,6,771,0,0,1,Dermatológicos,0.25,Dermatológicos
160,MED-1159,Antibióticos,MK,Bogotá,Normal,Proveedor Programado,44218.88,28910.32,15308.56,212,62,449,3.52,0.91,89,2,1,526,0,1,1,Pediatría,0.75,Pediatría
161,MED-1160,Diabetes,La Santé,Medellín,Alta (Epidemia),Automático (ML),10552.36,7619.44,2932.92,195,43,144,10.5,6.69,335,2,3,774,1,0,0,Pediatría,0.75,Pediatría
162,MED-1161,Vitaminas,MK,Cartagena,Normal,Proveedor Programado,10865.51,8308.56,2556.95,424,10,189,18.07,2.92,548,0,10,271,0,1,1,Pediatría,0.75,Pediatría
163,MED-1162,Cardiovasculares,Abbott,Cartagena,Promoción,Automático (ML),72435.67,51818.26,20617.41,202,43,356,35.91,6.55,1053,3,1,884,1,0,0,Pediatría,0.75,Pediatría
164,MED-1163,Gastrointestinales,Sanofi,Bogotá,Alta (Epidemia),Proveedor Programado,9528.99,7423.85,2105.14,108,60,261,2.39,5.33,72,5,8,855,1,1,0,Pediatría,0.75,Pediatría
165,MED-1164,Antigripales,Sanofi,Cartagena,Normal,Manual,34734.08,25613.05,9121.03,351,17,386,17.55,1.28,546,2,12,366,0,1,0,Pediatría,0.75,Pediatría
166,MED-1165,Vitaminas,Tecnoquímicas,Cali,Alta (Epidemia),Manual,12346.75,9306.4,3040.35,77,50,316,21.68,0.9,635,3,2,807,0,1,1,Pediatría,0.75,Pediatría
167,MED-1166,Vitaminas,MK,Barranquilla,Alta (Invierno),Proveedor Programado,47846.54,37656.1,10190.44,287,41,316,6.0,3.71,168,1,8,431,1,0,1,Pediatría,0.75,Pediatría
168,MED-1167,Analgésicos,Sanofi,Bogotá,Promoción,Manual,50196.35,41952.55,8243.8,413,53,390,20.35,0.62,584,4,5,151,1,1,1,Pediatría,0.75,Pediatría
169,MED-1168,Cardiovasculares,Tecnoquímicas,Bogotá,Promoción,Manual,61138.23,43722.08,17416.15,391,55,342,31.28,6.73,944,1,11,285,1,0,1,Gastrointestinales,0.25,Cardiovasculares
170,MED-1169,Gastrointestinales,Pfizer,Barranquilla,Normal,Manual,15690.74,9931.17,5759.57,462,61,393,38.64,5.14,1159,1,7,117,1,1,0,Dermatológicos,0.25,Gastrointestinales
171,MED-1170,Cardiovasculares,Tecnoquímicas,Cali,Alta (Invierno),Automático (ML),61380.25,48236.03,13144.22,2,72,239,23.04,7.04,716,0,7,137,0,0,0,Antigripales,0.25,Cardiovasculares
172,MED-1171,Higiene Personal,Novartis,Medellín,Alta (Epidemia),Automático (ML),38539.93,23213.87,15326.06,128,14,66,39.68,1.44,1203,0,10,895,0,0,0,Pediatría,0.5,Higiene Personal
173,MED-1172,Vitaminas,Tecnoquímicas,Medellín,Alta (Invierno),Proveedor Programado,45741.54,35827.88,9913.66,230,36,151,14.86,7.95,450,1,4,627,0,0,0,Pediatría,0.75,Pediatría
174,MED-1173,Diabetes,Abbott,Cartagena,Promoción,Proveedor Programado,60715.0,47944.76,12770.24,19,25,317,33.84,4.97,1019,0,3,130,1,1,0,Dermatológicos,0.5,Diabetes
175,MED-1174,Diabetes,Pfizer,Barranquilla,Promoción,Proveedor Programado,32673.94,24859.68,7814.26,393,33,309,6.38,6.8,183,2,6,434,1,1,0,Pediatría,1.0,Pediatría
176,MED-1175,Gastrointestinales,Novartis,Bogotá,Alta (Epidemia),Automático (ML),58702.17,36749.57,21952.6,185,64,367,19.98,6.19,575,0,3,188,1,0,0,Dermatológicos,0.5,Gastrointestinales
177,MED-1176,Gastrointestinales,Tecnoquímicas,Bogotá,Normal,Proveedor Programado,27802.32,21105.37,6696.95,210,31,232,14.04,7.96,422,1,6,146,1,1,0,Pediatría,0.75,Pediatría
178,MED-1177,Diabetes,Roche,Medellín,Alta (Epidemia),Proveedor Programado,28270.84,20030.03,8240.81,145,72,237,3.44,8.11,132,3,11,854,1,0,0,Cardiovasculares,0.5,Diabetes
179,MED-1178,Diabetes,Pfizer,Cali,Normal,Proveedor Programado,63495.17,39975.55,23519.62,197,56,183,30.14,7.53,910,1,10,429,0,0,0,Gastrointestinales,0.25,Diabetes
180,MED-1179,Diabetes,Abbott,Cartagena,Alta (Invierno),Automático (ML),56919.4,42487.63,14431.77,117,79,465,37.26,7.93,1090,1,3,455,1,1,1,Dermatológicos,0.5,Diabetes
181,MED-1180,Cardiovasculares,La Santé,Cartagena,Normal,Proveedor Programado,32022.39,22909.88,9112.51,467,58,181,37.56,7.21,1128,0,10,289,1,0,1,Dermatológicos,0.5,Cardiovasculares
182,MED-1181,Antibióticos,Novartis,Barranquilla,Alta (Epidemia),Automático (ML),7410.58,4863.61,2546.97,363,69,175,30.3,6.74,911,0,4,754,0,1,0,Dermatológicos,0.5,Antibióticos
183,MED-1182,Pediatría,MK,Cali,Alta (Epidemia),Proveedor Programado,7393.21,4957.49,2435.72,219,16,228,11.75,7.98,331,2,10,877,1,0,0,Pediatría,1.0,Pediatría
184,MED-1183,Dermatológicos,Novartis,Barranquilla,Alta (Epidemia),Manual,68687.9,42011.25,26676.65,337,66,136,21.76,4.41,614,1,7,99,0,1,1,Diabetes,0.5,Dermatológicos
185,MED-1184,Analgésicos,La Santé,Cali,Alta (Invierno),Manual,54111.81,45499.84,8611.97,142,57,305,16.34,8.36,506,0,8,171,1,1,0,Pediatría,0.5,Analgésicos
186,MED-1185,Antigripales,MK,Medellín,Normal,Automático (ML),46530.43,33315.0,13215.43,344,21,231,6.9,2.64,181,3,10,356,0,0,1,Dermatológicos,0.5,Antigripales
187,MED-1186,Pediatría,MK,Cartagena,Promoción,Manual,34106.3,25089.84,9016.46,422,58,124,24.9,2.65,725,1,2,606,0,0,0,Pediatría,0.5,Pediatría
188,MED-1187,Diabetes,Bayer,Barranquilla,Alta (Epidemia),Proveedor Programado,10512.31,8572.75,1939.56,434,48,183,12.33,7.98,365,1,6,600,0,1,1,Pediatría,0.5,Diabetes
189,MED-1188,Diabetes,Genfar,Cartagena,Alta (Invierno),Automático (ML),63543.42,41324.89,22218.53,390,30,99,22.25,7.71,648,2,4,243,1,0,1,Dermatológicos,0.25,Diabetes
190,MED-1189,Pediatría,Abbott,Barranquilla,Alta (Epidemia),Automático (ML),60806.17,44965.87,15840.3,65,34,331,19.09,9.14,581,1,1,583,1,0,0,Antigripales,0.25,Pediatría
191,MED-1190,Pediatría,MK,Cali,Normal,Proveedor Programado,53572.07,43153.68,10418.39,177,52,298,38.61,2.44,1176,3,10,37,1,1,0,Pediatría,0.75,Pediatría
192,MED-1191,Higiene Personal,Pfizer,Cali,Normal,Manual,73461.94,53866.5,19595.44,41,69,386,7.48,6.33,211,1,13,288,1,1,0,Pediatría,0.5,Higiene Personal
193,MED-1192,Cardiovasculares,Pfizer,Medellín,Promoción,Automático (ML),42042.93,31512.36,10530.57,7,41,266,6.93,4.68,208,4,6,395,0,1,0,Cardiovasculares,0.75,Cardiovasculares
194,MED-1193,Cardiovasculares,Novartis,Cali,Alta (Invierno),Automático (ML),15778.53,12946.0,2832.53,222,68,364,6.06,7.03,210,0,3,382,0,1,0,Pediatría,0.5,Cardiovasculares
195,MED-1194,Analgésicos,La Santé,Bogotá,Alta (Epidemia),Manual,66367.8,43300.89,23066.91,132,70,384,32.94,5.64,982,2,3,601,0,0,1,Dermatológicos,0.5,Analgésicos
196,MED-1195,Diabetes,MK,Barranquilla,Promoción,Proveedor Programado,41054.36,33133.43,7920.93,475,39,365,5.4,1.33,122,0,1,704,0,0,0,Pediatría,0.5,Diabetes
197,MED-1196,Dermatológicos,Genfar,Medellín,Promoción,Manual,29791.49,21229.05,8562.44,313,66,394,25.22,3.85,764,1,5,649,1,0,1,Dermatológicos,0.5,Dermatológicos
198,MED-1197,Antibióticos,Bayer,Medellín,Promoción,Proveedor Programado,55065.67,37514.92,17550.75,423,37,133,7.82,8.63,234,2,12,30,1,0,0,Dermatológicos,0.25,Antibióticos
199,MED-1198,Diabetes,Roche,Cartagena,Normal,Proveedor Programado,56449.59,41104.54,15345.05,293,24,264,3.67,7.75,116,1,5,331,0,0,1,Dermatológicos,0.25,Diabetes
200,MED-1199,Cardiovasculares,Bayer,Cartagena,Alta (Epidemia),Manual,7550.23,6226.76,1323.47,114,15,315,1.01,2.11,34,2,2,587,1,0,0,Pediatría,0.75,Pediatría
201,MED-1200,Higiene Personal,La Santé,Bogotá,Normal,Automático (ML),32290.84,27259.93,5030.91,333,34,427,2.06,9.68,78,3,6,112,1,0,1,Cardiovasculares,0.5,Higiene Personal
202,MED-1201,Gastrointestinales,Tecnoquímicas,Bogotá,Alta (Epidemia),Manual,44016.04,33398.15,10617.89,499,23,192,28.44,5.64,863,1,8,494,1,0,0,Pediatría,0.75,Pediatría
203,MED-1202,Pediatría,La Santé,Medellín,Normal,Automático (ML),39095.13,26401.58,12693.55,202,62,338,9.83,7.44,287,2,9,737,1,0,1,Pediatría,0.75,Pediatría
204,MED-1203,Diabetes,MK,Medellín,Normal,Proveedor Programado,43911.37,35547.92,8363.45,431,39,356,23.73,9.96,727,1,2,498,1,0,1,Antigripales,0.5,Diabetes
205,MED-1204,Antigripales,Bayer,Medellín,Normal,Automático (ML),67015.76,50244.71,16771.05,416,70,443,34.87,1.11,992,1,1,37,1,1,1,Dermatológicos,0.5,Antigripales
206,MED-1205,Dermatológicos,Bayer,Medellín,Alta (Epidemia),Automático (ML),62588.73,46971.64,15617.09,25,61,203,7.65,9.51,243,3,6,817,0,1,1,Pediatría,0.5,Dermatológicos
207,MED-1206,Antibióticos,La Santé,Barranquilla,Promoción,Proveedor Programado,21032.2,16756.09,4276.11,66,75,286,19.44,9.85,601,0,8,116,1,1,1,Dermatológicos,0.25,Antibióticos
208,MED-1207,Vitaminas,Abbott,Barranquilla,Alta (Epidemia),Proveedor Programado,6061.98,4552.66,1509.32,282,17,159,19.45,6.41,579,1,14,320,1,0,1,Pediatría,0.75,Pediatría
209,MED-1208,Antibióticos,Sanofi,Cartagena,Alta (Invierno),Proveedor Programado,48496.79,35608.86,12887.93,48,55,294,33.5,8.52,957,0,1,631,1,1,0,Dermatológicos,0.5,Antibióticos
210,MED-1209,Antibióticos,La Santé,Cali,Alta (Epidemia),Automático (ML),33553.36,20504.36,13049.0,232,18,411,4.4,6.36,103,1,8,818,1,0,1,Pediatría,0.75,Pediatría
211,MED-1210,Gastrointestinales,Abbott,Bogotá,Alta (Epidemia),Proveedor Programado,70315.13,50865.03,19450.1,266,28,410,37.25,2.07,1129,1,8,649,1,1,0,Gastrointestinales,0.5,Gastrointestinales
212,MED-1211,Antibióticos,Sanofi,Cali,Alta (Invierno),Manual,54944.8,37042.79,17902.01,89,78,135,34.65,0.52,1046,0,14,460,0,1,0,Gastrointestinales,0.5,Antibióticos
213,MED-1212,Vitaminas,Pfizer,Medellín,Alta (Epidemia),Automático (ML),49492.25,38190.57,11301.68,449,77,287,18.79,4.01,594,0,3,780,1,0,0,Pediatría,0.5,Vitaminas
214,MED-1213,Diabetes,La Santé,Cali,Promoción,Manual,9173.86,6317.97,2855.89,422,11,345,27.47,3.94,814,1,11,295,0,1,1,Pediatría,0.5,Diabetes
215,MED-1214,Gastrointestinales,Tecnoquímicas,Medellín,Normal,Manual,11911.8,7606.64,4305.16,258,79,283,29.9,5.53,863,2,3,379,0,1,1,Dermatológicos,0.5,Gastrointestinales
216,MED-1215,Higiene Personal,Pfizer,Cali,Alta (Epidemia),Proveedor Programado,12471.25,9224.49,3246.76,222,34,362,32.85,1.14,972,2,5,467,1,0,1,Pediatría,0.75,Pediatría
217,MED-1216,Diabetes,Genfar,Bogotá,Alta (Invierno),Manual,44775.15,36511.25,8263.9,29,69,406,33.07,8.65,990,2,9,92,1,0,1,Dermatológicos,0.5,Diabetes
218,MED-1217,Antibióticos,La Santé,Cali,Normal,Proveedor Programado,52722.02,32223.41,20498.61,320,74,170,7.02,0.74,203,1,12,448,1,1,0,Pediatría,0.5,Antibióticos
219,MED-1218,Vitaminas,La Santé,Cartagena,Alta (Invierno),Manual,34541.42,23412.33,11129.09,293,73,447,21.71,8.5,632,0,8,233,0,0,0,Dermatológicos,0.5,Vitaminas
220,MED-1219,Diabetes,Bayer,Cali,Alta (Epidemia),Automático (ML),77845.94,51154.26,26691.68,343,68,184,38.6,4.15,1160,0,11,459,0,0,0,Gastrointestinales,0.5,Diabetes
221,MED-1220,Dermatológicos,Sanofi,Barranquilla,Promoción,Automático (ML),32874.98,21040.19,11834.79,305,15,379,6.74,5.13,193,1,10,514,0,0,1,Pediatría,0.75,Pediatría
222,MED-1221,Antibióticos,Abbott,Barranquilla,Alta (Epidemia),Manual,37197.83,31570.34,5627.49,200,38,164,24.67,1.94,761,4,1,138,0,0,1,Cardiovasculares,0.5,Antibióticos
223,MED-1222,Higiene Personal,Bayer,Bogotá,Alta (Invierno),Automático (ML),15961.95,10562.45,5399.5,342,60,151,33.25,7.24,1038,1,10,526,0,0,1,Dermatológicos,0.5,Higiene Personal
224,MED-1223,Antigripales,La Santé,Cartagena,Alta (Epidemia),Manual,44951.73,28828.02,16123.71,446,33,207,18.32,6.45,551,2,11,464,1,0,1,Dermatológicos,0.25,Antigripales
225,MED-1224,Vitaminas,Tecnoquímicas,Cartagena,Normal,Proveedor Programado,28088.38,22418.19,5670.19,274,46,436,6.77,8.6,236,1,5,193,0,0,0,Pediatría,0.5,Vitaminas
226,MED-1225,Pediatría,Roche,Cali,Normal,Manual,5924.58,4659.47,1265.11,486,14,247,11.75,8.83,383,0,12,611,0,0,1,Pediatría,0.5,Pediatría
227,MED-1226,Antigripales,Roche,Barranquilla,Normal,Automático (ML),38626.02,32648.52,5977.5,235,61,180,23.96,4.07,731,1,6,616,1,1,1,Dermatológicos,0.5,Antigripales
228,MED-1227,Antigripales,Sanofi,Cali,Promoción,Manual,40909.06,30449.42,10459.64,178,62,330,16.9,8.36,492,2,4,394,0,0,1,Cardiovasculares,0.5,Antigripales
229,MED-1228,Cardiovasculares,Abbott,Barranquilla,Alta (Invierno),Automático (ML),3243.92,2465.54,778.38,224,28,140,35.46,4.76,1078,2,13,523,0,1,1,Pediatría,0.5,Cardiovasculares
230,MED-1229,Gastrointestinales,Sanofi,Medellín,Alta (Epidemia),Proveedor Programado,70147.72,51334.56,18813.16,319,30,283,32.37,3.15,953,1,8,315,0,1,0,Gastrointestinales,0.25,Gastrointestinales
231,MED-1230,Diabetes,Pfizer,Cali,Promoción,Manual,79832.21,61407.36,18424.85,112,39,223,2.72,3.75,85,1,5,30,0,0,0,Cardiovasculares,0.5,Diabetes
232,MED-1231,Dermatológicos,Sanofi,Cartagena,Promoción,Manual,33730.71,26336.51,7394.2,461,13,137,14.6,1.55,440,1,12,714,0,1,1,Pediatría,0.75,Pediatría
233,MED-1232,Antigripales,MK,Barranquilla,Promoción,Automático (ML),10772.47,8803.65,1968.82,65,49,243,20.52,8.05,624,1,6,217,1,1,0,Pediatría,0.75,Pediatría
234,MED-1233,Antibióticos,Sanofi,Cartagena,Promoción,Manual,69481.86,48659.99,20821.87,214,64,140,1.86,6.04,40,1,7,350,0,1,0,Pediatría,0.5,Antibióticos
235,MED-1234,Analgésicos,Tecnoquímicas,Barranquilla,Promoción,Automático (ML),5592.53,3655.6,1936.93,274,66,396,5.79,8.94,217,1,7,573,0,0,1,Pediatría,0.75,Pediatría
236,MED-1235,Vitaminas,Tecnoquímicas,Cali,Promoción,Automático (ML),55561.53,36697.44,18864.09,411,62,446,22.55,5.44,650,1,13,88,0,1,0,Gastrointestinales,0.25,Vitaminas
237,MED-1236,Pediatría,Novartis,Medellín,Alta (Epidemia),Proveedor Programado,41245.55,27678.59,13566.96,337,58,186,5.01,2.3,164,3,13,183,1,0,1,Cardiovasculares,0.75,Cardiovasculares
238,MED-1237,Higiene Personal,Abbott,Cartagena,Alta (Epidemia),Proveedor Programado,75414.53,46808.2,28606.33,155,20,190,15.05,3.07,483,2,11,703,0,0,0,Dermatológicos,0.5,Higiene Personal
239,MED-1238,Cardiovasculares,La Santé,Cali,Alta (Epidemia),Manual,36403.94,30123.74,6280.2,111,65,293,4.48,7.03,162,0,10,857,0,1,0,Pediatría,0.75,Pediatría
240,MED-1239,Analgésicos,Bayer,Medellín,Alta (Epidemia),Automático (ML),15855.39,12339.64,3515.75,12,42,115,30.68,9.53,938,1,9,635,1,0,0,Pediatría,0.75,Pediatría
241,MED-1240,Gastrointestinales,Roche,Cali,Alta (Invierno),Automático (ML),51844.16,44060.62,7783.54,400,57,134,34.77,5.02,1015,0,2,797,1,1,1,Antigripales,0.25,Gastrointestinales
242,MED-1241,Pediatría,Tecnoquímicas,Barranquilla,Normal,Automático (ML),62102.71,43728.14,18374.57,396,40,105,15.48,8.76,436,2,6,129,1,0,1,Dermatológicos,0.25,Pediatría
243,MED-1242,Pediatría,Tecnoquímicas,Bogotá,Promoción,Automático (ML),13518.27,10313.22,3205.05,273,12,89,39.01,1.0,1219,0,12,517,0,0,1,Pediatría,0.5,Pediatría
244,MED-1243,Vitaminas,Novartis,Cartagena,Promoción,Manual,6311.54,4839.16,1472.38,48,63,250,22.21,1.45,646,1,10,587,0,0,0,Pediatría,0.75,Pediatría
245,MED-1244,Antigripales,Bayer,Barranquilla,Alta (Epidemia),Automático (ML),67546.43,52506.93,15039.5,397,19,231,20.22,4.34,605,3,1,809,0,1,0,Pediatría,0.5,Antigripales
246,MED-1245,Cardiovasculares,Novartis,Cartagena,Promoción,Proveedor Programado,27013.52,21435.17,5578.35,174,67,399,23.44,1.23,703,0,14,774,0,0,0,Dermatológicos,0.25,Cardiovasculares
247,MED-1246,Higiene Personal,La Santé,Barranquilla,Promoción,Automático (ML),23449.88,14172.83,9277.05,152,42,146,21.2,3.81,639,1,14,41,0,1,1,Pediatría,0.75,Pediatría
248,MED-1247,Higiene Personal,La Santé,Cali,Promoción,Manual,72189.17,57448.11,14741.06,216,54,317,6.94,9.04,209,3,13,518,0,1,1,Pediatría,0.5,Higiene Personal
249,MED-1248,Antigripales,Tecnoquímicas,Cali,Alta (Invierno),Proveedor Programado,54716.46,40793.98,13922.48,103,18,186,31.62,9.92,923,0,2,360,1,1,1,Pediatría,0.5,Antigripales
250,MED-1249,Gastrointestinales,Novartis,Cali,Alta (Epidemia),Manual,13841.83,10458.93,3382.9,393,54,442,6.73,8.21,189,2,8,97,1,1,1,Pediatría,0.5,Gastrointestinales
251,MED-1250,Vitaminas,Tecnoquímicas,Bogotá,Alta (Epidemia),Proveedor Programado,29579.8,24532.64,5047.16,215,63,300,22.01,1.08,669,1,14,271,0,1,1,Pediatría,0.75,Pediatría
252,MED-1251,Dermatológicos,Abbott,Medellín,Alta (Invierno),Proveedor Programado,6431.41,4527.14,1904.27,421,36,311,10.43,5.26,316,0,5,587,1,1,0,Pediatría,0.75,Pediatría
253,MED-1252,Antibióticos,Roche,Cartagena,Alta (Invierno),Manual,24152.19,19363.81,4788.38,209,55,327,2.71,2.07,90,2,13,549,0,0,0,Pediatría,0.5,Antibióticos
254,MED-1253,Analgésicos,Pfizer,Barranquilla,Alta (Epidemia),Proveedor Programado,76260.1,64722.31,11537.79,319,68,207,21.38,2.58,648,1,5,630,1,0,0,Pediatría,0.5,Analgésicos
255,MED-1254,Analgésicos,Novartis,Medellín,Promoción,Proveedor Programado,19474.69,11748.25,7726.44,389,13,170,31.91,9.13,957,2,2,302,1,1,0,Pediatría,0.5,Analgésicos
256,MED-1255,Dermatológicos,La Santé,Cali,Normal,Manual,39721.31,30966.05,8755.26,494,74,162,31.47,9.62,955,4,2,883,0,0,0,Pediatría,0.75,Pediatría
257,MED-1256,Cardiovasculares,MK,Bogotá,Promoción,Automático (ML),45503.25,36456.67,9046.58,468,51,352,7.94,5.39,229,2,11,819,0,1,0,Pediatría,0.75,Pediatría
258,MED-1257,Analgésicos,Tecnoquímicas,Cartagena,Normal,Automático (ML),25244.14,17657.24,7586.9,154,43,221,2.75,7.73,81,4,1,864,1,1,1,Cardiovasculares,0.5,Analgésicos
259,MED-1258,Vitaminas,Novartis,Barranquilla,Alta (Epidemia),Manual,30498.33,24303.73,6194.6,115,62,202,17.21,8.55,500,1,1,87,0,1,0,Pediatría,0.5,Vitaminas
260,MED-1259,Diabetes,Tecnoquímicas,Medellín,Normal,Proveedor Programado,55325.34,36305.74,19019.6,67,78,383,18.03,6.01,555,1,3,617,1,1,0,Pediatría,0.5,Diabetes
261,MED-1260,Vitaminas,Roche,Barranquilla,Promoción,Proveedor Programado,30184.88,24857.96,5326.92,326,35,124,16.64,7.75,470,1,7,113,1,0,1,Pediatría,0.75,Pediatría
262,MED-1261,Antibióticos,MK,Medellín,Promoción,Automático (ML),28530.48,23216.89,5313.59,411,77,397,35.3,4.87,1058,2,8,312,0,0,1,Pediatría,0.5,Antibióticos
263,MED-1262,Cardiovasculares,Genfar,Barranquilla,Alta (Epidemia),Automático (ML),62376.46,47634.57,14741.89,322,43,273,12.02,4.54,367,0,5,892,1,0,1,Pediatría,0.5,Cardiovasculares
264,MED-1263,Gastrointestinales,Genfar,Bogotá,Normal,Automático (ML),35075.57,25627.18,9448.39,356,66,253,8.82,2.43,254,2,5,346,1,0,1,Cardiovasculares,0.5,Gastrointestinales
265,MED-1264,Higiene Personal,Tecnoquímicas,Bogotá,Alta (Epidemia),Automático (ML),17716.14,12003.06,5713.08,498,45,333,17.22,7.71,499,0,10,335,0,0,0,Pediatría,0.5,Higiene Personal
266,MED-1265,Diabetes,MK,Barranquilla,Alta (Epidemia),Automático (ML),28946.28,24601.04,4345.24,227,48,113,30.42,4.24,894,1,5,782,1,0,0,Pediatría,0.5,Diabetes
267,MED-1266,Pediatría,Pfizer,Cartagena,Promoción,Proveedor Programado,61044.89,36942.4,24102.49,161,18,206,25.51,5.08,768,0,1,865,1,0,0,Pediatría,0.5,Pediatría
268,MED-1267,Analgésicos,Novartis,Cartagena,Alta (Invierno),Proveedor Programado,46127.06,36679.45,9447.61,190,60,401,38.92,4.76,1177,0,2,133,0,0,1,Antigripales,0.25,Analgésicos
269,MED-1268,Higiene Personal,Abbott,Bogotá,Alta (Invierno),Proveedor Programado,10564.09,8460.56,2103.53,494,32,248,34.17,3.77,1037,0,2,792,1,0,1,Pediatría,0.5,Higiene Personal
270,MED-1269,Analgésicos,Abbott,Medellín,Promoción,Automático (ML),12153.33,9615.47,2537.86,367,56,214,37.94,5.21,1115,0,3,503,0,1,1,Dermatológicos,0.5,Analgésicos
271,MED-1270,Analgésicos,Sanofi,Cali,Normal,Proveedor Programado,63537.84,49788.95,13748.89,401,52,179,28.44,9.72,868,3,13,788,0,0,0,Pediatría,0.5,Analgésicos
272,MED-1271,Cardiovasculares,La Santé,Bogotá,Normal,Manual,41869.26,32641.84,9227.42,389,22,311,32.2,5.75,945,0,12,621,1,0,1,Gastrointestinales,0.25,Cardiovasculares
273,MED-1272,Cardiovasculares,MK,Medellín,Promoción,Automático (ML),69627.77,44514.31,25113.46,451,53,253,13.35,8.26,414,3,9,869,1,1,1,Pediatría,0.75,Pediatría
274,MED-1273,Cardiovasculares,Pfizer,Cartagena,Alta (Invierno),Proveedor Programado,54899.53,33651.16,21248.37,112,21,196,16.24,2.32,459,3,12,430,1,0,0,Dermatológicos,0.25,Cardiovasculares
275,MED-1274,Higiene Personal,Sanofi,Cartagena,Alta (Invierno),Proveedor Programado,22029.13,15177.27,6851.86,49,28,291,13.97,1.04,407,4,7,481,0,0,0,Cardiovasculares,0.5,Higiene Personal
276,MED-1275,Dermatológicos,Abbott,Cartagena,Promoción,Proveedor Programado,75477.98,62547.3,12930.68,391,71,277,39.11,1.48,1180,2,10,354,1,0,0,Gastrointestinales,0.5,Dermatológicos
277,MED-1276,Diabetes,La Santé,Medellín,Alta (Epidemia),Manual,47828.11,31141.37,16686.74,176,12,327,21.15,7.53,671,0,2,665,0,0,1,Cardiovasculares,0.5,Diabetes
278,MED-1277,Pediatría,Bayer,Medellín,Alta (Invierno),Manual,48842.69,31407.2,17435.49,494,29,119,4.59,6.19,147,1,4,512,0,0,1,Dermatológicos,0.25,Pediatría
279,MED-1278,Pediatría,Bayer,Medellín,Normal,Automático (ML),4163.52,3502.58,660.94,206,36,351,18.58,6.88,524,0,6,774,1,0,0,Pediatría,0.75,Pediatría
280,MED-1279,Analgésicos,MK,Cartagena,Alta (Epidemia),Manual,16404.29,10322.67,6081.62,472,19,377,37.84,7.5,1138,3,5,277,1,1,0,Pediatría,0.75,Pediatría
281,MED-1280,Dermatológicos,MK,Cartagena,Alta (Invierno),Automático (ML),4185.41,3121.19,1064.22,304,18,231,37.65,2.59,1157,0,9,266,1,1,0,Pediatría,0.5,Dermatológicos
282,MED-1281,Higiene Personal,Roche,Medellín,Promoción,Proveedor Programado,54204.58,39271.77,14932.81,282,63,290,4.61,7.61,152,1,9,396,1,0,1,Pediatría,0.5,Higiene Personal
283,MED-1282,Cardiovasculares,Novartis,Cali,Promoción,Automático (ML),58705.48,35356.17,23349.31,247,26,118,25.87,2.8,783,0,4,522,0,1,1,Antigripales,0.25,Cardiovasculares
284,MED-1283,Vitaminas,Novartis,Barranquilla,Alta (Invierno),Manual,22124.97,14460.92,7664.05,68,52,391,3.44,4.86,114,2,3,859,1,0,1,Pediatría,0.75,Pediatría
285,MED-1284,Analgésicos,Novartis,Barranquilla,Promoción,Proveedor Programado,76264.78,61745.72,14519.06,37,28,241,37.38,5.67,1149,2,14,416,0,1,0,Gastrointestinales,0.5,Analgésicos
286,MED-1285,Dermatológicos,Genfar,Cali,Normal,Automático (ML),31575.7,26213.88,5361.82,389,48,381,36.7,8.67,1114,3,2,597,1,0,0,Dermatológicos,0.5,Dermatológicos
287,MED-1286,Analgésicos,Tecnoquímicas,Barranquilla,Normal,Manual,67190.52,48703.58,18486.94,113,46,430,3.5,8.34,97,1,6,541,0,0,1,Pediatría,0.5,Analgésicos
288,MED-1287,Antigripales,La Santé,Cali,Normal,Manual,7325.56,5294.72,2030.84,323,10,370,28.81,0.61,863,1,9,414,0,0,1,Pediatría,0.5,Antigripales
289,MED-1288,Antigripales,Roche,Medellín,Promoción,Manual,42764.68,34067.65,8697.03,347,30,321,35.39,8.23,1055,1,4,624,1,1,1,Antigripales,0.25,Antigripales
290,MED-1289,Diabetes,Novartis,Cali,Alta (Epidemia),Automático (ML),42655.44,31304.33,11351.11,276,70,438,3.99,8.79,107,0,13,340,1,1,1,Pediatría,0.5,Diabetes
291,MED-1290,Antibióticos,Abbott,Cali,Alta (Invierno),Automático (ML),65317.98,52031.61,13286.37,109,58,421,37.7,8.83,1152,1,5,858,1,1,0,Antigripales,0.25,Antibióticos
292,MED-1291,Pediatría,Genfar,Medellín,Normal,Automático (ML),69128.89,53176.38,15952.51,464,76,438,1.52,3.31,2,0,5,628,1,1,0,Pediatría,0.5,Pediatría
293,MED-1292,Antigripales,La Santé,Medellín,Promoción,Proveedor Programado,56434.12,37099.76,19334.36,406,54,350,1.08,7.33,7,0,6,649,0,1,1,Pediatría,0.5,Antigripales
294,MED-1293,Dermatológicos,Abbott,Barranquilla,Promoción,Manual,4472.93,2869.1,1603.83,425,19,183,9.67,5.43,291,1,12,40,1,0,0,Pediatría,0.5,Dermatológicos
295,MED-1294,Higiene Personal,Abbott,Medellín,Normal,Proveedor Programado,33109.53,21804.31,11305.22,398,37,238,25.04,5.79,788,1,1,510,0,0,0,Pediatría,0.75,Pediatría
296,MED-1295,Analgésicos,Sanofi,Medellín,Alta (Invierno),Manual,41508.68,29180.17,12328.51,245,10,152,21.77,1.6,660,0,1,274,0,0,0,Antigripales,0.25,Analgésicos
297,MED-1296,Higiene Personal,Abbott,Cali,Normal,Proveedor Programado,28964.91,18413.3,10551.61,281,26,146,5.46,7.77,174,3,3,36,1,1,0,Pediatría,0.5,Higiene Personal
298,MED-1297,Analgésicos,Novartis,Cartagena,Promoción,Manual,20086.34,15640.44,4445.9,143,34,393,29.21,5.59,902,3,1,122,0,1,1,Pediatría,0.5,Analgésicos
299,MED-1298,Analgésicos,Novartis,Barranquilla,Alta (Invierno),Manual,63949.98,45585.05,18364.93,338,28,348,19.19,1.22,570,2,14,86,0,0,0,Diabetes,0.5,Analgésicos
300,MED-1299,Antigripales,Roche,Cartagena,Alta (Epidemia),Automático (ML),52920.49,32732.72,20187.77,321,54,438,10.03,9.45,319,1,10,762,1,1,0,Pediatría,0.5,Antigripales
301,MED-1300,Gastrointestinales,Sanofi,Barranquilla,Alta (Invierno),Proveedor Programado,59151.08,44487.66,14663.42,438,71,252,19.11,7.37,586,1,10,508,0,1,0,Pediatría,0.5,Gastrointestinales
302,MED-1301,Analgésicos,Pfizer,Barranquilla,Promoción,Automático (ML),64946.09,51515.39,13430.7,206,57,242,17.62,5.71,505,2,13,859,1,0,0,Pediatría,0.5,Analgésicos
303,MED-1302,Vitaminas,Pfizer,Barranquilla,Promoción,Proveedor Programado,54679.13,41289.22,13389.91,28,68,188,26.84,3.8,809,3,6,471,1,0,0,Antigripales,0.25,Vitaminas
304,MED-1303,Antigripales,Genfar,Cartagena,Promoción,Automático (ML),51694.13,33038.71,18655.42,169,70,388,28.8,4.17,870,0,8,88,0,0,1,Gastrointestinales,0.25,Antigripales
305,MED-1304,Higiene Personal,Roche,Bogotá,Alta (Invierno),Automático (ML),49182.39,40102.26,9080.13,221,19,368,30.08,5.8,899,2,10,543,0,0,0,Pediatría,0.75,Pediatría
306,MED-1305,Cardiovasculares,Pfizer,Cali,Alta (Invierno),Proveedor Programado,45299.38,33218.62,12080.76,194,47,318,9.78,5.52,271,1,12,407,0,1,1,Pediatría,0.75,Pediatría
307,MED-1306,Cardiovasculares,MK,Bogotá,Alta (Epidemia),Manual,66430.09,40906.66,25523.43,436,13,341,39.35,7.97,1167,0,10,898,0,1,0,Gastrointestinales,0.5,Cardiovasculares
308,MED-1307,Antibióticos,La Santé,Cartagena,Promoción,Automático (ML),38727.24,25792.38,12934.86,380,30,175,10.49,5.79,323,1,8,843,0,1,1,Pediatría,0.75,Pediatría
309,MED-1308,Diabetes,Genfar,Cali,Promoción,Automático (ML),72139.78,59301.03,12838.75,231,38,191,27.0,1.4,821,6,8,360,0,1,0,Pediatría,0.75,Pediatría
310,MED-1309,Pediatría,Tecnoquímicas,Medellín,Normal,Manual,38868.58,28871.21,9997.37,399,22,362,1.87,3.92,74,1,3,537,1,0,1,Pediatría,0.75,Pediatría
311,MED-1310,Vitaminas,Sanofi,Cali,Alta (Epidemia),Manual,4107.37,3249.29,858.08,113,58,290,33.65,6.39,1028,4,3,544,0,0,1,Pediatría,0.5,Vitaminas
312,MED-1311,Diabetes,La Santé,Cali,Normal,Manual,57469.57,40073.97,17395.6,275,57,317,34.87,4.1,1052,2,2,724,0,0,1,Antigripales,0.25,Diabetes
313,MED-1312,Diabetes,Novartis,Cartagena,Promoción,Manual,37115.57,26854.49,10261.08,245,51,266,24.13,1.01,747,2,11,218,0,0,1,Pediatría,1.0,Pediatría
314,MED-1313,Higiene Personal,Pfizer,Cartagena,Alta (Epidemia),Automático (ML),41527.68,32089.31,9438.37,344,63,451,30.16,8.2,928,0,1,684,0,1,1,Dermatológicos,0.25,Higiene Personal
315,MED-1314,Cardiovasculares,Pfizer,Cartagena,Alta (Invierno),Proveedor Programado,6260.36,4663.54,1596.82,208,55,246,3.36,7.01,97,3,1,404,0,1,0,Cardiovasculares,0.5,Cardiovasculares
316,MED-1315,Vitaminas,Tecnoquímicas,Cali,Alta (Epidemia),Automático (ML),76422.2,62697.07,13725.13,321,46,325,26.06,1.25,756,0,11,840,0,0,0,Gastrointestinales,0.5,Vitaminas
317,MED-1316,Cardiovasculares,Tecnoquímicas,Barranquilla,Alta (Epidemia),Automático (ML),5444.27,3842.75,1601.52,413,64,257,27.94,6.17,817,2,13,268,0,1,1,Dermatológicos,0.25,Cardiovasculares
318,MED-1317,Antigripales,Abbott,Cartagena,Alta (Invierno),Automático (ML),18442.58,12062.49,6380.09,464,66,379,37.69,7.87,1160,1,14,305,0,0,1,Dermatológicos,0.25,Antigripales
319,MED-1318,Analgésicos,Sanofi,Cali,Promoción,Automático (ML),33489.04,25697.05,7791.99,297,38,98,31.79,4.45,940,1,10,831,1,1,1,Pediatría,0.5,Analgésicos
320,MED-1319,Pediatría,MK,Cali,Alta (Epidemia),Proveedor Programado,36761.17,26926.47,9834.7,292,49,170,18.15,3.14,543,1,8,139,0,1,1,Pediatría,0.5,Pediatría
321,MED-1320,Vitaminas,Sanofi,Cali,Alta (Epidemia),Proveedor Programado,4580.1,3694.56,885.54,27,58,232,12.8,9.77,387,0,10,115,1,0,1,Pediatría,0.75,Pediatría
322,MED-1321,Cardiovasculares,Tecnoquímicas,Barranquilla,Alta (Epidemia),Manual,78978.14,52744.88,26233.26,277,11,91,12.79,5.85,389,2,14,482,0,0,0,Dermatológicos,0.25,Cardiovasculares
323,MED-1322,Diabetes,Genfar,Barranquilla,Alta (Epidemia),Proveedor Programado,27000.12,16221.27,10778.85,315,71,463,4.21,4.87,106,1,10,854,0,1,1,Pediatría,0.75,Pediatría
324,MED-1323,Vitaminas,Tecnoquímicas,Medellín,Alta (Epidemia),Proveedor Programado,29723.8,21900.77,7823.03,459,49,204,13.24,5.61,416,3,7,554,0,1,1,Cardiovasculares,0.5,Vitaminas
325,MED-1324,Antibióticos,Abbott,Cartagena,Promoción,Proveedor Programado,40683.23,31953.03,8730.2,446,53,140,33.69,3.93,976,2,3,77,1,1,0,Pediatría,0.5,Antibióticos
326,MED-1325,Gastrointestinales,Novartis,Cartagena,Normal,Manual,18124.28,15185.63,2938.65,228,15,141,23.59,5.15,689,3,6,161,0,1,0,Pediatría,1.0,Pediatría
327,MED-1326,Pediatría,Bayer,Cartagena,Promoción,Automático (ML),13137.33,10689.53,2447.8,52,76,256,8.13,8.34,221,2,6,637,1,0,0,Pediatría,0.75,Pediatría
328,MED-1327,Antibióticos,Tecnoquímicas,Medellín,Alta (Invierno),Automático (ML),9700.33,7170.45,2529.88,286,78,317,39.55,0.74,1190,1,14,754,1,1,1,Dermatológicos,0.25,Antibióticos
329,MED-1328,Pediatría,Novartis,Medellín,Alta (Epidemia),Manual,23270.05,13965.83,9304.22,126,51,214,3.09,4.08,65,1,1,510,1,0,1,Pediatría,0.5,Pediatría
330,MED-1329,Cardiovasculares,Pfizer,Bogotá,Alta (Invierno),Automático (ML),76034.73,63577.69,12457.04,327,17,381,10.29,9.13,313,2,7,258,1,1,1,Cardiovasculares,0.5,Cardiovasculares
331,MED-1330,Antigripales,Novartis,Barranquilla,Alta (Epidemia),Automático (ML),40519.43,28667.35,11852.08,400,39,101,31.01,4.28,918,3,14,367,0,1,1,Pediatría,0.75,Pediatría
332,MED-1331,Gastrointestinales,Pfizer,Cali,Normal,Proveedor Programado,41598.22,25481.44,16116.78,179,39,401,18.09,8.47,520,0,1,73,0,0,1,Antigripales,0.25,Gastrointestinales
333,MED-1332,Antibióticos,MK,Medellín,Alta (Invierno),Proveedor Programado,37575.99,24776.47,12799.52,270,21,307,5.35,6.28,152,3,8,696,0,1,1,Pediatría,0.75,Pediatría
334,MED-1333,Diabetes,Genfar,Barranquilla,Alta (Invierno),Manual,62503.4,41204.32,21299.08,220,49,154,16.11,1.13,460,3,5,522,1,1,0,Dermatológicos,0.25,Diabetes
335,MED-1334,Pediatría,Genfar,Barranquilla,Promoción,Automático (ML),29571.45,17965.42,11606.03,114,75,187,2.62,6.55,56,1,11,302,0,0,0,Pediatría,0.5,Pediatría
336,MED-1335,Dermatológicos,Pfizer,Cartagena,Normal,Proveedor Programado,49171.32,35727.02,13444.3,213,58,406,14.25,4.83,438,1,10,317,0,1,1,Pediatría,0.5,Dermatológicos
337,MED-1336,Antigripales,Abbott,Bogotá,Alta (Epidemia),Proveedor Programado,36544.65,29185.3,7359.35,251,65,398,11.18,3.76,348,0,8,638,1,1,1,Pediatría,0.5,Antigripales
338,MED-1337,Pediatría,Sanofi,Cartagena,Normal,Automático (ML),10111.76,6478.58,3633.18,75,40,231,18.5,9.18,551,0,3,279,1,1,0,Pediatría,0.75,Pediatría
339,MED-1338,Dermatológicos,Roche,Cartagena,Normal,Proveedor Programado,7627.42,6301.71,1325.71,403,73,132,7.91,3.3,250,1,3,312,0,1,0,Pediatría,0.5,Dermatológicos
340,MED-1339,Antigripales,Tecnoquímicas,Bogotá,Alta (Invierno),Automático (ML),71113.19,58589.5,12523.69,470,13,149,12.66,1.52,357,5,6,630,0,1,1,Pediatría,0.5,Antigripales
341,MED-1340,Pediatría,MK,Cartagena,Promoción,Automático (ML),40407.94,25425.92,14982.02,252,24,323,6.35,7.47,154,1,9,818,0,1,0,Pediatría,0.75,Pediatría
342,MED-1341,Higiene Personal,MK,Barranquilla,Alta (Epidemia),Manual,19778.97,11942.43,7836.54,90,27,225,33.02,5.88,1018,2,7,221,0,1,1,Pediatría,0.75,Pediatría
343,MED-1342,Pediatría,Bayer,Cali,Normal,Automático (ML),3832.45,3091.4,741.05,60,73,127,4.85,1.22,148,1,5,85,0,0,1,Pediatría,0.5,Pediatría
344,MED-1343,Higiene Personal,Novartis,Barranquilla,Promoción,Proveedor Programado,63329.51,49075.7,14253.81,306,39,355,21.76,1.48,636,1,10,746,1,1,1,Gastrointestinales,0.5,Higiene Personal
345,MED-1344,Diabetes,MK,Bogotá,Normal,Manual,75250.31,60552.8,14697.51,377,67,300,14.55,0.98,428,1,4,886,1,0,1,Pediatría,0.5,Diabetes
346,MED-1345,Antigripales,Novartis,Cali,Alta (Invierno),Automático (ML),22470.08,16726.91,5743.17,181,51,435,33.01,5.03,1028,2,13,237,1,0,0,Dermatológicos,0.25,Antigripales
347,MED-1346,Dermatológicos,Novartis,Cali,Normal,Proveedor Programado,19097.57,11862.88,7234.69,336,54,365,23.06,2.24,721,1,8,474,1,0,1,Dermatológicos,0.25,Dermatológicos
348,MED-1347,Antibióticos,Genfar,Cali,Normal,Automático (ML),18727.0,11314.65,7412.35,196,67,421,17.41,6.22,531,1,5,561,1,1,0,Pediatría,0.5,Antibióticos
349,MED-1348,Diabetes,Pfizer,Medellín,Alta (Invierno),Proveedor Programado,50681.41,34616.79,16064.62,248,23,85,9.74,2.77,295,0,3,604,1,1,0,Dermatológicos,0.5,Diabetes
350,MED-1349,Pediatría,MK,Medellín,Alta (Invierno),Manual,30309.3,22358.14,7951.16,415,57,150,32.77,6.31,992,1,1,356,1,1,0,Pediatría,0.5,Pediatría
351,MED-1350,Gastrointestinales,Tecnoquímicas,Cali,Alta (Epidemia),Proveedor Programado,30327.12,21328.86,8998.26,313,23,311,12.23,5.79,358,2,12,219,0,0,1,Pediatría,1.0,Pediatría
352,MED-1351,Analgésicos,Tecnoquímicas,Medellín,Alta (Invierno),Manual,27462.49,23128.05,4334.44,158,54,367,2.96,4.91,78,2,7,154,0,1,0,Pediatría,0.5,Analgésicos
353,MED-1352,Cardiovasculares,Abbott,Medellín,Alta (Epidemia),Proveedor Programado,43909.64,33782.3,10127.34,220,48,157,18.31,8.99,541,2,7,482,1,1,1,Pediatría,0.75,Pediatría
354,MED-1353,Antibióticos,Pfizer,Barranquilla,Alta (Epidemia),Proveedor Programado,22211.74,16367.12,5844.62,456,15,176,35.49,5.81,1059,2,10,680,1,1,1,Pediatría,0.5,Antibióticos
355,MED-1354,Gastrointestinales,Roche,Bogotá,Normal,Proveedor Programado,21010.06,13713.72,7296.34,415,79,419,37.92,4.3,1167,1,7,808,1,1,0,Dermatológicos,0.25,Gastrointestinales
356,MED-1355,Higiene Personal,Sanofi,Medellín,Promoción,Manual,38393.11,27172.57,11220.54,250,32,283,25.29,2.62,753,2,4,285,1,1,1,Pediatría,1.0,Pediatría
357,MED-1356,Dermatológicos,La Santé,Cartagena,Alta (Invierno),Proveedor Programado,46537.34,33067.72,13469.62,73,67,210,4.91,0.66,124,1,14,384,1,1,0,Pediatría,0.5,Dermatológicos
358,MED-1357,Analgésicos,Pfizer,Barranquilla,Normal,Manual,67290.93,56771.52,10519.41,208,73,186,11.83,0.84,361,0,2,83,0,1,1,Pediatría,0.5,Analgésicos
359,MED-1358,Analgésicos,Sanofi,Medellín,Alta (Invierno),Proveedor Programado,35340.31,21289.77,14050.54,482,68,463,37.92,7.93,1154,1,11,460,1,0,1,Dermatológicos,0.25,Analgésicos
360,MED-1359,Antibióticos,La Santé,Cali,Normal,Automático (ML),3481.83,2142.97,1338.86,410,36,164,11.59,9.09,326,0,7,604,0,0,1,Pediatría,0.5,Antibióticos
361,MED-1360,Dermatológicos,Genfar,Barranquilla,Normal,Proveedor Programado,35811.34,28938.82,6872.52,16,72,374,13.38,2.96,404,1,8,866,0,0,0,Pediatría,0.75,Pediatría
362,MED-1361,Diabetes,Pfizer,Medellín,Alta (Invierno),Proveedor Programado,28563.87,21871.33,6692.54,179,46,380,14.04,4.25,411,0,14,465,1,0,0,Pediatría,0.5,Diabetes
363,MED-1362,Gastrointestinales,Pfizer,Barranquilla,Alta (Invierno),Automático (ML),47043.68,37698.83,9344.85,26,64,398,6.82,3.05,196,0,4,253,0,0,1,Pediatría,0.5,Gastrointestinales
364,MED-1363,Antibióticos,Pfizer,Bogotá,Alta (Epidemia),Automático (ML),33177.11,25688.74,7488.37,140,52,419,39.07,3.78,1175,1,4,396,1,0,1,Dermatológicos,0.5,Antibióticos
365,MED-1364,Vitaminas,MK,Bogotá,Normal,Proveedor Programado,34670.41,22887.08,11783.33,238,66,263,27.25,8.33,827,2,2,546,0,1,1,Dermatológicos,0.5,Vitaminas
366,MED-1365,Antigripales,MK,Barranquilla,Promoción,Manual,9254.68,7849.31,1405.37,105,16,133,39.11,8.04,1159,4,3,470,0,0,0,Pediatría,1.0,Pediatría
367,MED-1366,Antibióticos,Roche,Barranquilla,Alta (Epidemia),Automático (ML),37376.03,28207.43,9168.6,471,26,219,26.15,0.72,788,1,11,117,1,0,0,Pediatría,0.75,Pediatría
368,MED-1367,Dermatológicos,Pfizer,Medellín,Alta (Epidemia),Proveedor Programado,66015.29,40271.62,25743.67,224,74,170,9.2,7.77,301,1,2,647,0,1,0,Pediatría,0.5,Dermatológicos
369,MED-1368,Higiene Personal,Roche,Cartagena,Alta (Invierno),Proveedor Programado,12698.55,10727.58,1970.97,170,76,137,6.92,8.95,222,1,6,846,1,1,0,Pediatría,0.5,Higiene Personal
370,MED-1369,Antigripales,Abbott,Barranquilla,Normal,Manual,62180.76,40825.9,21354.86,443,51,396,13.63,6.78,444,1,6,583,1,0,0,Pediatría,0.75,Pediatría
371,MED-1370,Gastrointestinales,La Santé,Medellín,Promoción,Proveedor Programado,19349.72,12200.03,7149.69,241,36,126,39.88,2.24,1176,0,9,351,1,1,0,Pediatría,0.5,Gastrointestinales
372,MED-1371,Diabetes,Pfizer,Bogotá,Normal,Manual,50950.39,40846.39,10104.0,175,29,117,25.62,4.55,763,0,12,705,1,0,0,Gastrointestinales,0.25,Diabetes
373,MED-1372,Analgésicos,Sanofi,Cartagena,Alta (Epidemia),Proveedor Programado,25786.77,19751.53,6035.24,77,75,409,32.43,6.12,971,2,4,154,1,1,1,Cardiovasculares,0.5,Analgésicos
374,MED-1373,Antibióticos,Novartis,Cartagena,Alta (Invierno),Automático (ML),64615.89,52710.56,11905.33,149,79,164,39.67,7.4,1186,1,13,385,0,1,0,Gastrointestinales,0.5,Antibióticos
375,MED-1374,Higiene Personal,Genfar,Medellín,Alta (Epidemia),Automático (ML),67489.87,50861.81,16628.06,293,76,276,1.04,3.08,15,1,11,481,0,1,1,Pediatría,0.5,Higiene Personal
376,MED-1375,Antigripales,Bayer,Medellín,Normal,Automático (ML),55716.22,46003.57,9712.65,86,23,389,14.37,1.78,423,3,12,430,0,1,0,Dermatológicos,0.5,Antigripales
377,MED-1376,Dermatológicos,MK,Bogotá,Normal,Proveedor Programado,33956.1,26561.64,7394.46,378,52,346,28.77,3.89,863,4,3,139,0,0,0,Cardiovasculares,0.5,Dermatológicos
378,MED-1377,Diabetes,La Santé,Cartagena,Alta (Epidemia),Manual,45263.21,31457.69,13805.52,428,78,346,10.37,1.4,305,0,4,884,1,0,1,Pediatría,0.5,Diabetes
379,MED-1378,Antibióticos,Bayer,Cali,Promoción,Automático (ML),66888.66,56467.31,10421.35,458,38,141,35.07,9.96,1046,1,14,222,0,1,0,Gastrointestinales,0.25,Antibióticos
380,MED-1379,Diabetes,Abbott,Cartagena,Alta (Epidemia),Manual,69185.84,51756.22,17429.62,111,60,270,25.66,1.72,729,4,11,393,1,0,1,Pediatría,0.5,Diabetes
381,MED-1380,Vitaminas,Tecnoquímicas,Bogotá,Normal,Manual,59229.19,44705.79,14523.4,140,22,259,30.93,3.42,913,2,5,883,0,0,0,Pediatría,0.5,Vitaminas
382,MED-1381,Antigripales,Bayer,Barranquilla,Alta (Epidemia),Automático (ML),25951.83,17373.75,8578.08,136,29,289,33.46,9.77,989,2,7,808,0,0,0,Pediatría,0.5,Antigripales
383,MED-1382,Higiene Personal,Sanofi,Medellín,Alta (Epidemia),Manual,41356.01,31940.39,9415.62,429,51,320,36.02,8.19,1064,2,11,81,1,1,1,Gastrointestinales,0.25,Higiene Personal
384,MED-1383,Antibióticos,Roche,Cali,Normal,Proveedor Programado,57033.85,42154.64,14879.21,426,60,226,21.66,7.46,677,2,9,298,0,0,0,Gastrointestinales,0.25,Antibióticos
385,MED-1384,Higiene Personal,Bayer,Barranquilla,Normal,Automático (ML),55026.04,38462.34,16563.7,304,16,187,17.08,9.38,516,2,7,458,1,1,1,Dermatológicos,0.5,Higiene Personal
386,MED-1385,Antibióticos,Novartis,Barranquilla,Normal,Automático (ML),29126.51,21159.91,7966.6,333,44,379,20.47,1.51,594,4,14,443,0,1,1,Pediatría,0.75,Pediatría
387,MED-1386,Pediatría,Genfar,Barranquilla,Alta (Epidemia),Proveedor Programado,50276.42,37913.8,12362.62,245,47,416,32.74,9.43,1031,2,6,878,1,0,0,Pediatría,0.5,Pediatría
388,MED-1387,Vitaminas,Bayer,Barranquilla,Normal,Manual,12765.45,8909.46,3855.99,417,13,194,9.14,1.06,263,3,1,100,1,0,1,Cardiovasculares,0.25,Vitaminas
389,MED-1388,Analgésicos,Sanofi,Cali,Normal,Manual,64831.91,47655.97,17175.94,122,52,384,24.12,1.91,726,2,12,537,0,1,1,Gastrointestinales,0.25,Analgésicos
390,MED-1389,Analgésicos,MK,Cali,Normal,Manual,43322.08,29449.52,13872.56,431,48,229,8.83,3.49,285,2,2,137,0,1,1,Cardiovasculares,0.75,Cardiovasculares
391,MED-1390,Diabetes,Pfizer,Cartagena,Normal,Proveedor Programado,18030.18,13876.44,4153.74,382,67,462,38.87,2.18,1164,3,6,73,0,1,0,Dermatológicos,0.25,Diabetes
392,MED-1391,Pediatría,Roche,Bogotá,Promoción,Proveedor Programado,40058.4,32143.61,7914.79,117,36,331,4.36,8.24,120,0,1,776,0,0,1,Pediatría,0.5,Pediatría
393,MED-1392,Dermatológicos,La Santé,Barranquilla,Alta (Epidemia),Automático (ML),36868.88,28056.82,8812.06,372,53,376,24.38,9.07,725,0,12,451,1,1,0,Dermatológicos,0.25,Dermatológicos
394,MED-1393,Antibióticos,Genfar,Medellín,Normal,Manual,66177.54,53377.82,12799.72,209,77,224,32.19,5.77,936,3,12,412,0,0,1,Pediatría,0.5,Antibióticos
395,MED-1394,Diabetes,La Santé,Barranquilla,Normal,Proveedor Programado,76761.83,56441.32,20320.51,411,60,228,19.66,0.7,599,2,6,445,1,0,1,Pediatría,0.5,Diabetes
396,MED-1395,Dermatológicos,Abbott,Cali,Normal,Manual,31783.22,24038.68,7744.54,122,12,400,29.95,2.82,909,4,3,547,0,1,0,Pediatría,0.75,Pediatría
397,MED-1396,Antigripales,La Santé,Medellín,Normal,Proveedor Programado,17950.54,12899.41,5051.13,178,76,170,22.58,5.44,664,0,3,525,0,1,1,Dermatológicos,0.25,Antigripales
398,MED-1397,Higiene Personal,Bayer,Cali,Alta (Epidemia),Manual,73650.81,58512.09,15138.72,225,50,377,22.11,6.63,647,3,1,295,0,1,1,Antigripales,0.25,Higiene Personal
399,MED-1398,Higiene Personal,Novartis,Medellín,Normal,Automático (ML),16081.3,10159.14,5922.16,153,50,378,39.59,7.0,1181,1,11,54,0,0,0,Pediatría,0.5,Higiene Personal
400,MED-1399,Analgésicos,Bayer,Medellín,Alta (Invierno),Manual,3322.43,2550.33,772.1,178,65,269,30.87,4.43,905,1,4,761,1,1,0,Dermatológicos,0.5,Analgésicos
401,MED-1400,Pediatría,Roche,Cali,Normal,Manual,10578.66,8877.4,1701.26,391,15,344,13.3,4.23,411,3,13,738,0,0,1,Pediatría,1.0,Pediatría
402,MED-1401,Vitaminas,Pfizer,Cali,Normal,Manual,24606.26,16916.42,7689.84,202,28,112,13.67,7.03,430,3,14,403,1,0,0,Pediatría,0.75,Pediatría
403,MED-1402,Pediatría,Sanofi,Barranquilla,Promoción,Manual,50145.23,30296.19,19849.04,274,64,333,17.38,5.99,528,0,3,569,1,1,0,Pediatría,0.5,Pediatría
404,MED-1403,Gastrointestinales,Genfar,Medellín,Alta (Epidemia),Automático (ML),56287.89,35742.63,20545.26,482,49,178,27.35,6.38,826,0,12,339,1,0,0,Diabetes,0.5,Gastrointestinales
405,MED-1404,Pediatría,Roche,Cartagena,Alta (Invierno),Proveedor Programado,51725.8,40978.73,10747.07,172,55,432,7.19,9.52,204,2,5,823,1,1,1,Pediatría,0.5,Pediatría
406,MED-1405,Higiene Personal,Abbott,Bogotá,Normal,Automático (ML),30551.47,22866.1,7685.37,342,30,392,8.75,3.49,239,0,12,495,1,0,1,Pediatría,0.75,Pediatría
407,MED-1406,Antigripales,Novartis,Medellín,Normal,Automático (ML),66717.4,44276.01,22441.39,134,59,448,28.27,3.64,822,1,5,138,1,1,1,Dermatológicos,0.5,Antigripales
408,MED-1407,Gastrointestinales,Roche,Cartagena,Alta (Epidemia),Automático (ML),36921.52,25081.76,11839.76,245,26,103,21.03,3.24,623,1,2,326,1,0,0,Pediatría,0.5,Gastrointestinales
409,MED-1408,Gastrointestinales,Roche,Medellín,Normal,Automático (ML),59564.84,36095.49,23469.35,141,75,292,6.02,5.95,162,1,1,693,0,1,1,Pediatría,0.5,Gastrointestinales
410,MED-1409,Pediatría,Genfar,Medellín,Normal,Manual,24216.32,17523.66,6692.66,125,25,300,25.45,8.18,756,1,9,557,0,1,0,Pediatría,0.75,Pediatría
411,MED-1410,Antigripales,Roche,Barranquilla,Alta (Epidemia),Manual,28211.41,18087.89,10123.52,335,64,147,18.0,6.14,551,3,5,663,0,0,1,Cardiovasculares,0.5,Antigripales
412,MED-1411,Gastrointestinales,Roche,Bogotá,Alta (Epidemia),Proveedor Programado,30748.91,23098.88,7650.03,3,72,289,27.09,8.09,796,0,4,238,0,0,1,Dermatológicos,0.5,Gastrointestinales
413,MED-1412,Higiene Personal,Tecnoquímicas,Medellín,Promoción,Manual,14841.35,12192.8,2648.55,246,14,339,32.5,8.92,967,1,13,554,0,0,0,Pediatría,0.5,Higiene Personal
414,MED-1413,Pediatría,Genfar,Bogotá,Promoción,Manual,7398.02,4693.36,2704.66,266,51,264,20.5,6.91,608,2,10,537,1,0,0,Dermatológicos,0.5,Pediatría
415,MED-1414,Gastrointestinales,MK,Cali,Normal,Manual,34622.56,22588.54,12034.02,295,73,463,37.45,3.38,1138,2,3,226,0,0,0,Dermatológicos,0.5,Gastrointestinales
416,MED-1415,Higiene Personal,La Santé,Bogotá,Alta (Epidemia),Proveedor Programado,54721.58,42810.19,11911.39,358,79,323,13.18,4.56,416,1,6,881,1,0,1,Pediatría,0.5,Higiene Personal
417,MED-1416,Dermatológicos,La Santé,Medellín,Alta (Invierno),Proveedor Programado,34210.05,22828.04,11382.01,366,71,264,32.67,8.34,949,0,9,521,1,1,1,Dermatológicos,0.5,Dermatológicos
418,MED-1417,Vitaminas,Novartis,Cartagena,Alta (Epidemia),Manual,40435.37,25363.22,15072.15,71,51,373,12.8,8.66,360,1,11,551,0,1,1,Pediatría,0.75,Pediatría
419,MED-1418,Dermatológicos,MK,Medellín,Normal,Proveedor Programado,56154.86,46959.84,9195.02,284,34,420,27.1,2.7,812,0,3,511,1,0,0,Antigripales,0.25,Dermatológicos
420,MED-1419,Pediatría,La Santé,Cartagena,Alta (Invierno),Proveedor Programado,55564.25,36611.6,18952.65,314,60,385,12.29,7.94,366,3,7,650,0,1,0,Pediatría,0.75,Pediatría
421,MED-1420,Gastrointestinales,Pfizer,Medellín,Alta (Epidemia),Automático (ML),70224.32,45099.08,25125.24,103,16,348,38.42,2.57,1162,2,7,201,0,0,1,Dermatológicos,0.5,Gastrointestinales
422,MED-1421,Diabetes,Bayer,Cali,Alta (Invierno),Manual,47492.75,32151.1,15341.65,208,57,154,33.35,7.24,990,3,14,640,0,1,1,Pediatría,0.5,Diabetes
423,MED-1422,Antibióticos,Bayer,Bogotá,Promoción,Automático (ML),70704.53,55244.48,15460.05,150,59,314,13.72,1.17,403,3,11,300,1,0,1,Pediatría,0.5,Antibióticos
424,MED-1423,Diabetes,Sanofi,Cali,Promoción,Manual,78274.43,58365.89,19908.54,255,22,72,3.19,2.93,106,2,14,378,1,0,0,Dermatológicos,0.25,Diabetes
425,MED-1424,Diabetes,Pfizer,Bogotá,Alta (Epidemia),Manual,41925.1,30477.01,11448.09,37,23,419,10.75,1.2,291,2,14,630,1,1,0,Pediatría,0.5,Diabetes
426,MED-1425,Antibióticos,La Santé,Medellín,Promoción,Manual,66159.51,50425.9,15733.61,112,52,374,11.8,0.94,388,2,4,626,0,0,1,Pediatría,0.5,Antibióticos
427,MED-1426,Pediatría,Roche,Barranquilla,Normal,Automático (ML),68115.32,45289.93,22825.39,447,25,381,3.13,2.44,79,0,5,455,0,1,0,Pediatría,0.5,Pediatría
428,MED-1427,Analgésicos,Pfizer,Cali,Alta (Invierno),Manual,8205.57,6408.61,1796.96,448,10,275,13.0,2.8,400,2,11,712,1,1,1,Pediatría,1.0,Pediatría
429,MED-1428,Dermatológicos,Genfar,Bogotá,Normal,Automático (ML),60702.18,50350.04,10352.14,317,43,179,30.26,3.11,905,5,1,42,1,0,0,Pediatría,0.75,Pediatría
430,MED-1429,Gastrointestinales,Bayer,Barranquilla,Normal,Automático (ML),5442.63,3993.48,1449.15,195,76,196,19.85,9.88,579,1,8,611,1,0,0,Dermatológicos,0.5,Gastrointestinales
431,MED-1430,Analgésicos,Genfar,Medellín,Alta (Epidemia),Manual,79394.44,64657.45,14736.99,362,38,421,34.49,3.6,1037,0,10,464,1,0,1,Gastrointestinales,0.25,Analgésicos
432,MED-1431,Cardiovasculares,Abbott,Barranquilla,Alta (Epidemia),Manual,35967.95,22133.1,13834.85,315,71,406,18.11,9.79,520,3,14,442,1,0,1,Pediatría,0.75,Pediatría
433,MED-1432,Cardiovasculares,La Santé,Medellín,Promoción,Manual,57585.23,48857.96,8727.27,293,23,279,31.54,1.66,955,1,8,598,1,1,1,Gastrointestinales,0.5,Cardiovasculares
434,MED-1433,Dermatológicos,Genfar,Cali,Normal,Manual,76569.51,50669.13,25900.38,436,25,135,19.83,2.52,585,2,12,94,0,0,1,Diabetes,0.5,Dermatológicos
435,MED-1434,Higiene Personal,Sanofi,Cartagena,Alta (Invierno),Proveedor Programado,64829.56,54793.84,10035.72,180,43,394,38.15,7.67,1126,1,7,637,0,1,1,Antigripales,0.25,Higiene Personal
436,MED-1435,Higiene Personal,Abbott,Cartagena,Alta (Invierno),Automático (ML),64325.92,50487.31,13838.61,339,10,298,22.33,1.33,680,0,2,74,1,0,1,Antigripales,0.25,Higiene Personal
437,MED-1436,Analgésicos,Novartis,Cartagena,Alta (Invierno),Manual,76213.04,49727.06,26485.98,334,53,129,14.74,0.91,453,0,13,596,1,0,0,Dermatológicos,0.25,Analgésicos
438,MED-1437,Antigripales,Genfar,Medellín,Normal,Automático (ML),61790.72,38753.33,23037.39,86,47,215,19.63,5.04,586,2,3,108,0,1,0,Antigripales,0.25,Antigripales
439,MED-1438,Vitaminas,Roche,Cali,Alta (Epidemia),Proveedor Programado,43895.43,34520.66,9374.77,313,41,377,32.52,1.16,996,1,1,602,0,0,1,Antigripales,0.25,Vitaminas
440,MED-1439,Higiene Personal,Sanofi,Cartagena,Alta (Epidemia),Automático (ML),48927.96,39318.31,9609.65,125,69,327,17.61,9.69,499,3,10,848,1,0,1,Pediatría,0.75,Pediatría
441,MED-1440,Antibióticos,Sanofi,Medellín,Alta (Invierno),Proveedor Programado,66447.82,43258.99,23188.83,493,68,247,15.75,5.41,464,0,13,300,0,0,0,Gastrointestinales,0.5,Antibióticos
442,MED-1441,Dermatológicos,Novartis,Cali,Promoción,Automático (ML),47335.51,38503.35,8832.16,24,57,223,16.09,1.27,456,1,8,395,1,1,1,Pediatría,0.5,Dermatológicos
443,MED-1442,Analgésicos,MK,Cali,Promoción,Manual,73133.62,43990.73,29142.89,376,71,257,14.37,1.56,464,1,2,397,1,0,1,Pediatría,0.75,Pediatría
444,MED-1443,Gastrointestinales,Genfar,Bogotá,Promoción,Automático (ML),24742.33,15346.14,9396.19,400,27,118,7.48,9.21,236,2,2,558,1,0,1,Pediatría,0.75,Pediatría
445,MED-1444,Dermatológicos,Tecnoquímicas,Cali,Promoción,Proveedor Programado,76308.81,59862.88,16445.93,375,56,212,3.13,3.48,102,0,11,812,0,0,0,Pediatría,0.5,Dermatológicos
446,MED-1445,Dermatológicos,Abbott,Cali,Alta (Epidemia),Proveedor Programado,40528.6,31322.69,9205.91,173,58,445,33.35,2.31,994,1,1,839,1,0,0,Antigripales,0.25,Dermatológicos
447,MED-1446,Diabetes,Genfar,Barranquilla,Promoción,Proveedor Programado,36176.09,24529.12,11646.97,130,58,162,33.48,9.86,1032,3,4,659,1,0,0,Dermatológicos,0.5,Diabetes
448,MED-1447,Antibióticos,Tecnoquímicas,Cartagena,Promoción,Manual,33944.47,26084.26,7860.21,441,38,435,25.15,5.06,768,0,7,262,0,0,0,Dermatológicos,0.25,Antibióticos
449,MED-1448,Antigripales,Bayer,Medellín,Normal,Automático (ML),11688.93,8756.28,2932.65,160,35,205,19.82,2.55,576,3,4,97,0,1,0,Cardiovasculares,0.5,Antigripales
450,MED-1449,Dermatológicos,La Santé,Barranquilla,Promoción,Proveedor Programado,37397.94,23592.96,13804.98,411,57,172,1.86,3.9,4,1,13,820,0,0,0,Pediatría,0.5,Dermatológicos
451,MED-1450,Gastrointestinales,Abbott,Cartagena,Promoción,Manual,59838.96,48723.34,11115.62,45,12,244,29.52,7.81,848,1,4,107,1,1,1,Pediatría,0.5,Gastrointestinales
452,MED-1451,Vitaminas,Tecnoquímicas,Bogotá,Alta (Epidemia),Manual,72099.59,45411.58,26688.01,11,61,233,24.95,3.6,765,2,8,100,1,0,0,Antigripales,0.25,Vitaminas
453,MED-1452,Pediatría,Genfar,Medellín,Alta (Invierno),Proveedor Programado,68558.24,42579.2,25979.04,134,68,186,8.09,4.59,248,1,10,610,0,1,1,Pediatría,0.5,Pediatría
454,MED-1453,Higiene Personal,Bayer,Bogotá,Promoción,Manual,19304.43,11782.93,7521.5,148,20,397,37.22,7.52,1153,1,7,555,0,0,0,Pediatría,1.0,Pediatría
455,MED-1454,Dermatológicos,Roche,Cali,Alta (Epidemia),Automático (ML),17851.03,11124.38,6726.65,33,50,109,29.32,1.65,929,1,14,764,1,1,1,Pediatría,0.5,Dermatológicos
456,MED-1455,Dermatológicos,Genfar,Barranquilla,Alta (Epidemia),Proveedor Programado,32239.78,24318.42,7921.36,131,78,146,36.98,7.74,1134,0,2,803,1,0,0,Dermatológicos,0.75,Dermatológicos
457,MED-1456,Higiene Personal,La Santé,Cartagena,Alta (Epidemia),Automático (ML),54334.8,41068.68,13266.12,382,21,399,16.91,3.16,523,1,12,338,0,1,0,Gastrointestinales,0.25,Higiene Personal
458,MED-1457,Gastrointestinales,Tecnoquímicas,Cali,Alta (Epidemia),Automático (ML),32687.62,23753.16,8934.46,239,63,354,11.79,5.8,365,3,2,507,1,0,0,Cardiovasculares,0.5,Gastrointestinales
459,MED-1458,Higiene Personal,Genfar,Bogotá,Promoción,Proveedor Programado,59759.2,36404.0,23355.2,43,53,432,36.9,0.61,1104,0,1,80,1,0,0,Dermatológicos,0.5,Higiene Personal
460,MED-1459,Diabetes,Tecnoquímicas,Cali,Promoción,Automático (ML),77879.53,56813.32,21066.21,340,66,154,19.86,4.58,629,0,8,761,1,0,0,Pediatría,0.5,Diabetes
461,MED-1460,Gastrointestinales,Genfar,Cartagena,Promoción,Proveedor Programado,67485.38,44537.31,22948.07,282,61,142,39.27,4.93,1149,2,7,767,1,1,0,Pediatría,0.5,Gastrointestinales
462,MED-1461,Higiene Personal,MK,Cali,Normal,Automático (ML),75670.91,50148.82,25522.09,174,42,320,2.56,4.77,39,2,2,787,0,1,0,Pediatría,0.5,Higiene Personal
463,MED-1462,Gastrointestinales,Pfizer,Medellín,Alta (Epidemia),Manual,71130.21,46792.26,24337.95,342,61,287,38.68,9.72,1192,1,4,190,1,1,1,Dermatológicos,0.5,Gastrointestinales
464,MED-1463,Gastrointestinales,Tecnoquímicas,Cartagena,Alta (Epidemia),Automático (ML),38085.02,27440.42,10644.6,278,63,320,13.4,9.28,418,3,5,559,0,1,0,Cardiovasculares,0.5,Gastrointestinales
465,MED-1464,Pediatría,Roche,Cartagena,Normal,Automático (ML),29432.21,23928.74,5503.47,378,67,366,30.32,9.11,932,1,12,697,0,0,1,Dermatológicos,0.25,Pediatría
466,MED-1465,Higiene Personal,Tecnoquímicas,Barranquilla,Normal,Manual,33344.94,27100.7,6244.24,203,25,225,23.69,7.78,712,3,5,426,0,0,1,Pediatría,0.5,Higiene Personal
467,MED-1466,Cardiovasculares,Roche,Barranquilla,Alta (Invierno),Automático (ML),26846.26,17462.12,9384.14,126,16,105,16.69,3.33,475,4,4,882,0,0,1,Cardiovasculares,0.5,Cardiovasculares
468,MED-1467,Gastrointestinales,MK,Cali,Normal,Manual,37097.86,30116.69,6981.17,460,32,204,8.94,7.81,257,1,4,645,1,1,0,Pediatría,0.5,Gastrointestinales
469,MED-1468,Vitaminas,Roche,Medellín,Promoción,Manual,5651.21,4020.59,1630.62,356,18,79,16.72,6.53,496,2,12,341,0,1,1,Pediatría,0.75,Pediatría
470,MED-1469,Cardiovasculares,Sanofi,Barranquilla,Promoción,Manual,36005.61,27260.77,8744.84,70,65,219,30.85,9.33,898,2,10,712,0,0,1,Dermatológicos,0.5,Cardiovasculares
471,MED-1470,Analgésicos,La Santé,Cartagena,Alta (Invierno),Manual,32816.18,22009.53,10806.65,395,13,398,28.99,9.78,863,1,12,639,0,0,0,Dermatológicos,0.25,Analgésicos
472,MED-1471,Gastrointestinales,Tecnoquímicas,Medellín,Normal,Automático (ML),75971.84,49738.23,26233.61,225,13,411,24.72,4.72,768,1,12,711,1,0,0,Gastrointestinales,0.75,Gastrointestinales
473,MED-1472,Analgésicos,Tecnoquímicas,Cali,Promoción,Proveedor Programado,25271.78,17496.63,7775.15,351,26,326,3.24,6.04,103,2,10,787,1,1,0,Pediatría,0.75,Pediatría
474,MED-1473,Gastrointestinales,Abbott,Cali,Alta (Invierno),Manual,34626.33,25144.23,9482.1,385,58,339,26.79,0.86,781,1,8,589,1,0,0,Dermatológicos,0.25,Gastrointestinales
475,MED-1474,Antigripales,MK,Medellín,Normal,Proveedor Programado,73064.62,56940.39,16124.23,79,66,142,18.82,5.01,580,3,12,449,0,0,1,Pediatría,0.5,Antigripales
476,MED-1475,Analgésicos,Sanofi,Cali,Normal,Proveedor Programado,5342.02,4175.96,1166.06,43,40,275,33.23,5.8,1018,1,7,697,0,0,0,Pediatría,1.0,Pediatría
477,MED-1476,Analgésicos,Pfizer,Barranquilla,Promoción,Automático (ML),41711.76,33780.82,7930.94,402,39,133,8.51,1.73,252,1,4,497,0,1,1,Pediatría,0.5,Analgésicos
478,MED-1477,Vitaminas,Genfar,Bogotá,Alta (Epidemia),Automático (ML),28620.17,23897.3,4722.87,324,64,379,18.81,3.63,594,1,7,482,0,1,0,Pediatría,0.5,Vitaminas
479,MED-1478,Cardiovasculares,Pfizer,Cartagena,Normal,Automático (ML),30095.13,23365.97,6729.16,404,17,259,29.1,3.18,863,2,5,59,0,0,1,Pediatría,0.75,Pediatría
480,MED-1479,Antigripales,Roche,Medellín,Alta (Epidemia),Proveedor Programado,5087.21,4048.79,1038.42,160,22,405,24.77,5.9,750,1,11,833,0,1,1,Dermatológicos,0.25,Antigripales
481,MED-1480,Dermatológicos,MK,Bogotá,Promoción,Manual,71331.69,58740.46,12591.23,441,30,171,37.15,9.64,1079,1,7,401,1,1,0,Gastrointestinales,0.25,Dermatológicos
482,MED-1481,Analgésicos,Bayer,Bogotá,Normal,Proveedor Programado,47646.88,31953.79,15693.09,92,28,270,23.92,8.3,710,2,3,774,1,0,0,Pediatría,0.5,Analgésicos
483,MED-1482,Higiene Personal,Pfizer,Bogotá,Alta (Epidemia),Proveedor Programado,7920.37,4899.41,3020.96,171,65,312,14.06,5.92,415,1,7,230,0,1,1,Pediatría,0.5,Higiene Personal
484,MED-1483,Dermatológicos,Abbott,Bogotá,Normal,Manual,56353.99,44141.52,12212.47,422,48,133,4.78,1.03,143,0,9,738,0,1,1,Dermatológicos,0.25,Dermatológicos
485,MED-1484,Gastrointestinales,Sanofi,Bogotá,Normal,Manual,68065.94,41844.39,26221.55,195,60,261,28.1,5.39,811,1,9,752,0,0,0,Gastrointestinales,0.5,Gastrointestinales
486,MED-1485,Gastrointestinales,La Santé,Barranquilla,Alta (Epidemia),Proveedor Programado,32607.72,22393.02,10214.7,251,18,338,2.26,3.69,94,2,3,755,0,1,1,Pediatría,0.5,Gastrointestinales
487,MED-1486,Vitaminas,Pfizer,Barranquilla,Promoción,Automático (ML),17437.84,13734.91,3702.93,9,56,420,8.23,2.23,266,1,6,175,1,1,1,Pediatría,0.5,Vitaminas
488,MED-1487,Cardiovasculares,MK,Bogotá,Alta (Invierno),Proveedor Programado,37658.46,31311.38,6347.08,161,45,132,11.24,6.02,363,0,9,523,0,0,0,Pediatría,0.5,Cardiovasculares
489,MED-1488,Cardiovasculares,Roche,Barranquilla,Promoción,Manual,49168.99,36266.45,12902.54,397,39,92,33.66,3.57,1003,1,12,233,1,1,0,Pediatría,0.5,Cardiovasculares
490,MED-1489,Vitaminas,Abbott,Barranquilla,Normal,Automático (ML),20734.58,12992.35,7742.23,462,10,194,13.31,5.16,392,0,5,649,1,0,0,Pediatría,0.75,Pediatría
491,MED-1490,Dermatológicos,La Santé,Bogotá,Alta (Invierno),Proveedor Programado,26829.16,22636.46,4192.7,145,75,198,21.38,6.59,634,1,1,225,1,0,1,Dermatológicos,0.25,Dermatológicos
492,MED-1491,Antigripales,Abbott,Cali,Promoción,Manual,40891.08,34619.28,6271.8,178,43,136,27.8,8.24,854,0,5,445,0,0,0,Dermatológicos,0.5,Antigripales
493,MED-1492,Higiene Personal,Abbott,Barranquilla,Alta (Invierno),Manual,13300.92,11150.52,2150.4,66,57,251,25.19,5.68,736,0,4,167,1,1,0,Pediatría,0.5,Higiene Personal
494,MED-1493,Gastrointestinales,Tecnoquímicas,Bogotá,Alta (Invierno),Proveedor Programado,34658.11,26894.97,7763.14,218,30,103,34.78,8.78,1027,1,3,288,1,1,0,Pediatría,0.75,Pediatría
495,MED-1494,Antibióticos,Abbott,Barranquilla,Promoción,Manual,58178.69,40123.83,18054.86,55,49,422,30.12,0.62,892,3,6,814,1,1,1,Pediatría,0.5,Antibióticos
496,MED-1495,Antibióticos,Abbott,Bogotá,Normal,Automático (ML),16553.91,13517.23,3036.68,21,64,436,12.46,4.74,360,2,8,610,1,0,0,Pediatría,0.75,Pediatría
497,MED-1496,Antibióticos,Roche,Cartagena,Alta (Epidemia),Proveedor Programado,53998.48,40629.56,13368.92,119,66,155,17.82,5.91,537,1,3,288,0,1,1,Cardiovasculares,0.5,Antibióticos
498,MED-1497,Gastrointestinales,Bayer,Medellín,Promoción,Automático (ML),45109.85,35123.2,9986.65,66,40,164,18.52,3.32,521,0,6,838,1,1,1,Antigripales,0.25,Gastrointestinales
499,MED-1498,Antibióticos,Pfizer,Medellín,Normal,Automático (ML),53240.65,32646.1,20594.55,463,34,282,12.62,4.82,348,3,6,120,1,1,1,Pediatría,0.5,Antibióticos
500,MED-1499,Antibióticos,Bayer,Medellín,Promoción,Manual,41465.22,32807.04,8658.18,288,31,194,21.62,0.83,666,0,6,403,1,0,1,Pediatría,0.5,Antibióticos
501,MED-1500,Pediatría,Genfar,Medellín,Normal,Automático (ML),36496.12,24567.87,11928.25,137,51,223,27.97,8.05,840,1,1,45,0,1,0,Pediatría,0.5,Pediatría
502,MED-1501,Gastrointestinales,Pfizer,Barranquilla,Normal,Proveedor Programado,53015.81,43313.91,9701.9,300,29,358,26.08,3.5,803,2,13,157,0,1,1,Gastrointestinales,0.25,Gastrointestinales
503,MED-1502,Pediatría,Novartis,Medellín,Promoción,Manual,32775.63,26393.74,6381.89,52,24,297,28.7,1.57,877,2,9,605,0,1,1,Pediatría,0.75,Pediatría
504,MED-1503,Higiene Personal,MK,Cartagena,Alta (Invierno),Proveedor Programado,24493.05,20394.58,4098.47,96,67,319,29.29,8.45,851,0,6,75,0,0,1,Dermatológicos,0.5,Higiene Personal
505,MED-1504,Pediatría,Roche,Cali,Promoción,Automático (ML),10066.88,7753.9,2312.98,122,74,222,22.03,2.92,671,0,1,310,0,1,1,Pediatría,0.5,Pediatría
506,MED-1505,Gastrointestinales,Tecnoquímicas,Barranquilla,Alta (Invierno),Manual,10470.4,6450.39,4020.01,447,78,392,17.65,4.96,559,1,13,444,1,1,1,Pediatría,0.5,Gastrointestinales
507,MED-1506,Higiene Personal,Genfar,Medellín,Alta (Invierno),Proveedor Programado,43449.51,26787.22,16662.29,325,58,325,27.62,6.79,810,0,6,284,1,1,0,Antigripales,0.25,Higiene Personal
508,MED-1507,Vitaminas,Novartis,Cartagena,Alta (Epidemia),Proveedor Programado,53474.27,32616.59,20857.68,420,12,108,35.74,4.77,1049,0,7,776,0,1,1,Gastrointestinales,0.5,Vitaminas
509,MED-1508,Pediatría,Roche,Barranquilla,Alta (Epidemia),Automático (ML),54648.91,44009.58,10639.33,185,71,294,37.57,3.84,1103,1,1,658,0,0,0,Dermatológicos,0.5,Pediatría
510,MED-1509,Cardiovasculares,MK,Bogotá,Normal,Manual,4923.77,3841.43,1082.34,263,67,418,18.08,3.75,567,4,9,300,1,0,1,Cardiovasculares,0.5,Cardiovasculares
511,MED-1510,Dermatológicos,MK,Bogotá,Alta (Epidemia),Manual,33888.39,28362.85,5525.54,424,37,252,8.91,9.98,266,1,9,102,0,1,1,Pediatría,0.5,Dermatológicos
512,MED-1511,Antibióticos,Roche,Cartagena,Alta (Invierno),Proveedor Programado,58102.8,44839.99,13262.81,41,16,107,14.75,1.7,452,4,14,863,1,0,1,Pediatría,0.5,Antibióticos
513,MED-1512,Analgésicos,Sanofi,Barranquilla,Promoción,Proveedor Programado,11135.08,8943.84,2191.24,124,67,442,31.3,1.17,950,2,2,628,1,0,0,Pediatría,0.5,Analgésicos
514,MED-1513,Dermatológicos,Genfar,Cartagena,Promoción,Manual,4475.93,3168.95,1306.98,116,12,107,31.21,2.57,956,1,12,842,1,0,0,Pediatría,0.75,Pediatría
515,MED-1514,Dermatológicos,Abbott,Medellín,Normal,Manual,14106.48,11140.51,2965.97,27,25,133,26.19,2.71,785,2,9,808,0,0,1,Pediatría,0.75,Pediatría
516,MED-1515,Analgésicos,Sanofi,Cali,Alta (Epidemia),Manual,3178.9,2689.29,489.61,296,59,323,33.49,4.85,1030,1,12,36,0,1,0,Pediatría,0.5,Analgésicos
517,MED-1516,Gastrointestinales,Abbott,Medellín,Normal,Manual,75942.1,49469.09,26473.01,382,41,222,22.28,7.0,649,1,12,362,1,0,1,Diabetes,0.5,Gastrointestinales
518,MED-1517,Diabetes,Roche,Cartagena,Alta (Epidemia),Manual,14077.83,8815.05,5262.78,313,74,448,6.51,1.74,183,0,11,138,1,0,0,Pediatría,0.75,Pediatría
519,MED-1518,Higiene Personal,Pfizer,Cartagena,Alta (Invierno),Automático (ML),10515.97,6748.23,3767.74,291,61,291,7.43,1.68,208,0,2,563,1,0,1,Pediatría,0.75,Pediatría
520,MED-1519,Antigripales,Genfar,Cali,Alta (Epidemia),Automático (ML),4360.59,2728.39,1632.2,89,26,411,20.91,1.84,613,0,14,590,1,0,1,Pediatría,0.75,Pediatría
521,MED-1520,Higiene Personal,Bayer,Bogotá,Alta (Epidemia),Automático (ML),56266.88,43245.23,13021.65,58,67,118,5.17,7.92,185,1,5,623,0,0,0,Pediatría,0.5,Higiene Personal
522,MED-1521,Gastrointestinales,Sanofi,Bogotá,Promoción,Automático (ML),26898.56,21264.18,5634.38,105,41,164,37.68,9.55,1103,3,10,678,1,0,1,Pediatría,0.75,Pediatría
523,MED-1522,Higiene Personal,Novartis,Barranquilla,Promoción,Manual,3285.09,2104.56,1180.53,408,24,193,31.86,6.97,937,4,4,111,1,0,1,Pediatría,0.5,Higiene Personal
524,MED-1523,Higiene Personal,Pfizer,Bogotá,Alta (Invierno),Proveedor Programado,6557.13,4884.4,1672.73,441,29,136,1.27,8.15,36,2,13,737,0,0,0,Pediatría,0.5,Higiene Personal
525,MED-1524,Antigripales,Sanofi,Bogotá,Alta (Invierno),Proveedor Programado,9465.12,7501.16,1963.96,388,78,172,38.61,2.06,1152,2,14,608,1,0,0,Dermatológicos,0.25,Antigripales
526,MED-1525,Analgésicos,Abbott,Cali,Normal,Manual,29351.37,24812.06,4539.31,429,77,151,28.65,9.11,849,0,3,340,0,0,0,Dermatológicos,0.5,Analgésicos
527,MED-1526,Dermatológicos,Novartis,Bogotá,Alta (Invierno),Automático (ML),4426.9,2815.09,1611.81,171,73,153,23.65,9.32,705,2,2,874,1,1,1,Dermatológicos,0.5,Dermatológicos
528,MED-1527,Cardiovasculares,Sanofi,Cali,Normal,Automático (ML),30813.64,23397.58,7416.06,70,79,183,12.7,0.83,404,2,9,155,0,0,0,Pediatría,0.5,Cardiovasculares
529,MED-1528,Pediatría,Bayer,Bogotá,Alta (Epidemia),Proveedor Programado,71608.67,57530.56,14078.11,483,75,135,25.57,4.47,760,0,5,129,0,1,1,Gastrointestinales,0.25,Pediatría
530,MED-1529,Pediatría,Pfizer,Cali,Promoción,Automático (ML),59674.73,40579.06,19095.67,263,66,444,8.5,7.32,264,1,3,802,1,0,1,Pediatría,0.5,Pediatría
531,MED-1530,Vitaminas,Novartis,Medellín,Alta (Invierno),Proveedor Programado,56113.93,46932.22,9181.71,479,35,111,18.76,5.42,595,2,10,442,1,1,0,Dermatológicos,0.25,Vitaminas
532,MED-1531,Dermatológicos,La Santé,Bogotá,Alta (Invierno),Manual,65611.93,49019.19,16592.74,11,14,169,25.49,8.38,752,2,10,162,0,0,1,Dermatológicos,0.5,Dermatológicos
533,MED-1532,Higiene Personal,Novartis,Bogotá,Alta (Epidemia),Manual,37502.58,27075.93,10426.65,241,39,370,14.99,9.96,505,4,10,717,1,0,1,Pediatría,0.75,Pediatría
534,MED-1533,Higiene Personal,MK,Medellín,Alta (Invierno),Manual,40912.26,26514.37,14397.89,246,71,306,36.68,3.69,1088,2,6,567,1,0,0,Dermatológicos,0.75,Dermatológicos
535,MED-1534,Vitaminas,Roche,Bogotá,Promoción,Proveedor Programado,12962.31,8995.26,3967.05,433,22,284,18.43,7.89,546,3,11,550,0,1,0,Pediatría,1.0,Pediatría
536,MED-1535,Dermatológicos,Pfizer,Medellín,Promoción,Automático (ML),9484.4,8025.17,1459.23,325,57,298,23.85,1.54,692,0,7,358,1,0,0,Vitaminas,0.5,Dermatológicos
537,MED-1536,Antibióticos,Tecnoquímicas,Cartagena,Normal,Manual,52898.33,34985.03,17913.3,93,77,255,27.26,6.34,813,2,2,553,1,1,1,Antigripales,0.25,Antibióticos
538,MED-1537,Gastrointestinales,Roche,Cali,Alta (Invierno),Proveedor Programado,59411.18,45816.79,13594.39,173,38,230,17.03,2.73,499,3,11,749,1,1,1,Pediatría,0.5,Gastrointestinales
539,MED-1538,Vitaminas,Bayer,Cali,Alta (Invierno),Manual,3546.07,2730.7,815.37,370,35,113,7.23,8.01,219,1,9,333,1,1,1,Pediatría,0.5,Vitaminas
540,MED-1539,Vitaminas,La Santé,Barranquilla,Promoción,Automático (ML),62269.32,49985.69,12283.63,404,36,283,21.29,0.85,629,2,12,458,1,1,1,Gastrointestinales,0.5,Vitaminas
541,MED-1540,Higiene Personal,Pfizer,Medellín,Normal,Automático (ML),19601.95,15748.75,3853.2,449,55,318,38.76,1.9,1168,2,5,296,0,0,1,Pediatría,0.5,Higiene Personal
542,MED-1541,Antibióticos,Pfizer,Bogotá,Normal,Proveedor Programado,33773.67,28562.9,5210.77,443,40,100,6.58,0.63,171,3,9,568,1,0,0,Cardiovasculares,0.5,Antibióticos
543,MED-1542,Higiene Personal,Tecnoquímicas,Cartagena,Promoción,Proveedor Programado,44735.18,31980.77,12754.41,254,70,157,27.03,1.69,787,1,9,55,0,1,1,Gastrointestinales,0.25,Higiene Personal
544,MED-1543,Antigripales,Roche,Cali,Alta (Invierno),Automático (ML),70174.38,52860.89,17313.49,408,66,406,21.22,1.19,635,0,6,234,0,1,1,Gastrointestinales,0.25,Antigripales
545,MED-1544,Higiene Personal,Bayer,Medellín,Alta (Invierno),Proveedor Programado,12197.56,9216.18,2981.38,467,40,158,18.74,7.66,602,0,8,245,0,1,0,Pediatría,0.5,Higiene Personal
546,MED-1545,Vitaminas,Roche,Cartagena,Alta (Invierno),Proveedor Programado,35184.77,28616.52,6568.25,38,55,360,4.54,3.0,176,0,12,678,1,1,0,Pediatría,0.75,Pediatría
547,MED-1546,Antigripales,Abbott,Medellín,Normal,Automático (ML),4225.86,3186.49,1039.37,187,24,365,4.77,3.1,148,0,9,359,1,0,0,Pediatría,0.75,Pediatría
548,MED-1547,Antigripales,Novartis,Cali,Promoción,Automático (ML),35920.72,22996.99,12923.73,465,38,238,34.27,6.02,1048,0,1,182,1,0,0,Pediatría,0.5,Antigripales
549,MED-1548,Gastrointestinales,Pfizer,Cartagena,Alta (Epidemia),Proveedor Programado,39539.91,27297.24,12242.67,185,23,165,16.37,8.56,469,3,7,469,1,0,1,Pediatría,0.75,Pediatría
550,MED-1549,Cardiovasculares,La Santé,Cartagena,Normal,Proveedor Programado,40878.46,30380.59,10497.87,218,79,248,19.97,3.67,535,2,4,871,1,1,0,Pediatría,0.5,Cardiovasculares
551,MED-1550,Higiene Personal,Sanofi,Cali,Alta (Epidemia),Automático (ML),16002.17,11444.24,4557.93,382,16,337,35.22,3.26,1077,1,14,553,1,0,0,Pediatría,0.5,Higiene Personal
552,MED-1551,Diabetes,MK,Medellín,Normal,Proveedor Programado,17201.51,12460.41,4741.1,282,29,231,9.03,7.24,246,1,13,288,1,0,0,Pediatría,0.5,Diabetes
553,MED-1552,Vitaminas,MK,Cali,Normal,Proveedor Programado,58653.19,49053.23,9599.96,300,56,342,34.25,2.38,1053,2,6,740,0,1,1,Pediatría,0.5,Vitaminas
554,MED-1553,Antibióticos,Abbott,Barranquilla,Promoción,Manual,16746.02,12111.69,4634.33,255,67,140,37.81,9.78,1116,2,9,216,0,1,0,Dermatológicos,0.5,Antibióticos
555,MED-1554,Antigripales,Bayer,Medellín,Alta (Invierno),Manual,57084.7,43654.12,13430.58,319,29,260,27.21,0.99,828,1,5,889,0,0,0,Antigripales,0.25,Antigripales
556,MED-1555,Vitaminas,Tecnoquímicas,Medellín,Promoción,Proveedor Programado,14647.35,9830.84,4816.51,100,46,124,22.05,1.24,673,0,2,113,0,1,0,Pediatría,0.5,Vitaminas
557,MED-1556,Antigripales,Abbott,Cartagena,Promoción,Automático (ML),34608.4,28839.12,5769.28,278,68,207,21.78,4.98,642,1,2,152,0,0,1,Antigripales,0.25,Antigripales
558,MED-1557,Pediatría,MK,Cartagena,Alta (Invierno),Proveedor Programado,5115.23,3585.3,1529.93,392,20,260,27.23,2.15,823,2,7,107,1,0,1,Pediatría,0.75,Pediatría
559,MED-1558,Diabetes,Roche,Cartagena,Normal,Manual,60413.38,51285.21,9128.17,47,30,267,37.0,0.65,1081,2,7,170,1,1,0,Pediatría,0.5,Diabetes
560,MED-1559,Antibióticos,Bayer,Medellín,Promoción,Manual,38418.59,25734.11,12684.48,336,52,196,20.97,5.51,624,0,3,425,0,0,1,Antigripales,0.25,Antibióticos
561,MED-1560,Pediatría,Roche,Bogotá,Normal,Manual,18222.15,12385.67,5836.48,406,38,424,20.47,1.55,599,1,14,457,1,0,0,Pediatría,0.75,Pediatría
562,MED-1561,Cardiovasculares,Novartis,Barranquilla,Alta (Epidemia),Manual,10772.51,6999.47,3773.04,167,56,308,25.91,1.84,772,0,2,585,1,0,1,Dermatológicos,0.25,Cardiovasculares
563,MED-1562,Cardiovasculares,La Santé,Cartagena,Normal,Automático (ML),76539.87,57613.98,18925.89,198,32,243,21.35,3.0,639,2,4,634,0,1,1,Dermatológicos,0.5,Cardiovasculares
564,MED-1563,Antigripales,Pfizer,Cali,Promoción,Automático (ML),71433.94,55227.62,16206.32,387,14,368,11.45,5.44,359,2,10,470,0,0,0,Dermatológicos,0.25,Antigripales
565,MED-1564,Pediatría,Novartis,Bogotá,Normal,Automático (ML),65321.45,45386.71,19934.74,461,62,353,38.28,1.17,1074,0,12,141,0,1,1,Gastrointestinales,0.25,Pediatría
566,MED-1565,Gastrointestinales,Pfizer,Medellín,Promoción,Proveedor Programado,41589.53,28943.95,12645.58,249,29,161,26.12,6.68,818,2,3,500,1,1,1,Antigripales,0.25,Gastrointestinales
567,MED-1566,Pediatría,La Santé,Cartagena,Alta (Epidemia),Proveedor Programado,44897.7,35250.41,9647.29,303,50,403,8.31,0.6,268,1,14,649,1,0,1,Pediatría,0.5,Pediatría
568,MED-1567,Higiene Personal,Novartis,Barranquilla,Alta (Invierno),Automático (ML),11901.63,8297.31,3604.32,146,37,299,27.25,9.91,820,1,10,368,1,1,1,Pediatría,0.5,Higiene Personal
569,MED-1568,Pediatría,La Santé,Barranquilla,Alta (Invierno),Proveedor Programado,78056.53,63275.32,14781.21,257,63,374,4.8,3.38,155,0,13,408,0,0,1,Pediatría,0.5,Pediatría
570,MED-1569,Vitaminas,Pfizer,Medellín,Promoción,Automático (ML),45304.71,33875.08,11429.63,182,69,229,34.13,5.64,1019,2,13,509,0,0,1,Gastrointestinales,0.5,Vitaminas
571,MED-1570,Analgésicos,Pfizer,Medellín,Promoción,Proveedor Programado,46798.58,38231.2,8567.38,381,17,123,4.32,3.38,149,2,7,448,1,0,0,Dermatológicos,0.5,Analgésicos
572,MED-1571,Dermatológicos,Genfar,Cali,Normal,Proveedor Programado,57146.38,34597.85,22548.53,162,58,409,15.91,4.71,453,1,11,377,0,1,1,Pediatría,0.5,Dermatológicos
573,MED-1572,Pediatría,Novartis,Cali,Normal,Manual,65277.56,45070.37,20207.19,174,61,331,11.82,9.37,391,0,13,234,1,1,0,Pediatría,0.5,Pediatría
574,MED-1573,Antigripales,Novartis,Cali,Alta (Invierno),Manual,50593.93,36800.87,13793.06,64,29,391,17.63,4.7,548,1,9,398,0,0,0,Antigripales,0.25,Antigripales
575,MED-1574,Gastrointestinales,Genfar,Bogotá,Alta (Invierno),Manual,70104.62,46224.99,23879.63,216,20,187,11.42,4.5,334,1,14,853,1,1,1,Dermatológicos,0.25,Gastrointestinales
576,MED-1575,Cardiovasculares,Sanofi,Cartagena,Alta (Invierno),Proveedor Programado,22054.65,16790.41,5264.24,414,77,434,3.85,3.1,106,2,11,469,0,0,0,Pediatría,0.75,Pediatría
577,MED-1576,Higiene Personal,Tecnoquímicas,Cartagena,Alta (Epidemia),Automático (ML),42901.84,26143.62,16758.22,54,71,360,18.45,9.57,544,1,2,362,1,0,0,Antigripales,0.5,Higiene Personal
578,MED-1577,Diabetes,Sanofi,Cartagena,Normal,Automático (ML),39174.93,27965.67,11209.26,283,69,261,7.41,5.29,226,2,4,711,0,1,0,Pediatría,0.5,Diabetes
579,MED-1578,Higiene Personal,Pfizer,Cartagena,Alta (Epidemia),Automático (ML),73239.98,47777.16,25462.82,332,40,318,38.75,8.95,1153,1,5,682,0,1,1,Gastrointestinales,0.5,Higiene Personal
580,MED-1579,Diabetes,Sanofi,Cartagena,Promoción,Manual,51394.8,37996.84,13397.96,108,48,134,33.49,4.55,1005,3,8,81,1,1,1,Pediatría,1.0,Pediatría
581,MED-1580,Pediatría,Bayer,Barranquilla,Normal,Automático (ML),41360.58,28223.74,13136.84,406,73,245,32.06,6.04,955,1,1,237,0,1,0,Antigripales,0.25,Pediatría
582,MED-1581,Antigripales,La Santé,Barranquilla,Alta (Epidemia),Proveedor Programado,75433.14,46160.96,29272.18,299,69,450,8.39,1.69,266,3,7,717,0,1,0,Pediatría,0.5,Antigripales
583,MED-1582,Dermatológicos,Pfizer,Barranquilla,Alta (Epidemia),Manual,79104.53,56664.11,22440.42,162,63,361,7.12,9.5,225,5,8,886,0,1,1,Pediatría,0.75,Pediatría
584,MED-1583,Gastrointestinales,Genfar,Cartagena,Alta (Epidemia),Manual,45558.2,28641.78,16916.42,186,63,158,28.83,2.9,833,0,4,720,0,1,0,Dermatológicos,0.5,Gastrointestinales
585,MED-1584,Antigripales,Genfar,Cali,Alta (Invierno),Manual,14088.25,11973.14,2115.11,373,42,378,12.24,6.24,367,1,2,142,0,0,1,Pediatría,0.5,Antigripales
586,MED-1585,Vitaminas,Pfizer,Bogotá,Normal,Proveedor Programado,58534.28,38492.07,20042.21,211,43,205,11.34,7.02,329,1,1,856,1,0,0,Pediatría,0.5,Vitaminas
587,MED-1586,Diabetes,La Santé,Cartagena,Alta (Epidemia),Automático (ML),7262.71,5334.68,1928.03,442,71,435,37.92,7.4,1142,3,10,296,1,1,0,Dermatológicos,0.25,Diabetes
588,MED-1587,Higiene Personal,Tecnoquímicas,Barranquilla,Alta (Invierno),Proveedor Programado,43669.68,27586.93,16082.75,274,76,207,15.03,4.36,452,2,6,813,0,0,1,Pediatría,0.5,Higiene Personal
589,MED-1588,Diabetes,Novartis,Bogotá,Alta (Epidemia),Automático (ML),35676.65,27780.48,7896.17,395,19,395,17.02,2.57,504,0,4,818,0,1,0,Pediatría,0.75,Pediatría
590,MED-1589,Higiene Personal,Abbott,Cali,Normal,Manual,20077.02,15963.6,4113.42,93,33,93,2.4,6.75,53,1,4,769,0,1,0,Pediatría,0.75,Pediatría
591,MED-1590,Gastrointestinales,La Santé,Cartagena,Alta (Epidemia),Manual,29863.02,24809.96,5053.06,343,21,360,32.16,5.33,955,0,14,572,1,0,1,Pediatría,0.5,Gastrointestinales
592,MED-1591,Diabetes,Roche,Cali,Alta (Epidemia),Manual,64025.56,41407.05,22618.51,76,46,176,29.46,7.49,872,2,7,643,1,1,0,Antigripales,0.25,Diabetes
593,MED-1592,Cardiovasculares,La Santé,Cali,Promoción,Automático (ML),11893.95,8106.04,3787.91,25,79,285,3.39,7.29,102,1,4,727,1,0,0,Pediatría,0.75,Pediatría
594,MED-1593,Pediatría,Genfar,Bogotá,Alta (Epidemia),Manual,78403.27,60691.23,17712.04,192,15,82,30.0,7.63,909,1,1,362,1,1,0,Antigripales,0.25,Pediatría
595,MED-1594,Vitaminas,MK,Barranquilla,Normal,Manual,22920.29,13900.56,9019.73,286,26,168,12.05,8.87,331,1,1,627,1,1,0,Pediatría,0.75,Pediatría
596,MED-1595,Higiene Personal,Novartis,Cali,Promoción,Automático (ML),66043.5,41552.74,24490.76,117,35,251,1.23,1.25,70,0,4,878,1,0,1,Pediatría,0.5,Higiene Personal
597,MED-1596,Antibióticos,MK,Bogotá,Alta (Invierno),Automático (ML),57423.88,47662.37,9761.51,339,38,307,37.1,5.28,1055,2,3,382,1,0,1,Antigripales,0.25,Antibióticos
598,MED-1597,Gastrointestinales,Tecnoquímicas,Cali,Alta (Epidemia),Proveedor Programado,22241.35,15325.68,6915.67,333,33,405,15.98,8.62,481,1,14,589,1,1,0,Pediatría,0.5,Gastrointestinales
599,MED-1598,Cardiovasculares,Pfizer,Cali,Alta (Invierno),Proveedor Programado,62221.3,51362.28,10859.02,295,58,448,24.26,3.98,707,0,11,726,0,1,1,Gastrointestinales,0.5,Cardiovasculares
600,MED-1599,Gastrointestinales,Novartis,Barranquilla,Promoción,Manual,44338.15,36984.34,7353.81,42,32,236,30.8,2.85,925,0,6,350,1,1,1,Pediatría,0.75,Pediatría
601,MED-1600,Vitaminas,MK,Cali,Promoción,Proveedor Programado,59094.03,38406.24,20687.79,124,60,325,5.42,4.36,189,0,6,768,1,0,0,Pediatría,0.5,Vitaminas
602,MED-1601,Vitaminas,La Santé,Medellín,Alta (Epidemia),Automático (ML),65203.02,50416.25,14786.77,169,48,236,32.89,5.72,990,1,13,175,1,1,1,Gastrointestinales,0.5,Vitaminas
603,MED-1602,Dermatológicos,Abbott,Cali,Promoción,Automático (ML),38143.83,28700.27,9443.56,252,19,256,27.43,2.65,811,1,11,444,0,0,0,Pediatría,0.75,Pediatría
604,MED-1603,Vitaminas,Genfar,Cali,Normal,Manual,58777.75,38052.06,20725.69,56,59,179,8.72,4.66,266,2,9,629,0,1,0,Pediatría,0.5,Vitaminas
605,MED-1604,Antibióticos,Pfizer,Barranquilla,Normal,Manual,14532.84,8957.97,5574.87,132,20,134,23.32,4.7,708,2,2,242,1,0,0,Pediatría,1.0,Pediatría
606,MED-1605,Dermatológicos,Roche,Medellín,Normal,Proveedor Programado,14702.47,9300.48,5401.99,352,33,352,35.06,0.9,1057,2,12,892,1,1,0,Pediatría,0.5,Dermatológicos
607,MED-1606,Antigripales,Tecnoquímicas,Barranquilla,Alta (Invierno),Manual,70334.58,42964.46,27370.12,421,74,198,34.71,3.44,1053,0,5,878,0,0,0,Pediatría,0.5,Antigripales
608,MED-1607,Gastrointestinales,La Santé,Barranquilla,Promoción,Proveedor Programado,63840.12,41779.86,22060.26,430,51,450,12.07,5.08,320,1,10,400,1,1,0,Pediatría,0.75,Pediatría
609,MED-1608,Higiene Personal,MK,Cartagena,Promoción,Proveedor Programado,32451.3,21941.32,10509.98,375,61,201,12.81,4.86,385,2,1,670,1,1,1,Cardiovasculares,0.5,Higiene Personal
610,MED-1609,Diabetes,Novartis,Medellín,Normal,Automático (ML),20870.05,16220.72,4649.33,203,52,268,17.19,1.35,530,1,14,268,1,1,1,Pediatría,0.5,Diabetes
611,MED-1610,Dermatológicos,MK,Cali,Normal,Manual,62464.6,38658.2,23806.4,210,46,220,24.25,1.35,723,1,14,357,0,1,1,Gastrointestinales,0.5,Dermatológicos
612,MED-1611,Diabetes,Novartis,Bogotá,Promoción,Automático (ML),29533.94,18908.99,10624.95,131,27,329,10.29,9.42,336,0,1,599,1,0,1,Pediatría,0.5,Diabetes
613,MED-1612,Dermatológicos,Roche,Medellín,Normal,Proveedor Programado,46904.42,38248.72,8655.7,124,19,389,35.41,4.62,1050,2,3,470,1,0,1,Pediatría,0.75,Pediatría
614,MED-1613,Higiene Personal,Sanofi,Barranquilla,Alta (Invierno),Manual,77142.66,49671.77,27470.89,389,43,283,19.14,1.1,580,1,1,848,1,1,0,Pediatría,0.75,Pediatría
615,MED-1614,Dermatológicos,Pfizer,Barranquilla,Alta (Invierno),Proveedor Programado,77884.23,57323.38,20560.85,441,23,236,10.06,8.87,280,1,10,577,1,1,1,Dermatológicos,0.25,Dermatológicos
616,MED-1615,Cardiovasculares,Genfar,Bogotá,Alta (Invierno),Manual,59733.18,42610.91,17122.27,337,19,174,6.39,4.55,200,1,5,94,1,0,1,Dermatológicos,0.5,Cardiovasculares
617,MED-1616,Pediatría,Abbott,Cali,Promoción,Manual,33802.28,26858.78,6943.5,33,57,139,22.47,8.35,641,1,6,881,1,0,0,Pediatría,0.5,Pediatría
618,MED-1617,Analgésicos,Novartis,Bogotá,Alta (Invierno),Manual,77044.08,52252.15,24791.93,106,26,214,25.49,3.97,746,5,13,152,1,1,0,Pediatría,0.5,Analgésicos
619,MED-1618,Diabetes,Bayer,Medellín,Normal,Manual,10681.79,6554.65,4127.14,458,29,126,19.61,1.74,585,3,4,385,0,1,0,Cardiovasculares,0.25,Diabetes
620,MED-1619,Gastrointestinales,Sanofi,Cali,Promoción,Automático (ML),65455.05,42500.66,22954.39,105,25,278,38.53,3.25,1192,3,2,556,1,0,1,Pediatría,0.75,Pediatría
621,MED-1620,Antibióticos,MK,Bogotá,Alta (Epidemia),Automático (ML),31231.1,23572.62,7658.48,116,52,377,23.84,6.12,717,2,2,871,0,1,0,Pediatría,0.5,Antibióticos
622,MED-1621,Antigripales,Tecnoquímicas,Barranquilla,Normal,Manual,42078.2,29467.92,12610.28,195,26,350,31.47,0.68,977,3,13,872,0,1,1,Pediatría,0.5,Antigripales
623,MED-1622,Antigripales,Bayer,Medellín,Promoción,Proveedor Programado,20413.67,16702.62,3711.05,158,35,253,8.82,7.29,247,1,9,863,0,0,1,Pediatría,1.0,Pediatría
624,MED-1623,Cardiovasculares,Tecnoquímicas,Cali,Alta (Invierno),Proveedor Programado,59428.55,40653.71,18774.84,481,68,414,19.65,2.22,580,1,6,709,0,0,1,Pediatría,0.75,Pediatría
625,MED-1624,Diabetes,Tecnoquímicas,Medellín,Alta (Epidemia),Manual,3753.01,2322.29,1430.72,131,19,399,37.53,1.51,1168,2,1,493,0,0,0,Pediatría,1.0,Pediatría
626,MED-1625,Cardiovasculares,La Santé,Bogotá,Alta (Invierno),Automático (ML),61203.25,44118.4,17084.85,30,67,220,1.14,3.54,29,1,14,310,0,1,0,Pediatría,0.5,Cardiovasculares
627,MED-1626,Analgésicos,Bayer,Cartagena,Promoción,Proveedor Programado,5909.41,4496.13,1413.28,450,26,217,34.21,5.09,1001,3,5,706,0,1,0,Pediatría,0.5,Analgésicos
628,MED-1627,Antigripales,MK,Barranquilla,Normal,Proveedor Programado,65537.83,53512.02,12025.81,346,61,450,35.24,5.72,1087,1,13,102,1,0,0,Gastrointestinales,0.5,Antigripales
629,MED-1628,Gastrointestinales,MK,Cartagena,Normal,Manual,58592.7,47780.52,10812.18,105,48,411,6.02,9.5,202,1,13,106,1,0,1,Pediatría,0.5,Gastrointestinales
630,MED-1629,Higiene Personal,La Santé,Barranquilla,Alta (Invierno),Manual,65521.52,53517.19,12004.33,380,24,106,30.77,1.8,908,2,13,792,1,1,0,Pediatría,0.5,Higiene Personal
631,MED-1630,Dermatológicos,Bayer,Barranquilla,Promoción,Proveedor Programado,72944.13,45464.38,27479.75,124,21,154,15.03,5.64,452,1,5,206,1,1,0,Dermatológicos,0.25,Dermatológicos
632,MED-1631,Pediatría,MK,Cartagena,Alta (Epidemia),Automático (ML),76435.18,58131.06,18304.12,254,32,287,36.21,8.58,1087,0,7,300,1,1,0,Dermatológicos,0.5,Pediatría
633,MED-1632,Antibióticos,Novartis,Medellín,Promoción,Automático (ML),49329.87,30346.29,18983.58,439,53,177,7.53,4.1,240,2,4,117,1,1,1,Cardiovasculares,0.5,Antibióticos
634,MED-1633,Analgésicos,Novartis,Barranquilla,Alta (Invierno),Manual,36067.49,25884.79,10182.7,271,57,222,32.29,3.81,969,0,3,131,1,0,1,Antigripales,0.25,Analgésicos
635,MED-1634,Antibióticos,Novartis,Barranquilla,Alta (Invierno),Proveedor Programado,72013.68,50490.43,21523.25,337,76,135,14.48,6.4,443,2,11,598,1,0,1,Pediatría,0.5,Antibióticos
636,MED-1635,Gastrointestinales,Sanofi,Cali,Normal,Manual,44083.69,26452.87,17630.82,75,39,108,10.7,0.65,312,2,9,196,0,0,0,Dermatológicos,0.5,Gastrointestinales
637,MED-1636,Vitaminas,Bayer,Medellín,Normal,Automático (ML),5804.76,4792.62,1012.14,410,60,429,30.16,5.73,901,0,1,431,0,0,0,Dermatológicos,0.25,Vitaminas
638,MED-1637,Pediatría,Sanofi,Barranquilla,Alta (Epidemia),Manual,78792.79,54829.56,23963.23,419,19,216,25.81,4.82,824,2,11,681,1,0,0,Pediatría,0.5,Pediatría
639,MED-1638,Analgésicos,Genfar,Barranquilla,Normal,Automático (ML),69448.23,46287.62,23160.61,404,34,94,26.2,1.93,815,0,14,540,0,1,1,Gastrointestinales,0.5,Analgésicos
640,MED-1639,Gastrointestinales,Bayer,Cartagena,Alta (Epidemia),Proveedor Programado,18799.41,13568.86,5230.55,327,78,232,37.26,5.1,1103,0,6,635,0,0,1,Dermatológicos,0.5,Gastrointestinales
641,MED-1640,Antibióticos,Genfar,Cartagena,Normal,Manual,64804.53,42883.84,21920.69,256,67,461,37.79,5.44,1124,1,12,493,0,1,0,Gastrointestinales,0.5,Antibióticos
642,MED-1641,Antigripales,Novartis,Medellín,Alta (Invierno),Proveedor Programado,41312.59,26386.79,14925.8,354,32,149,38.95,2.6,1175,0,13,350,1,0,1,Pediatría,0.5,Antigripales
643,MED-1642,Diabetes,Sanofi,Bogotá,Alta (Invierno),Manual,73929.53,60519.03,13410.5,345,73,282,16.87,4.87,507,1,2,409,1,1,0,Pediatría,0.5,Diabetes
644,MED-1643,Higiene Personal,Roche,Barranquilla,Alta (Epidemia),Automático (ML),5924.15,5027.52,896.63,72,61,238,27.88,1.71,827,2,12,679,1,1,1,Dermatológicos,0.5,Higiene Personal
645,MED-1644,Cardiovasculares,La Santé,Cartagena,Alta (Invierno),Proveedor Programado,21220.75,17452.74,3768.01,103,62,441,8.46,3.47,260,2,7,87,0,1,1,Pediatría,0.5,Cardiovasculares
646,MED-1645,Gastrointestinales,Abbott,Barranquilla,Promoción,Manual,11092.51,8564.53,2527.98,212,61,211,36.42,8.14,1133,3,9,772,0,1,0,Dermatológicos,0.5,Gastrointestinales
647,MED-1646,Higiene Personal,MK,Cali,Normal,Automático (ML),44120.78,36173.11,7947.67,441,42,107,3.72,5.05,105,1,2,495,0,0,1,Pediatría,0.5,Higiene Personal
648,MED-1647,Analgésicos,Tecnoquímicas,Cartagena,Alta (Invierno),Manual,40456.06,31743.23,8712.83,312,18,354,27.09,1.7,777,0,3,832,0,1,1,Antigripales,0.25,Analgésicos
649,MED-1648,Vitaminas,MK,Cali,Alta (Epidemia),Proveedor Programado,62649.82,41737.57,20912.25,479,44,364,30.4,2.58,932,1,13,382,0,0,1,Gastrointestinales,0.25,Vitaminas
650,MED-1649,Dermatológicos,Pfizer,Cartagena,Promoción,Proveedor Programado,66176.11,49372.67,16803.44,146,24,317,12.22,7.5,340,2,6,567,0,0,1,Dermatológicos,0.25,Dermatológicos
651,MED-1650,Diabetes,MK,Barranquilla,Normal,Proveedor Programado,50048.8,37839.3,12209.5,186,79,206,11.23,2.8,331,1,13,328,1,0,1,Pediatría,0.5,Diabetes
652,MED-1651,Antibióticos,Bayer,Cali,Alta (Epidemia),Automático (ML),39656.37,33625.49,6030.88,375,38,360,39.28,1.78,1195,2,11,378,1,0,0,Pediatría,0.75,Pediatría
653,MED-1652,Pediatría,Bayer,Barranquilla,Normal,Automático (ML),16535.35,10520.34,6015.01,197,35,284,22.84,5.12,694,1,6,286,0,1,0,Pediatría,1.0,Pediatría
654,MED-1653,Gastrointestinales,Novartis,Medellín,Alta (Invierno),Manual,61994.1,51647.97,10346.13,113,65,252,4.23,9.19,117,1,3,827,1,1,0,Pediatría,0.5,Gastrointestinales
655,MED-1654,Antigripales,Sanofi,Cali,Promoción,Manual,61544.0,43393.65,18150.35,230,32,129,3.78,8.62,122,3,9,897,0,1,0,Dermatológicos,0.25,Antigripales
656,MED-1655,Diabetes,Roche,Bogotá,Promoción,Automático (ML),69102.21,50900.52,18201.69,112,55,378,22.9,1.19,687,2,7,153,0,1,1,Dermatológicos,0.5,Diabetes
657,MED-1656,Vitaminas,MK,Barranquilla,Alta (Invierno),Automático (ML),13997.46,10833.62,3163.84,269,67,333,17.93,8.28,501,0,7,385,1,0,0,Dermatológicos,0.25,Vitaminas
658,MED-1657,Antigripales,Pfizer,Cali,Promoción,Automático (ML),54478.1,44437.39,10040.71,281,74,127,34.28,9.19,1033,1,2,424,0,0,1,Dermatológicos,0.5,Antigripales
659,MED-1658,Cardiovasculares,La Santé,Cali,Alta (Invierno),Automático (ML),6889.08,4209.02,2680.06,239,30,220,31.64,3.59,914,1,1,659,1,0,1,Pediatría,0.5,Cardiovasculares
660,MED-1659,Vitaminas,La Santé,Cartagena,Promoción,Proveedor Programado,6739.33,4798.32,1941.01,127,56,430,5.92,1.67,159,0,7,589,0,1,0,Pediatría,0.75,Pediatría
661,MED-1660,Antigripales,Genfar,Cali,Alta (Invierno),Proveedor Programado,53809.98,38091.87,15718.11,396,10,124,24.63,5.92,745,0,10,490,0,0,0,Gastrointestinales,0.5,Antigripales
662,MED-1661,Antigripales,Roche,Medellín,Alta (Epidemia),Manual,41813.4,30783.88,11029.52,327,58,163,33.86,7.36,995,0,6,630,1,0,1,Antigripales,0.25,Antigripales
663,MED-1662,Diabetes,Abbott,Bogotá,Alta (Epidemia),Manual,52493.79,39208.72,13285.07,130,58,254,20.01,3.96,596,2,2,870,0,0,1,Cardiovasculares,0.5,Diabetes
664,MED-1663,Higiene Personal,Abbott,Cartagena,Alta (Invierno),Proveedor Programado,73357.02,59290.7,14066.32,56,59,286,6.91,4.7,186,1,1,877,0,1,0,Pediatría,0.5,Higiene Personal
665,MED-1664,Dermatológicos,MK,Bogotá,Alta (Epidemia),Manual,54474.88,45930.86,8544.02,79,74,211,38.01,2.84,1178,0,1,411,1,0,1,Antigripales,0.25,Dermatológicos
666,MED-1665,Analgésicos,Pfizer,Barranquilla,Alta (Epidemia),Proveedor Programado,17921.76,11714.4,6207.36,185,40,308,4.82,5.97,141,0,9,266,1,0,0,Pediatría,0.75,Pediatría
667,MED-1666,Dermatológicos,Sanofi,Medellín,Promoción,Proveedor Programado,9214.55,7815.71,1398.84,79,16,325,11.47,6.72,369,1,11,141,0,1,1,Pediatría,0.75,Pediatría
668,MED-1667,Pediatría,Novartis,Bogotá,Alta (Invierno),Manual,12870.25,8117.66,4752.59,485,31,197,28.56,9.44,857,0,5,843,1,0,0,Pediatría,0.5,Pediatría
669,MED-1668,Antigripales,Novartis,Cali,Alta (Epidemia),Automático (ML),41214.72,30338.79,10875.93,409,28,199,7.87,7.31,220,2,7,599,1,0,0,Pediatría,0.75,Pediatría
670,MED-1669,Gastrointestinales,La Santé,Cali,Alta (Epidemia),Manual,59339.33,37890.35,21448.98,136,70,121,21.25,3.33,619,1,14,199,1,0,1,Gastrointestinales,0.5,Gastrointestinales
671,MED-1670,Cardiovasculares,Bayer,Cartagena,Alta (Epidemia),Manual,15597.85,10773.31,4824.54,140,28,84,4.48,4.59,135,2,8,883,0,1,1,Pediatría,0.5,Cardiovasculares
672,MED-1671,Vitaminas,Pfizer,Barranquilla,Alta (Invierno),Automático (ML),78142.06,52477.45,25664.61,383,16,352,1.96,8.2,64,2,14,505,0,0,1,Dermatológicos,0.25,Vitaminas
673,MED-1672,Dermatológicos,Roche,Cali,Promoción,Proveedor Programado,4415.34,3410.45,1004.89,328,59,445,27.93,5.94,813,2,6,795,0,0,0,Dermatológicos,0.25,Dermatológicos
674,MED-1673,Pediatría,Novartis,Medellín,Alta (Invierno),Automático (ML),48977.98,34580.72,14397.26,310,54,360,33.18,5.11,983,1,2,200,0,1,0,Antigripales,0.25,Pediatría
675,MED-1674,Pediatría,MK,Cali,Normal,Proveedor Programado,9615.1,7485.64,2129.46,231,78,195,16.22,4.45,470,1,3,722,0,0,1,Pediatría,0.75,Pediatría
676,MED-1675,Vitaminas,Bayer,Cali,Promoción,Automático (ML),54265.4,36442.26,17823.14,290,73,308,9.2,0.72,270,0,3,96,1,1,1,Pediatría,0.5,Vitaminas
677,MED-1676,Vitaminas,Genfar,Bogotá,Alta (Invierno),Manual,20520.11,13746.43,6773.68,188,13,303,6.23,6.63,196,1,6,205,0,1,0,Pediatría,0.75,Pediatría
678,MED-1677,Pediatría,Genfar,Medellín,Normal,Automático (ML),11953.07,8774.78,3178.29,40,47,184,20.39,1.39,647,5,7,857,0,1,0,Pediatría,0.75,Pediatría
679,MED-1678,Higiene Personal,Roche,Barranquilla,Alta (Epidemia),Manual,6089.6,5026.12,1063.48,352,21,125,33.49,7.13,979,0,1,826,1,1,1,Pediatría,0.5,Higiene Personal
680,MED-1679,Vitaminas,MK,Medellín,Alta (Invierno),Manual,47857.81,37075.85,10781.96,51,19,142,22.22,0.58,645,0,11,593,1,0,1,Dermatológicos,0.25,Vitaminas
681,MED-1680,Cardiovasculares,Genfar,Medellín,Alta (Invierno),Manual,36838.83,26674.29,10164.54,479,22,296,35.23,8.22,1065,0,8,96,0,1,1,Pediatría,0.5,Cardiovasculares
682,MED-1681,Gastrointestinales,Abbott,Medellín,Promoción,Automático (ML),23921.48,15625.07,8296.41,308,16,162,34.16,2.52,1040,2,8,492,0,1,1,Pediatría,0.5,Gastrointestinales
683,MED-1682,Cardiovasculares,Roche,Cartagena,Normal,Proveedor Programado,12993.29,9604.7,3388.59,281,10,319,10.89,8.9,315,3,1,318,0,1,1,Cardiovasculares,0.5,Cardiovasculares
684,MED-1683,Analgésicos,Genfar,Cartagena,Promoción,Proveedor Programado,29004.37,21385.42,7618.95,320,12,176,29.13,6.75,861,1,8,783,0,1,0,Pediatría,0.5,Analgésicos
685,MED-1684,Antigripales,Tecnoquímicas,Barranquilla,Promoción,Automático (ML),48073.91,35425.86,12648.05,140,11,259,11.62,4.15,345,1,9,844,1,1,0,Dermatológicos,0.5,Antigripales
686,MED-1685,Cardiovasculares,Tecnoquímicas,Cartagena,Normal,Proveedor Programado,18072.44,14578.78,3493.66,484,18,348,8.48,1.08,231,1,14,49,0,1,1,Pediatría,0.75,Pediatría
687,MED-1686,Antibióticos,Novartis,Bogotá,Alta (Invierno),Proveedor Programado,6594.73,5242.04,1352.69,485,77,476,24.55,1.5,759,1,2,183,0,1,1,Dermatológicos,0.25,Antibióticos
688,MED-1687,Gastrointestinales,Abbott,Bogotá,Alta (Invierno),Automático (ML),55024.59,40478.5,14546.09,3,46,166,29.1,5.25,873,1,12,40,0,1,0,Gastrointestinales,0.5,Gastrointestinales
689,MED-1688,Dermatológicos,La Santé,Medellín,Normal,Manual,66189.4,40337.43,25851.97,18,65,384,28.56,3.33,889,3,14,609,0,1,1,Pediatría,0.5,Dermatológicos
690,MED-1689,Antibióticos,Novartis,Barranquilla,Alta (Invierno),Automático (ML),3098.9,1952.43,1146.47,272,53,403,17.28,7.44,530,0,11,62,1,0,0,Pediatría,0.5,Antibióticos
691,MED-1690,Gastrointestinales,Roche,Medellín,Alta (Invierno),Manual,17785.25,14406.04,3379.21,442,27,253,5.58,9.91,186,0,13,165,0,0,1,Pediatría,0.5,Gastrointestinales
692,MED-1691,Dermatológicos,Tecnoquímicas,Barranquilla,Alta (Epidemia),Proveedor Programado,47677.6,39382.11,8295.49,145,66,346,8.33,6.44,225,0,6,454,0,0,0,Pediatría,0.75,Pediatría
693,MED-1692,Antigripales,Bayer,Cartagena,Alta (Epidemia),Manual,27115.02,17481.33,9633.69,344,41,128,19.44,0.87,570,2,13,173,1,1,1,Pediatría,0.5,Antigripales
694,MED-1693,Higiene Personal,Bayer,Cartagena,Promoción,Manual,31711.49,20180.93,11530.56,209,59,137,30.28,5.14,913,2,1,85,0,1,1,Pediatría,0.75,Pediatría
695,MED-1694,Cardiovasculares,Abbott,Bogotá,Normal,Manual,6376.21,4346.38,2029.83,236,70,173,35.86,9.76,1052,2,9,639,1,0,0,Dermatológicos,0.5,Cardiovasculares
696,MED-1695,Vitaminas,MK,Bogotá,Alta (Epidemia),Manual,40231.2,31032.74,9198.46,479,59,353,35.73,5.91,1059,1,8,88,0,0,1,Dermatológicos,0.5,Vitaminas
697,MED-1696,Gastrointestinales,Pfizer,Bogotá,Normal,Automático (ML),11483.25,8960.63,2522.62,40,16,281,33.83,3.34,1013,3,14,614,0,0,1,Pediatría,0.5,Gastrointestinales
698,MED-1697,Pediatría,Roche,Cartagena,Alta (Invierno),Automático (ML),16445.04,11191.92,5253.12,199,52,311,21.19,5.99,636,1,1,186,1,0,0,Pediatría,0.5,Pediatría
699,MED-1698,Dermatológicos,La Santé,Cali,Promoción,Manual,74571.94,47958.08,26613.86,227,44,108,19.81,1.39,577,2,7,879,1,0,1,Dermatológicos,0.5,Dermatológicos
700,MED-1699,Diabetes,MK,Bogotá,Alta (Epidemia),Automático (ML),70845.1,47052.87,23792.23,291,52,244,5.95,4.89,200,2,13,119,1,0,0,Dermatológicos,0.25,Diabetes
701,MED-1700,Pediatría,Bayer,Bogotá,Normal,Automático (ML),10698.86,6509.04,4189.82,86,23,176,2.92,0.8,112,0,6,507,1,1,1,Pediatría,0.5,Pediatría
702,MED-1701,Dermatológicos,Novartis,Cartagena,Alta (Epidemia),Manual,31239.91,20595.46,10644.45,309,46,374,9.71,9.26,293,3,13,730,1,1,1,Pediatría,1.0,Pediatría
703,MED-1702,Vitaminas,Roche,Medellín,Alta (Epidemia),Manual,60614.39,50053.1,10561.29,39,47,144,17.44,7.22,513,2,3,136,0,0,0,Cardiovasculares,0.5,Vitaminas
704,MED-1703,Diabetes,Pfizer,Medellín,Promoción,Automático (ML),70344.65,52123.05,18221.6,89,68,145,23.61,2.04,717,0,12,514,0,1,1,Gastrointestinales,0.5,Diabetes
705,MED-1704,Higiene Personal,Genfar,Bogotá,Alta (Invierno),Proveedor Programado,65051.04,55126.47,9924.57,433,50,380,2.81,0.63,93,0,10,449,1,1,0,Pediatría,0.5,Higiene Personal
706,MED-1705,Dermatológicos,Tecnoquímicas,Cartagena,Alta (Epidemia),Manual,35752.45,23661.03,12091.42,316,55,449,35.39,8.97,1044,1,4,621,0,1,1,Dermatológicos,0.5,Dermatológicos
707,MED-1706,Cardiovasculares,Roche,Cartagena,Normal,Manual,33148.36,25800.38,7347.98,56,26,363,31.73,8.48,944,3,13,332,0,1,1,Pediatría,1.0,Pediatría
708,MED-1707,Diabetes,Abbott,Bogotá,Alta (Invierno),Automático (ML),60712.76,45998.4,14714.36,429,44,266,21.21,4.83,594,1,8,257,0,1,1,Gastrointestinales,0.25,Diabetes
709,MED-1708,Diabetes,Sanofi,Bogotá,Alta (Epidemia),Proveedor Programado,75745.76,54711.47,21034.29,210,55,190,20.51,6.95,608,2,11,410,1,0,0,Diabetes,0.5,Diabetes
710,MED-1709,Pediatría,La Santé,Cali,Normal,Manual,75137.71,48173.14,26964.57,363,25,98,18.7,6.87,532,0,12,354,1,0,1,Dermatológicos,0.25,Pediatría
711,MED-1710,Cardiovasculares,Novartis,Medellín,Promoción,Manual,58398.42,47515.42,10883.0,43,36,316,3.2,1.48,97,2,1,246,0,1,1,Dermatológicos,0.5,Cardiovasculares
712,MED-1711,Analgésicos,Tecnoquímicas,Barranquilla,Normal,Automático (ML),46644.07,32119.39,14524.68,400,48,168,29.38,4.79,850,2,14,105,0,1,1,Pediatría,0.5,Analgésicos
713,MED-1712,Dermatológicos,Genfar,Cartagena,Alta (Epidemia),Manual,10319.35,6708.79,3610.56,113,13,228,21.6,6.79,598,1,3,770,0,1,0,Pediatría,0.75,Pediatría
714,MED-1713,Antigripales,Pfizer,Barranquilla,Normal,Automático (ML),13144.27,10121.87,3022.4,204,60,253,2.3,9.17,52,2,9,327,0,0,1,Pediatría,0.5,Antigripales
715,MED-1714,Diabetes,Novartis,Cali,Alta (Epidemia),Manual,41165.35,29033.09,12132.26,367,64,446,26.8,8.88,774,1,7,764,0,0,0,Dermatológicos,0.25,Diabetes
716,MED-1715,Analgésicos,Abbott,Barranquilla,Normal,Manual,29628.8,20427.88,9200.92,134,17,130,2.25,9.43,87,1,3,735,1,0,0,Pediatría,0.75,Pediatría
717,MED-1716,Gastrointestinales,Abbott,Bogotá,Normal,Proveedor Programado,36551.55,23980.32,12571.23,243,15,230,30.12,1.39,898,3,8,121,1,0,1,Pediatría,1.0,Pediatría
718,MED-1717,Antigripales,La Santé,Medellín,Alta (Invierno),Automático (ML),46983.47,37886.66,9096.81,410,44,266,20.13,8.56,660,1,13,899,1,1,1,Pediatría,0.5,Antigripales
719,MED-1718,Antibióticos,Tecnoquímicas,Medellín,Alta (Invierno),Automático (ML),71139.36,52945.83,18193.53,306,64,446,19.67,0.92,608,0,13,629,0,0,0,Pediatría,0.5,Antibióticos
720,MED-1719,Antigripales,Novartis,Cali,Alta (Epidemia),Automático (ML),65037.0,49902.62,15134.38,138,76,140,2.92,0.52,75,1,9,442,0,1,0,Pediatría,0.5,Antigripales
721,MED-1720,Vitaminas,Pfizer,Cali,Alta (Epidemia),Proveedor Programado,52555.37,32953.24,19602.13,326,21,121,13.25,6.52,382,0,2,696,1,0,0,Dermatológicos,0.25,Vitaminas
722,MED-1721,Analgésicos,Abbott,Bogotá,Normal,Automático (ML),59070.12,40228.75,18841.37,375,15,225,5.75,5.34,177,1,13,474,0,0,1,Dermatológicos,0.25,Analgésicos
723,MED-1722,Cardiovasculares,MK,Cartagena,Promoción,Proveedor Programado,30990.61,23560.66,7429.95,104,50,335,38.78,9.92,1138,0,10,340,1,1,1,Pediatría,0.5,Cardiovasculares
724,MED-1723,Antigripales,Novartis,Bogotá,Promoción,Proveedor Programado,9081.51,7022.95,2058.56,37,12,316,36.64,8.86,1125,1,7,507,0,0,1,Pediatría,1.0,Pediatría
725,MED-1724,Antibióticos,Abbott,Cali,Promoción,Automático (ML),48157.38,32039.65,16117.73,422,77,254,24.33,0.79,728,3,13,539,0,0,0,Pediatría,0.75,Pediatría
726,MED-1725,Pediatría,Tecnoquímicas,Cali,Promoción,Manual,72750.4,53039.55,19710.85,380,58,436,30.54,7.45,907,2,6,156,1,1,1,Pediatría,0.5,Pediatría
727,MED-1726,Diabetes,Bayer,Bogotá,Promoción,Manual,26849.15,19350.25,7498.9,268,72,470,18.68,8.03,536,1,13,124,1,1,1,Dermatológicos,0.25,Diabetes
728,MED-1727,Vitaminas,Tecnoquímicas,Cali,Alta (Invierno),Proveedor Programado,11993.92,8015.42,3978.5,335,60,305,12.4,7.2,385,1,9,699,0,1,0,Pediatría,0.5,Vitaminas
729,MED-1728,Gastrointestinales,Novartis,Bogotá,Alta (Epidemia),Proveedor Programado,79311.35,49608.31,29703.04,278,65,418,33.02,1.38,986,1,11,671,1,1,1,Gastrointestinales,0.5,Gastrointestinales
730,MED-1729,Antigripales,Roche,Medellín,Alta (Invierno),Automático (ML),55134.68,43725.11,11409.57,449,15,95,11.61,7.37,372,1,10,743,1,0,1,Dermatológicos,0.25,Antigripales
731,MED-1730,Antigripales,Roche,Barranquilla,Promoción,Proveedor Programado,48365.04,34513.56,13851.48,370,55,266,33.22,2.66,985,1,8,100,1,0,0,Gastrointestinales,0.25,Antigripales
732,MED-1731,Antibióticos,Roche,Barranquilla,Normal,Proveedor Programado,11414.52,9115.59,2298.93,493,12,143,11.49,8.21,367,0,11,41,1,1,0,Pediatría,0.5,Antibióticos
733,MED-1732,Diabetes,MK,Cali,Promoción,Manual,38184.29,31904.48,6279.81,25,24,106,4.93,7.22,145,3,3,734,0,1,1,Pediatría,0.5,Diabetes
734,MED-1733,Diabetes,Bayer,Bogotá,Alta (Invierno),Manual,28896.08,19031.57,9864.51,472,48,376,5.78,4.62,170,1,11,50,0,0,0,Pediatría,0.75,Pediatría
735,MED-1734,Diabetes,Novartis,Cali,Promoción,Proveedor Programado,40046.68,27365.58,12681.1,144,43,374,3.7,3.65,138,1,9,727,1,0,0,Pediatría,0.75,Pediatría
736,MED-1735,Gastrointestinales,Tecnoquímicas,Cartagena,Alta (Epidemia),Automático (ML),27161.23,17259.91,9901.32,264,45,386,26.77,9.53,838,1,6,103,1,0,0,Pediatría,0.5,Gastrointestinales
737,MED-1736,Pediatría,Novartis,Barranquilla,Alta (Invierno),Automático (ML),31690.59,20839.28,10851.31,220,15,395,13.49,9.18,394,1,10,666,0,1,0,Pediatría,1.0,Pediatría
738,MED-1737,Analgésicos,Novartis,Cali,Normal,Automático (ML),61750.46,43011.6,18738.86,234,77,282,24.57,2.39,743,3,10,257,0,0,1,Pediatría,0.5,Analgésicos
739,MED-1738,Pediatría,Sanofi,Cali,Promoción,Automático (ML),77978.18,59718.86,18259.32,277,77,145,29.87,3.47,859,1,3,851,1,1,0,Antigripales,0.25,Pediatría
740,MED-1739,Vitaminas,Abbott,Medellín,Alta (Invierno),Proveedor Programado,53430.47,35842.45,17588.02,479,39,211,37.41,8.74,1127,3,3,383,1,1,1,Pediatría,0.5,Vitaminas
741,MED-1740,Vitaminas,Tecnoquímicas,Medellín,Alta (Invierno),Manual,55472.47,34164.6,21307.87,323,18,160,22.02,3.23,679,2,10,666,0,0,0,Dermatológicos,0.25,Vitaminas
742,MED-1741,Diabetes,Sanofi,Medellín,Normal,Manual,26386.74,21908.05,4478.69,318,68,424,27.22,2.37,843,0,11,589,1,1,1,Dermatológicos,0.25,Diabetes
743,MED-1742,Pediatría,MK,Barranquilla,Promoción,Proveedor Programado,57404.33,41611.66,15792.67,33,45,164,16.69,7.94,496,1,5,48,1,1,1,Antigripales,0.25,Pediatría
744,MED-1743,Antigripales,MK,Barranquilla,Normal,Proveedor Programado,30965.56,18983.97,11981.59,402,71,469,8.6,8.25,237,1,2,311,1,0,1,Pediatría,0.5,Antigripales
745,MED-1744,Cardiovasculares,Novartis,Cartagena,Alta (Epidemia),Manual,52133.14,35035.45,17097.69,7,60,450,3.2,8.75,80,2,9,264,0,1,1,Pediatría,0.5,Cardiovasculares
746,MED-1745,Antibióticos,Roche,Barranquilla,Normal,Manual,31090.99,25443.25,5647.74,272,59,401,5.69,2.69,161,3,6,493,1,1,0,Pediatría,0.75,Pediatría
747,MED-1746,Higiene Personal,Roche,Bogotá,Alta (Invierno),Automático (ML),55636.62,33421.5,22215.12,288,27,241,15.71,6.81,470,6,14,477,0,1,0,Pediatría,0.75,Pediatría
748,MED-1747,Gastrointestinales,Novartis,Bogotá,Promoción,Automático (ML),11171.66,8626.32,2545.34,238,21,368,37.22,8.14,1129,1,2,804,1,1,1,Pediatría,0.5,Gastrointestinales
749,MED-1748,Gastrointestinales,Tecnoquímicas,Cali,Alta (Invierno),Manual,15956.05,11893.84,4062.21,58,15,244,8.92,4.79,250,3,9,794,1,1,0,Pediatría,1.0,Pediatría
750,MED-1749,Diabetes,Roche,Medellín,Normal,Proveedor Programado,14754.68,11472.4,3282.28,113,65,394,29.49,4.81,888,1,5,322,1,0,1,Pediatría,0.5,Diabetes
751,MED-1750,Diabetes,Pfizer,Medellín,Normal,Automático (ML),33087.98,26394.69,6693.29,411,27,320,10.64,9.96,320,1,8,302,1,0,1,Pediatría,0.75,Pediatría
752,MED-1751,Dermatológicos,Tecnoquímicas,Bogotá,Normal,Proveedor Programado,17126.26,13522.91,3603.35,175,40,197,13.48,6.17,408,2,12,386,0,0,1,Pediatría,1.0,Pediatría
753,MED-1752,Gastrointestinales,MK,Cali,Alta (Invierno),Automático (ML),11313.11,6984.84,4328.27,201,57,436,20.88,4.51,644,2,9,778,0,0,1,Pediatría,0.75,Pediatría
754,MED-1753,Antibióticos,MK,Cartagena,Alta (Invierno),Automático (ML),8737.31,6357.25,2380.06,457,29,128,31.6,1.39,913,4,5,794,1,1,0,Pediatría,0.5,Antibióticos
755,MED-1754,Diabetes,MK,Medellín,Alta (Epidemia),Manual,4561.58,3283.67,1277.91,189,56,110,2.57,2.41,59,2,6,272,1,0,0,Pediatría,0.5,Diabetes
756,MED-1755,Vitaminas,Abbott,Barranquilla,Promoción,Automático (ML),5246.14,3941.3,1304.84,121,12,372,4.07,2.13,86,0,11,849,1,0,1,Pediatría,1.0,Pediatría
757,MED-1756,Cardiovasculares,Abbott,Cali,Alta (Invierno),Proveedor Programado,56609.05,36881.84,19727.21,365,46,189,9.23,6.89,294,0,8,521,1,0,1,Dermatológicos,0.25,Cardiovasculares
758,MED-1757,Diabetes,Sanofi,Cali,Normal,Manual,16638.35,11766.08,4872.27,244,51,278,16.54,3.2,498,1,8,488,1,1,1,Pediatría,0.5,Diabetes
759,MED-1758,Gastrointestinales,Tecnoquímicas,Cali,Normal,Automático (ML),47335.46,30337.58,16997.88,172,42,122,2.76,7.45,79,5,8,868,1,1,0,Cardiovasculares,0.75,Cardiovasculares
760,MED-1759,Pediatría,Genfar,Cartagena,Alta (Epidemia),Proveedor Programado,71695.77,51450.2,20245.57,58,73,146,6.17,2.72,167,2,6,450,0,1,0,Pediatría,0.5,Pediatría
761,MED-1760,Analgésicos,Pfizer,Bogotá,Promoción,Manual,63819.58,48157.4,15662.18,213,60,174,19.57,7.05,548,1,9,748,0,1,1,Pediatría,0.5,Analgésicos
762,MED-1761,Antigripales,Tecnoquímicas,Cali,Alta (Invierno),Manual,41517.82,26577.67,14940.15,242,27,153,7.66,6.8,276,1,12,718,0,0,0,Pediatría,0.5,Antigripales
763,MED-1762,Pediatría,Genfar,Cartagena,Normal,Proveedor Programado,78115.6,53377.2,24738.4,280,60,347,24.63,1.35,757,2,3,624,0,0,0,Pediatría,0.5,Pediatría
764,MED-1763,Cardiovasculares,Roche,Medellín,Normal,Proveedor Programado,69094.75,57984.93,11109.82,436,63,282,34.15,8.54,1038,3,14,772,0,1,1,Pediatría,0.5,Cardiovasculares
765,MED-1764,Diabetes,Pfizer,Barranquilla,Alta (Epidemia),Automático (ML),3122.02,2281.64,840.38,195,53,405,31.12,7.73,926,0,10,337,1,1,0,Dermatológicos,0.25,Diabetes
766,MED-1765,Antibióticos,Tecnoquímicas,Bogotá,Promoción,Automático (ML),60433.7,41975.34,18458.36,467,23,324,9.89,0.61,310,1,11,215,1,0,1,Dermatológicos,0.25,Antibióticos
767,MED-1766,Dermatológicos,MK,Barranquilla,Normal,Automático (ML),78911.1,53435.3,25475.8,256,63,123,2.8,3.03,77,0,8,569,0,1,0,Pediatría,0.5,Dermatológicos
768,MED-1767,Diabetes,Pfizer,Medellín,Promoción,Manual,52334.69,36816.49,15518.2,317,36,330,3.07,5.66,60,1,10,730,0,1,1,Pediatría,0.5,Diabetes
769,MED-1768,Antibióticos,Bayer,Bogotá,Normal,Proveedor Programado,78841.76,53409.93,25431.83,448,16,272,5.49,7.1,139,4,7,170,1,1,0,Pediatría,0.5,Antibióticos
770,MED-1769,Diabetes,MK,Bogotá,Normal,Proveedor Programado,64872.72,55070.52,9802.2,477,62,342,13.05,6.31,422,0,3,419,1,1,0,Pediatría,0.5,Diabetes
771,MED-1770,Gastrointestinales,Sanofi,Cartagena,Normal,Proveedor Programado,4736.29,2907.79,1828.5,403,54,295,35.06,7.2,1078,1,10,307,1,1,1,Dermatológicos,0.25,Gastrointestinales
772,MED-1771,Cardiovasculares,Pfizer,Cartagena,Alta (Invierno),Manual,22090.8,18378.39,3712.41,14,45,107,2.39,1.8,97,0,8,514,1,1,0,Pediatría,0.5,Cardiovasculares
773,MED-1772,Pediatría,Novartis,Cali,Alta (Epidemia),Proveedor Programado,74937.5,46581.61,28355.89,60,49,343,37.6,2.27,1128,0,4,703,1,1,0,Dermatológicos,0.5,Pediatría
774,MED-1773,Antibióticos,La Santé,Cartagena,Alta (Epidemia),Manual,27340.08,19305.47,8034.61,334,63,358,6.98,7.47,212,2,13,814,1,1,0,Pediatría,0.75,Pediatría
775,MED-1774,Vitaminas,Novartis,Bogotá,Promoción,Proveedor Programado,17285.5,13187.45,4098.05,439,51,139,13.45,2.9,401,2,9,306,0,1,1,Cardiovasculares,0.75,Cardiovasculares
776,MED-1775,Antibióticos,La Santé,Barranquilla,Normal,Proveedor Programado,15070.75,10649.01,4421.74,25,17,70,16.28,6.41,504,0,9,684,1,0,0,Pediatría,0.75,Pediatría
777,MED-1776,Analgésicos,Genfar,Bogotá,Alta (Invierno),Automático (ML),45892.66,36568.98,9323.68,184,51,192,6.31,8.93,193,3,4,575,1,0,1,Cardiovasculares,0.75,Cardiovasculares
778,MED-1777,Diabetes,Novartis,Barranquilla,Normal,Manual,42549.77,34072.21,8477.56,429,32,302,4.73,9.19,161,2,13,392,1,0,1,Pediatría,0.75,Pediatría
779,MED-1778,Analgésicos,Sanofi,Bogotá,Alta (Invierno),Proveedor Programado,55325.49,34123.29,21202.2,62,77,153,11.02,6.81,317,0,4,348,1,0,0,Pediatría,0.5,Analgésicos
780,MED-1779,Antibióticos,Bayer,Medellín,Promoción,Proveedor Programado,40562.36,27527.46,13034.9,254,50,354,11.47,8.68,362,1,5,739,0,1,0,Pediatría,0.75,Pediatría
781,MED-1780,Antigripales,MK,Bogotá,Alta (Invierno),Proveedor Programado,29526.95,18170.46,11356.49,25,12,390,5.13,0.68,161,2,1,92,0,1,0,Pediatría,0.5,Antigripales
782,MED-1781,Diabetes,Roche,Medellín,Normal,Manual,14167.52,11110.19,3057.33,343,40,134,29.87,5.66,886,1,5,222,0,1,0,Pediatría,0.5,Diabetes
783,MED-1782,Antibióticos,Genfar,Barranquilla,Alta (Epidemia),Proveedor Programado,53464.51,37670.6,15793.91,414,35,363,33.11,8.85,979,1,9,349,1,1,0,Gastrointestinales,0.25,Antibióticos
784,MED-1783,Pediatría,Novartis,Medellín,Alta (Epidemia),Manual,31462.52,21467.71,9994.81,436,10,317,5.14,2.71,158,1,8,515,0,0,1,Pediatría,0.75,Pediatría
785,MED-1784,Antibióticos,Pfizer,Cali,Alta (Invierno),Automático (ML),4154.88,2660.27,1494.61,384,69,225,23.71,9.87,720,1,2,593,0,1,0,Dermatológicos,0.5,Antibióticos
786,MED-1785,Diabetes,Genfar,Cartagena,Normal,Manual,36148.01,25911.27,10236.74,233,31,246,16.96,3.25,518,2,11,157,0,1,0,Pediatría,0.5,Diabetes
787,MED-1786,Analgésicos,Abbott,Bogotá,Normal,Manual,49527.98,39958.66,9569.32,332,13,75,22.59,5.22,680,2,8,322,0,0,1,Pediatría,0.5,Analgésicos
788,MED-1787,Cardiovasculares,Abbott,Medellín,Alta (Invierno),Manual,76976.06,55798.97,21177.09,225,43,373,18.51,5.6,569,0,7,503,1,1,1,Pediatría,0.75,Pediatría
789,MED-1788,Antigripales,MK,Cartagena,Normal,Proveedor Programado,70792.49,50151.59,20640.9,389,28,264,36.05,9.35,1079,0,14,551,0,1,0,Gastrointestinales,0.5,Antigripales
790,MED-1789,Dermatológicos,La Santé,Barranquilla,Normal,Proveedor Programado,20023.07,14579.0,5444.07,310,75,191,3.34,3.59,100,2,10,560,0,0,0,Pediatría,0.5,Dermatológicos
791,MED-1790,Higiene Personal,Pfizer,Cartagena,Alta (Epidemia),Proveedor Programado,3711.6,2976.85,734.75,394,57,412,23.83,3.5,725,0,6,130,0,1,0,Dermatológicos,0.25,Higiene Personal
792,MED-1791,Dermatológicos,Bayer,Medellín,Normal,Manual,63884.12,38520.49,25363.63,155,76,361,36.63,4.45,1147,1,1,377,1,1,0,Dermatológicos,0.5,Dermatológicos
793,MED-1792,Vitaminas,Bayer,Bogotá,Alta (Epidemia),Automático (ML),63399.42,48312.68,15086.74,107,46,186,34.68,6.9,1042,4,11,453,0,1,1,Pediatría,0.5,Vitaminas
794,MED-1793,Gastrointestinales,Roche,Barranquilla,Normal,Manual,5434.74,3612.06,1822.68,367,45,431,27.63,7.16,874,4,12,766,0,0,0,Pediatría,0.5,Gastrointestinales
795,MED-1794,Analgésicos,Abbott,Cartagena,Normal,Manual,53613.55,37860.27,15753.28,90,73,398,16.05,9.83,515,1,12,159,0,1,1,Pediatría,0.5,Analgésicos
796,MED-1795,Cardiovasculares,Genfar,Cali,Alta (Invierno),Manual,7152.81,5215.38,1937.43,319,61,435,5.82,1.46,205,0,2,201,1,0,0,Pediatría,0.75,Pediatría
797,MED-1796,Antigripales,Sanofi,Medellín,Promoción,Manual,22360.12,14386.35,7973.77,474,63,179,9.99,3.61,288,1,9,333,0,1,1,Pediatría,0.5,Antigripales
798,MED-1797,Analgésicos,Sanofi,Medellín,Alta (Invierno),Proveedor Programado,22167.53,16572.34,5595.19,404,10,224,5.96,4.29,185,1,1,76,1,0,1,Pediatría,0.5,Analgésicos
799,MED-1798,Gastrointestinales,MK,Barranquilla,Alta (Invierno),Proveedor Programado,45830.2,32211.88,13618.32,5,62,255,38.97,2.69,1151,2,8,299,1,1,0,Antigripales,0.25,Gastrointestinales
800,MED-1799,Gastrointestinales,MK,Bogotá,Normal,Automático (ML),46616.16,33467.56,13148.6,116,44,402,5.43,3.74,154,0,1,189,0,0,1,Pediatría,0.5,Gastrointestinales
801,MED-1800,Diabetes,Sanofi,Medellín,Alta (Epidemia),Manual,58180.66,41268.73,16911.93,111,75,235,19.86,2.0,553,0,13,752,1,0,0,Pediatría,0.5,Diabetes
802,MED-1801,Pediatría,Novartis,Medellín,Normal,Automático (ML),45516.38,35876.2,9640.18,19,23,205,21.36,1.98,638,2,13,228,1,0,1,Dermatológicos,0.5,Pediatría
803,MED-1802,Diabetes,Tecnoquímicas,Bogotá,Promoción,Proveedor Programado,53405.83,41513.88,11891.95,366,45,101,23.51,3.75,725,1,13,565,0,0,1,Gastrointestinales,0.25,Diabetes
804,MED-1803,Cardiovasculares,Roche,Medellín,Alta (Invierno),Proveedor Programado,23182.7,15897.79,7284.91,331,65,141,1.32,7.91,12,1,13,132,0,1,0,Pediatría,0.5,Cardiovasculares
805,MED-1804,Analgésicos,Abbott,Cartagena,Normal,Automático (ML),64467.02,51305.06,13161.96,168,22,196,35.18,0.68,1059,1,2,546,1,1,0,Dermatológicos,0.5,Analgésicos
806,MED-1805,Diabetes,Abbott,Medellín,Normal,Proveedor Programado,73848.76,52991.95,20856.81,182,26,340,36.89,4.69,1117,2,8,148,0,1,0,Dermatológicos,0.5,Diabetes
807,MED-1806,Vitaminas,La Santé,Cali,Alta (Invierno),Proveedor Programado,37975.54,25052.14,12923.4,281,55,150,29.22,8.41,913,2,8,32,0,0,1,Pediatría,0.75,Pediatría
808,MED-1807,Dermatológicos,MK,Barranquilla,Normal,Automático (ML),10579.47,8772.51,1806.96,249,68,320,4.7,3.66,131,2,13,363,1,0,1,Pediatría,0.75,Pediatría
809,MED-1808,Vitaminas,La Santé,Barranquilla,Normal,Proveedor Programado,27613.21,22162.59,5450.62,441,15,172,17.72,4.29,526,0,4,507,0,1,1,Pediatría,0.5,Vitaminas
810,MED-1809,Higiene Personal,Bayer,Cali,Promoción,Automático (ML),27800.2,20701.32,7098.88,86,30,390,13.68,2.0,410,0,14,792,0,0,1,Pediatría,0.75,Pediatría
811,MED-1810,Analgésicos,Novartis,Cali,Normal,Manual,30993.98,22714.6,8279.38,77,39,373,25.52,5.76,783,1,10,591,1,1,1,Pediatría,0.5,Analgésicos
812,MED-1811,Pediatría,Bayer,Cali,Alta (Epidemia),Manual,9452.92,6812.94,2639.98,216,70,387,18.31,5.92,563,3,9,124,0,0,0,Cardiovasculares,0.5,Pediatría
813,MED-1812,Gastrointestinales,Genfar,Cartagena,Normal,Proveedor Programado,3456.47,2585.82,870.65,472,32,207,39.22,4.24,1186,2,4,132,1,0,0,Pediatría,0.5,Gastrointestinales
814,MED-1813,Gastrointestinales,La Santé,Cali,Promoción,Automático (ML),71802.16,50068.84,21733.32,33,69,431,34.68,9.33,1020,3,8,202,0,0,1,Antigripales,0.25,Gastrointestinales
815,MED-1814,Gastrointestinales,Abbott,Barranquilla,Normal,Automático (ML),47425.85,31710.64,15715.21,348,33,345,31.17,8.81,906,2,2,199,1,1,1,Pediatría,0.5,Gastrointestinales
816,MED-1815,Antibióticos,Genfar,Barranquilla,Normal,Manual,52152.31,39825.67,12326.64,436,34,172,26.8,6.12,810,1,7,525,1,0,1,Pediatría,0.5,Antibióticos
817,MED-1816,Antibióticos,Pfizer,Medellín,Alta (Epidemia),Manual,11966.31,8964.19,3002.12,320,63,461,17.75,5.77,550,2,4,281,0,1,0,Pediatría,0.5,Antibióticos
818,MED-1817,Antigripales,Novartis,Bogotá,Alta (Epidemia),Automático (ML),52083.29,38456.06,13627.23,255,21,148,33.59,7.04,1034,2,5,302,0,1,1,Pediatría,0.5,Antigripales
819,MED-1818,Cardiovasculares,Abbott,Bogotá,Alta (Epidemia),Manual,46022.17,34803.6,11218.57,318,62,452,31.84,4.05,971,3,4,87,0,0,0,Pediatría,0.5,Cardiovasculares
820,MED-1819,Higiene Personal,La Santé,Barranquilla,Alta (Epidemia),Proveedor Programado,15443.04,9722.76,5720.28,160,26,132,26.72,9.19,779,0,14,483,1,1,1,Pediatría,0.75,Pediatría
821,MED-1820,Diabetes,Tecnoquímicas,Cartagena,Alta (Invierno),Automático (ML),65595.49,39994.78,25600.71,406,19,119,32.0,1.57,987,1,4,625,0,1,0,Gastrointestinales,0.5,Diabetes
822,MED-1821,Diabetes,La Santé,Cali,Normal,Manual,6195.45,4153.29,2042.16,409,28,342,1.85,5.45,56,4,2,493,1,1,1,Cardiovasculares,0.5,Diabetes
823,MED-1822,Vitaminas,Roche,Medellín,Alta (Epidemia),Manual,36089.75,25486.86,10602.89,431,53,367,2.17,4.27,65,2,14,505,0,0,0,Pediatría,0.5,Vitaminas
824,MED-1823,Antigripales,Pfizer,Bogotá,Alta (Epidemia),Proveedor Programado,27255.64,20275.13,6980.51,80,27,138,12.53,6.02,388,2,5,733,0,1,1,Pediatría,0.75,Pediatría
825,MED-1824,Gastrointestinales,MK,Medellín,Normal,Proveedor Programado,66500.46,44490.78,22009.68,107,56,370,34.45,3.03,1039,3,13,706,1,1,0,Pediatría,0.5,Gastrointestinales
826,MED-1825,Gastrointestinales,Abbott,Cartagena,Alta (Invierno),Proveedor Programado,74874.96,58130.85,16744.11,357,54,330,30.44,3.63,898,2,5,406,1,0,0,Gastrointestinales,0.25,Gastrointestinales
827,MED-1826,Cardiovasculares,Abbott,Medellín,Promoción,Automático (ML),50136.22,35508.64,14627.58,145,30,389,24.46,8.8,724,2,5,657,0,0,1,Pediatría,0.5,Cardiovasculares
828,MED-1827,Dermatológicos,Abbott,Cali,Alta (Invierno),Proveedor Programado,63984.24,43578.28,20405.96,297,32,407,14.69,9.34,435,1,13,606,1,1,0,Pediatría,0.5,Dermatológicos
829,MED-1828,Diabetes,Bayer,Medellín,Normal,Automático (ML),23451.93,18200.77,5251.16,267,56,217,13.71,5.02,453,3,14,329,0,1,0,Cardiovasculares,0.5,Diabetes
830,MED-1829,Diabetes,La Santé,Bogotá,Alta (Epidemia),Manual,49283.37,38315.41,10967.96,403,26,143,30.1,5.45,894,3,4,679,0,0,1,Pediatría,0.75,Pediatría
831,MED-1830,Antigripales,Bayer,Bogotá,Promoción,Proveedor Programado,40058.09,30217.36,9840.73,59,78,148,29.62,4.4,910,2,14,258,0,1,0,Pediatría,0.5,Antigripales
832,MED-1831,Diabetes,La Santé,Cartagena,Normal,Proveedor Programado,41197.81,26460.36,14737.45,330,51,147,24.59,6.77,692,3,5,191,1,1,0,Pediatría,0.75,Pediatría
833,MED-1832,Cardiovasculares,La Santé,Barranquilla,Alta (Epidemia),Manual,76920.91,61930.2,14990.71,464,74,432,11.37,4.67,352,2,8,569,1,1,1,Pediatría,0.5,Cardiovasculares
834,MED-1833,Dermatológicos,Abbott,Cartagena,Normal,Manual,74968.2,45141.52,29826.68,2,74,196,16.91,1.58,533,2,1,63,1,1,1,Antigripales,0.25,Dermatológicos
835,MED-1834,Dermatológicos,MK,Barranquilla,Promoción,Manual,26933.92,22787.72,4146.2,46,13,290,22.63,8.51,689,1,9,667,0,0,0,Pediatría,0.75,Pediatría
836,MED-1835,Dermatológicos,Abbott,Cartagena,Alta (Epidemia),Manual,41930.11,29489.48,12440.63,142,45,206,20.98,4.34,619,3,14,399,1,0,0,Pediatría,0.5,Dermatológicos
837,MED-1836,Cardiovasculares,Tecnoquímicas,Barranquilla,Alta (Invierno),Proveedor Programado,45724.75,36536.2,9188.55,383,60,397,24.26,3.52,743,2,3,880,1,0,0,Cardiovasculares,0.5,Cardiovasculares
838,MED-1837,Vitaminas,Sanofi,Cali,Promoción,Manual,25436.6,20493.86,4942.74,490,28,345,21.31,4.76,625,0,11,838,1,1,1,Pediatría,0.5,Vitaminas
839,MED-1838,Higiene Personal,Abbott,Medellín,Normal,Manual,10587.37,8357.31,2230.06,150,57,301,29.64,3.99,889,2,6,817,0,1,1,Dermatológicos,0.5,Higiene Personal
840,MED-1839,Diabetes,Pfizer,Cali,Promoción,Manual,56794.94,44071.96,12722.98,404,27,235,20.08,4.78,583,1,5,555,1,0,0,Dermatológicos,0.5,Diabetes
841,MED-1840,Antibióticos,Tecnoquímicas,Barranquilla,Normal,Proveedor Programado,51782.22,34286.77,17495.45,123,38,117,13.76,2.8,403,2,3,568,1,1,1,Dermatológicos,0.5,Antibióticos
842,MED-1841,Dermatológicos,Abbott,Bogotá,Alta (Epidemia),Proveedor Programado,51762.83,41549.0,10213.83,127,20,245,11.93,1.89,364,1,14,79,0,1,0,Dermatológicos,0.5,Dermatológicos
843,MED-1842,Pediatría,Bayer,Medellín,Alta (Epidemia),Automático (ML),54105.24,37618.03,16487.21,356,65,219,39.08,6.62,1198,5,1,652,0,1,0,Pediatría,0.75,Pediatría
844,MED-1843,Analgésicos,Tecnoquímicas,Cali,Promoción,Proveedor Programado,51239.39,40930.24,10309.15,396,55,359,21.99,5.87,660,1,6,470,1,0,1,Antigripales,0.25,Analgésicos
845,MED-1844,Dermatológicos,Novartis,Bogotá,Alta (Invierno),Proveedor Programado,44669.44,27789.83,16879.61,416,45,253,11.09,3.74,343,2,8,130,0,0,0,Dermatológicos,0.5,Dermatológicos
846,MED-1845,Higiene Personal,La Santé,Cali,Alta (Epidemia),Automático (ML),23689.96,16272.63,7417.33,95,20,70,15.35,5.78,447,2,5,264,1,0,1,Pediatría,0.75,Pediatría
847,MED-1846,Vitaminas,Bayer,Medellín,Alta (Epidemia),Automático (ML),58855.0,38397.9,20457.1,341,25,396,39.58,4.89,1164,2,6,622,1,1,1,Pediatría,0.75,Pediatría
848,MED-1847,Vitaminas,Pfizer,Medellín,Alta (Invierno),Proveedor Programado,31417.32,24521.98,6895.34,443,79,198,18.98,6.9,539,2,13,472,0,0,0,Dermatológicos,0.25,Vitaminas
849,MED-1848,Cardiovasculares,Abbott,Bogotá,Normal,Manual,79878.44,62952.25,16926.19,128,66,296,16.45,4.36,506,1,11,247,0,1,1,Pediatría,0.5,Cardiovasculares
850,MED-1849,Dermatológicos,La Santé,Medellín,Promoción,Proveedor Programado,42517.61,31738.31,10779.3,149,17,316,27.78,5.44,822,1,3,54,1,0,1,Pediatría,0.5,Dermatológicos
851,MED-1850,Analgésicos,Pfizer,Medellín,Alta (Invierno),Proveedor Programado,24933.66,18109.09,6824.57,366,75,177,31.86,6.02,955,3,7,197,0,0,1,Dermatológicos,0.5,Analgésicos
852,MED-1851,Vitaminas,Genfar,Medellín,Normal,Automático (ML),5269.68,3396.65,1873.03,136,48,418,24.97,0.95,779,2,7,741,0,0,0,Pediatría,0.75,Pediatría
853,MED-1852,Diabetes,Sanofi,Bogotá,Alta (Invierno),Manual,8428.88,6279.6,2149.28,350,66,206,25.72,3.22,763,1,14,545,0,0,1,Dermatológicos,0.25,Diabetes
854,MED-1853,Antibióticos,Tecnoquímicas,Bogotá,Normal,Automático (ML),46111.77,31136.04,14975.73,137,58,457,10.06,5.58,301,1,5,884,0,0,0,Pediatría,0.5,Antibióticos
855,MED-1854,Pediatría,Genfar,Cartagena,Alta (Invierno),Manual,54665.05,43102.54,11562.51,489,16,94,35.97,6.59,1082,0,2,45,1,0,0,Gastrointestinales,0.25,Pediatría
856,MED-1855,Vitaminas,Tecnoquímicas,Cartagena,Alta (Epidemia),Automático (ML),19405.42,14632.13,4773.29,31,58,376,38.01,7.88,1136,4,11,754,0,0,0,Dermatológicos,0.25,Vitaminas
857,MED-1856,Antibióticos,Roche,Bogotá,Alta (Invierno),Proveedor Programado,56987.87,38333.5,18654.37,208,54,445,29.3,2.68,834,1,6,845,0,1,0,Pediatría,0.5,Antibióticos
858,MED-1857,Higiene Personal,Bayer,Bogotá,Alta (Invierno),Proveedor Programado,77856.83,46991.99,30864.84,43,41,244,6.25,1.93,170,2,9,833,1,1,0,Dermatológicos,0.5,Higiene Personal
859,MED-1858,Diabetes,Pfizer,Medellín,Alta (Epidemia),Automático (ML),30334.62,18750.94,11583.68,265,34,114,34.98,6.8,1036,1,2,775,1,0,0,Pediatría,0.5,Diabetes
860,MED-1859,Cardiovasculares,Pfizer,Cali,Normal,Automático (ML),22918.5,17851.01,5067.49,300,13,387,20.97,3.92,668,0,6,613,0,0,1,Pediatría,1.0,Pediatría
861,MED-1860,Gastrointestinales,Tecnoquímicas,Cartagena,Normal,Manual,15990.03,10856.41,5133.62,106,14,271,16.46,1.24,515,0,2,330,1,1,0,Pediatría,0.5,Gastrointestinales
862,MED-1861,Cardiovasculares,Tecnoquímicas,Barranquilla,Alta (Epidemia),Proveedor Programado,3599.37,2837.19,762.18,437,25,383,15.17,5.26,479,1,8,268,1,0,1,Pediatría,0.75,Pediatría
863,MED-1862,Dermatológicos,Sanofi,Medellín,Normal,Automático (ML),52824.4,37825.87,14998.53,294,11,167,38.28,2.54,1156,2,5,792,1,0,0,Pediatría,0.5,Dermatológicos
864,MED-1863,Diabetes,Pfizer,Barranquilla,Promoción,Proveedor Programado,9816.22,7384.25,2431.97,101,76,425,22.24,5.56,700,1,2,750,0,0,0,Pediatría,0.5,Diabetes
865,MED-1864,Cardiovasculares,Sanofi,Cartagena,Normal,Proveedor Programado,39146.48,30537.41,8609.07,464,71,236,13.57,6.3,389,2,7,120,0,0,1,Cardiovasculares,0.5,Cardiovasculares
866,MED-1865,Antigripales,La Santé,Medellín,Promoción,Manual,30526.2,23882.37,6643.83,57,61,267,33.94,4.47,990,2,3,616,0,1,1,Pediatría,0.75,Pediatría
867,MED-1866,Dermatológicos,Roche,Cartagena,Alta (Epidemia),Proveedor Programado,48673.01,31476.02,17196.99,479,53,356,14.03,1.52,420,1,7,404,1,1,1,Pediatría,0.75,Pediatría
868,MED-1867,Pediatría,Sanofi,Barranquilla,Alta (Epidemia),Manual,75862.37,59426.06,16436.31,285,75,129,33.24,1.52,986,3,14,647,1,0,0,Pediatría,0.5,Pediatría
869,MED-1868,Dermatológicos,Abbott,Barranquilla,Alta (Invierno),Proveedor Programado,56183.98,41211.34,14972.64,445,42,259,20.09,3.46,594,2,1,552,0,0,0,Antigripales,0.25,Dermatológicos
870,MED-1869,Analgésicos,Pfizer,Barranquilla,Normal,Manual,15143.18,10040.95,5102.23,226,67,178,11.7,5.7,341,0,9,200,1,1,0,Pediatría,0.5,Analgésicos
871,MED-1870,Dermatológicos,Roche,Cartagena,Normal,Manual,75671.74,60616.9,15054.84,87,36,153,14.87,8.01,453,1,10,607,1,1,0,Dermatológicos,0.25,Dermatológicos
872,MED-1871,Dermatológicos,Abbott,Barranquilla,Alta (Epidemia),Proveedor Programado,31913.39,23119.31,8794.08,317,19,175,16.54,0.68,484,0,7,821,1,0,0,Pediatría,0.75,Pediatría
873,MED-1872,Cardiovasculares,Pfizer,Barranquilla,Promoción,Automático (ML),6380.66,4871.15,1509.51,388,59,159,10.51,1.95,267,4,8,398,1,1,1,Cardiovasculares,0.5,Cardiovasculares
874,MED-1873,Analgésicos,Bayer,Medellín,Alta (Epidemia),Proveedor Programado,15718.32,13051.84,2666.48,379,30,173,3.79,4.2,97,1,13,445,0,1,1,Pediatría,0.75,Pediatría
875,MED-1874,Vitaminas,Tecnoquímicas,Barranquilla,Promoción,Manual,70159.75,42930.46,27229.29,172,28,141,28.12,1.5,825,1,11,586,1,1,1,Gastrointestinales,0.5,Vitaminas
876,MED-1875,Higiene Personal,MK,Cartagena,Normal,Automático (ML),36708.85,22223.79,14485.06,279,26,371,13.54,1.76,393,3,6,223,1,1,1,Pediatría,0.5,Higiene Personal
877,MED-1876,Pediatría,La Santé,Cali,Alta (Epidemia),Manual,18447.46,12393.6,6053.86,391,57,116,28.27,9.26,834,2,10,793,0,0,0,Dermatológicos,0.5,Pediatría
878,MED-1877,Gastrointestinales,La Santé,Cartagena,Normal,Proveedor Programado,12090.2,7424.21,4665.99,43,42,407,16.32,5.99,459,1,6,624,1,1,0,Pediatría,0.75,Pediatría
879,MED-1878,Cardiovasculares,La Santé,Cali,Promoción,Automático (ML),33657.51,25074.57,8582.94,174,39,371,20.79,3.62,628,1,7,426,0,0,0,Pediatría,0.5,Cardiovasculares
880,MED-1879,Antigripales,Tecnoquímicas,Cartagena,Normal,Proveedor Programado,25949.27,18054.86,7894.41,89,33,323,5.27,6.77,184,2,2,363,0,1,0,Pediatría,0.5,Antigripales
881,MED-1880,Gastrointestinales,MK,Bogotá,Alta (Epidemia),Manual,60249.7,44162.85,16086.85,359,42,207,28.91,8.1,826,1,13,171,1,1,1,Gastrointestinales,0.25,Gastrointestinales
882,MED-1881,Dermatológicos,Bayer,Barranquilla,Normal,Automático (ML),69194.25,45975.34,23218.91,103,67,294,20.46,2.54,600,0,4,356,1,1,1,Dermatológicos,0.5,Dermatológicos
883,MED-1882,Pediatría,Pfizer,Barranquilla,Normal,Proveedor Programado,58321.43,46221.03,12100.4,284,59,369,11.16,2.05,376,0,12,629,0,1,1,Pediatría,0.5,Pediatría
884,MED-1883,Higiene Personal,La Santé,Medellín,Alta (Epidemia),Automático (ML),38232.8,25503.97,12728.83,62,73,351,30.1,6.24,933,0,7,712,1,0,1,Dermatológicos,0.5,Higiene Personal
885,MED-1884,Antibióticos,Novartis,Medellín,Alta (Epidemia),Automático (ML),27006.88,20510.52,6496.36,71,47,420,18.84,5.42,540,4,5,365,0,1,1,Cardiovasculares,0.5,Antibióticos
886,MED-1885,Antigripales,Roche,Bogotá,Normal,Proveedor Programado,29296.05,23287.26,6008.79,450,77,330,10.65,1.26,345,2,1,301,1,1,0,Pediatría,0.75,Pediatría
887,MED-1886,Pediatría,Novartis,Barranquilla,Promoción,Manual,58884.37,45003.34,13881.03,398,75,455,9.37,6.52,266,0,6,722,1,0,1,Pediatría,0.5,Pediatría
888,MED-1887,Higiene Personal,Tecnoquímicas,Barranquilla,Alta (Epidemia),Manual,35446.02,28302.19,7143.83,414,49,201,2.36,4.4,94,1,4,238,1,1,1,Pediatría,0.5,Higiene Personal
889,MED-1888,Pediatría,Novartis,Barranquilla,Alta (Invierno),Manual,36237.12,22215.58,14021.54,49,29,183,4.48,2.51,136,1,1,302,0,1,0,Pediatría,0.5,Pediatría
890,MED-1889,Diabetes,Tecnoquímicas,Cartagena,Promoción,Proveedor Programado,40583.47,31574.24,9009.23,315,10,308,13.77,1.79,410,3,1,875,0,0,1,Cardiovasculares,0.5,Diabetes
891,MED-1890,Diabetes,MK,Medellín,Alta (Invierno),Proveedor Programado,36047.67,24375.55,11672.12,134,22,267,1.61,2.97,61,1,8,171,1,1,1,Pediatría,0.5,Diabetes
892,MED-1891,Gastrointestinales,Pfizer,Medellín,Promoción,Automático (ML),41631.89,27838.07,13793.82,78,25,231,31.87,5.02,948,1,12,45,1,0,1,Pediatría,0.5,Gastrointestinales
893,MED-1892,Pediatría,Genfar,Barranquilla,Alta (Invierno),Manual,22186.44,17298.81,4887.63,4,31,180,1.58,8.96,38,4,7,115,0,0,0,Pediatría,0.5,Pediatría
894,MED-1893,Antigripales,Tecnoquímicas,Barranquilla,Promoción,Proveedor Programado,50968.91,30667.81,20301.1,219,35,329,29.7,8.47,918,0,6,178,1,1,0,Dermatológicos,0.5,Antigripales
895,MED-1894,Antigripales,MK,Cali,Alta (Invierno),Manual,46161.53,31529.18,14632.35,453,42,353,32.43,7.08,946,1,9,66,1,1,0,Gastrointestinales,0.25,Antigripales
896,MED-1895,Analgésicos,Abbott,Bogotá,Normal,Manual,25026.62,18249.64,6776.98,82,47,384,7.7,2.99,224,3,7,310,1,1,0,Cardiovasculares,0.5,Analgésicos
897,MED-1896,Cardiovasculares,La Santé,Bogotá,Promoción,Proveedor Programado,66315.15,49117.47,17197.68,213,78,423,28.85,4.01,836,0,4,92,0,0,0,Dermatológicos,0.5,Cardiovasculares
898,MED-1897,Pediatría,Novartis,Bogotá,Alta (Epidemia),Automático (ML),79270.96,63451.4,15819.56,465,61,382,38.79,5.95,1169,3,10,569,0,0,0,Pediatría,0.5,Pediatría
899,MED-1898,Gastrointestinales,La Santé,Cartagena,Promoción,Proveedor Programado,34666.43,28859.3,5807.13,31,76,375,36.5,6.49,1093,0,14,625,0,1,0,Dermatológicos,0.25,Gastrointestinales
900,MED-1899,Vitaminas,Pfizer,Medellín,Alta (Invierno),Automático (ML),61075.81,43845.41,17230.4,185,31,188,9.27,0.78,277,2,2,333,1,1,1,Dermatológicos,0.5,Vitaminas
901,MED-1900,Pediatría,Bayer,Barranquilla,Alta (Epidemia),Proveedor Programado,50284.99,36857.78,13427.21,226,25,230,26.24,7.03,793,4,4,649,0,1,1,Pediatría,0.75,Pediatría
902,MED-1901,Diabetes,Genfar,Cali,Alta (Invierno),Automático (ML),9370.6,7552.66,1817.94,77,21,419,4.11,8.45,124,1,13,364,1,1,1,Pediatría,0.75,Pediatría
903,MED-1902,Analgésicos,Roche,Bogotá,Normal,Proveedor Programado,73352.56,52635.67,20716.89,248,35,263,16.1,2.89,508,2,12,405,0,1,1,Dermatológicos,0.25,Analgésicos
904,MED-1903,Dermatológicos,La Santé,Bogotá,Alta (Invierno),Automático (ML),48282.64,35858.18,12424.46,133,75,404,20.18,5.87,589,1,13,346,1,0,1,Pediatría,0.5,Dermatológicos
905,MED-1904,Dermatológicos,Tecnoquímicas,Bogotá,Alta (Invierno),Automático (ML),46722.76,37747.3,8975.46,14,46,294,8.26,5.11,229,2,5,828,0,0,1,Pediatría,0.5,Dermatológicos
906,MED-1905,Gastrointestinales,Sanofi,Bogotá,Alta (Epidemia),Manual,76393.87,57452.26,18941.61,162,41,265,12.44,0.82,378,1,14,132,1,1,1,Dermatológicos,0.25,Gastrointestinales
907,MED-1906,Gastrointestinales,Sanofi,Bogotá,Alta (Invierno),Proveedor Programado,39275.5,31604.39,7671.11,379,26,89,36.0,9.49,1068,1,5,218,1,0,1,Pediatría,0.5,Gastrointestinales
908,MED-1907,Cardiovasculares,Roche,Cartagena,Alta (Epidemia),Automático (ML),49759.53,35784.87,13974.66,158,53,170,30.62,8.92,893,2,4,494,0,0,0,Dermatológicos,0.5,Cardiovasculares
909,MED-1908,Diabetes,MK,Bogotá,Promoción,Manual,4084.13,2457.58,1626.55,37,30,189,11.15,2.18,320,4,8,772,1,1,0,Pediatría,0.75,Pediatría
910,MED-1909,Antibióticos,MK,Medellín,Alta (Invierno),Proveedor Programado,78835.11,64602.07,14233.04,108,35,304,9.12,3.46,282,3,4,315,1,1,1,Dermatológicos,0.25,Antibióticos
911,MED-1910,Diabetes,MK,Cali,Alta (Invierno),Proveedor Programado,26068.63,19702.42,6366.21,42,68,419,10.05,0.51,319,1,12,336,1,1,0,Pediatría,0.75,Pediatría
912,MED-1911,Antibióticos,Sanofi,Cali,Alta (Invierno),Automático (ML),39738.99,28290.42,11448.57,239,63,457,29.38,1.65,879,2,2,101,1,0,0,Antigripales,0.25,Antibióticos
913,MED-1912,Analgésicos,Novartis,Cartagena,Alta (Invierno),Manual,70557.84,55439.21,15118.63,482,56,252,39.62,2.33,1171,2,6,43,1,0,1,Gastrointestinales,0.5,Analgésicos
914,MED-1913,Vitaminas,Bayer,Barranquilla,Promoción,Proveedor Programado,22961.49,18993.88,3967.61,335,34,399,26.58,5.22,790,2,14,723,1,0,0,Dermatológicos,0.25,Vitaminas
915,MED-1914,Gastrointestinales,MK,Cartagena,Normal,Manual,61311.76,40266.52,21045.24,295,48,385,15.51,8.55,492,1,14,209,1,1,1,Gastrointestinales,0.5,Gastrointestinales
916,MED-1915,Antibióticos,Genfar,Medellín,Alta (Invierno),Automático (ML),15946.86,13443.59,2503.27,97,22,384,9.24,5.08,241,1,4,52,1,1,1,Pediatría,0.75,Pediatría
917,MED-1916,Vitaminas,Sanofi,Medellín,Alta (Invierno),Automático (ML),15906.86,10589.52,5317.34,146,24,194,4.68,2.13,124,1,2,797,0,1,0,Pediatría,0.5,Vitaminas
918,MED-1917,Cardiovasculares,MK,Bogotá,Alta (Epidemia),Automático (ML),22201.94,18264.8,3937.14,311,22,255,33.66,0.65,1014,1,9,57,0,1,0,Pediatría,1.0,Pediatría
919,MED-1918,Gastrointestinales,Roche,Barranquilla,Normal,Manual,11282.23,8010.74,3271.49,40,13,406,26.31,5.89,788,3,8,548,1,0,1,Pediatría,1.0,Pediatría
920,MED-1919,Cardiovasculares,Genfar,Barranquilla,Promoción,Proveedor Programado,63362.25,46243.04,17119.21,280,61,306,19.73,2.19,581,2,5,835,1,0,0,Pediatría,0.5,Cardiovasculares
921,MED-1920,Higiene Personal,Bayer,Bogotá,Alta (Epidemia),Manual,22839.59,15794.95,7044.64,34,26,276,33.52,5.76,957,1,7,495,1,1,0,Pediatría,0.75,Pediatría
922,MED-1921,Analgésicos,Tecnoquímicas,Cartagena,Promoción,Automático (ML),35220.4,24166.14,11054.26,63,17,280,19.01,0.7,558,1,9,486,1,1,0,Pediatría,0.5,Analgésicos
923,MED-1922,Higiene Personal,Bayer,Cartagena,Alta (Invierno),Automático (ML),69248.5,50934.65,18313.85,454,47,264,18.41,4.4,561,1,10,393,0,1,1,Gastrointestinales,0.25,Higiene Personal
924,MED-1923,Diabetes,MK,Bogotá,Alta (Epidemia),Proveedor Programado,10434.39,6295.65,4138.74,472,22,217,1.84,5.44,49,0,2,549,1,0,1,Pediatría,0.75,Pediatría
925,MED-1924,Antibióticos,La Santé,Bogotá,Alta (Invierno),Automático (ML),38490.9,30250.27,8240.63,84,36,360,10.55,7.31,326,3,11,128,1,1,1,Pediatría,0.75,Pediatría
926,MED-1925,Dermatológicos,Tecnoquímicas,Cartagena,Alta (Epidemia),Proveedor Programado,59083.17,42511.77,16571.4,435,32,130,13.92,1.63,409,3,2,251,1,1,0,Cardiovasculares,0.5,Dermatológicos
927,MED-1926,Gastrointestinales,Abbott,Medellín,Promoción,Manual,44724.77,27855.09,16869.68,22,12,234,34.85,6.49,1065,1,2,262,0,0,0,Pediatría,0.5,Gastrointestinales
928,MED-1927,Antigripales,MK,Bogotá,Promoción,Automático (ML),32475.16,24268.15,8207.01,174,15,365,4.27,3.8,160,0,8,94,0,1,1,Pediatría,0.5,Antigripales
929,MED-1928,Antibióticos,Abbott,Bogotá,Promoción,Automático (ML),31101.7,20789.23,10312.47,478,53,209,13.41,3.03,394,4,9,497,1,1,1,Cardiovasculares,0.5,Antibióticos
930,MED-1929,Antibióticos,MK,Bogotá,Alta (Epidemia),Manual,74027.54,56747.11,17280.43,246,65,392,8.19,2.52,250,1,1,385,0,1,0,Pediatría,0.5,Antibióticos
931,MED-1930,Vitaminas,Novartis,Cali,Alta (Invierno),Proveedor Programado,57936.22,48176.98,9759.24,147,72,222,16.52,3.45,472,1,14,635,0,0,1,Pediatría,0.5,Vitaminas
932,MED-1931,Antibióticos,Genfar,Barranquilla,Normal,Automático (ML),74011.78,53292.86,20718.92,115,58,341,24.55,8.1,696,3,10,599,0,1,0,Pediatría,0.75,Pediatría
933,MED-1932,Cardiovasculares,La Santé,Cartagena,Normal,Automático (ML),11325.5,8006.76,3318.74,22,39,294,6.6,5.46,220,3,6,296,0,0,0,Cardiovasculares,0.75,Cardiovasculares
934,MED-1933,Diabetes,Abbott,Barranquilla,Alta (Epidemia),Proveedor Programado,6502.46,5276.14,1226.32,223,20,349,11.89,4.0,333,1,10,863,0,1,0,Pediatría,1.0,Pediatría
935,MED-1934,Pediatría,Abbott,Cali,Alta (Invierno),Manual,6583.7,3957.37,2626.33,12,21,152,11.97,9.56,364,1,1,850,0,1,1,Pediatría,0.75,Pediatría
936,MED-1935,Analgésicos,Pfizer,Cartagena,Promoción,Manual,57330.88,37133.35,20197.53,53,62,160,10.9,4.51,363,1,6,151,1,1,0,Pediatría,0.5,Analgésicos
937,MED-1936,Antigripales,Sanofi,Bogotá,Normal,Manual,65559.13,44263.71,21295.42,243,30,225,28.77,6.01,845,1,8,315,0,1,1,Gastrointestinales,0.25,Antigripales
938,MED-1937,Dermatológicos,MK,Bogotá,Alta (Epidemia),Automático (ML),35112.75,24144.14,10968.61,157,39,402,23.06,1.85,702,2,10,193,1,1,0,Pediatría,1.0,Pediatría
939,MED-1938,Gastrointestinales,Pfizer,Cali,Alta (Invierno),Automático (ML),74411.56,54338.88,20072.68,65,77,319,27.88,1.52,821,2,8,438,1,1,1,Dermatológicos,0.5,Gastrointestinales
940,MED-1939,Dermatológicos,Roche,Cartagena,Promoción,Manual,51800.99,42478.51,9322.48,119,28,308,31.32,4.14,937,1,14,67,1,1,0,Pediatría,0.75,Pediatría
941,MED-1940,Cardiovasculares,Sanofi,Bogotá,Normal,Proveedor Programado,29047.99,23297.05,5750.94,404,15,233,8.13,1.75,233,1,11,588,1,1,0,Pediatría,0.75,Pediatría
942,MED-1941,Vitaminas,Abbott,Cartagena,Normal,Automático (ML),6821.1,5550.82,1270.28,9,52,122,1.75,8.34,55,1,5,882,1,1,0,Pediatría,0.75,Pediatría
943,MED-1942,Diabetes,Tecnoquímicas,Medellín,Alta (Invierno),Proveedor Programado,21941.43,15891.85,6049.58,372,27,225,22.27,0.99,712,2,10,848,1,0,1,Pediatría,0.5,Diabetes
944,MED-1943,Dermatológicos,Roche,Bogotá,Normal,Manual,24460.96,15648.0,8812.96,442,43,423,6.97,3.06,210,1,6,72,0,1,1,Pediatría,0.75,Pediatría
945,MED-1944,Antibióticos,Abbott,Cartagena,Alta (Epidemia),Automático (ML),64116.24,51055.81,13060.43,108,74,367,12.52,2.34,372,1,13,569,1,0,0,Pediatría,0.5,Antibióticos
946,MED-1945,Antibióticos,Abbott,Medellín,Alta (Invierno),Automático (ML),37513.45,28144.71,9368.74,349,62,365,33.78,3.57,997,1,11,655,0,0,1,Dermatológicos,0.25,Antibióticos
947,MED-1946,Dermatológicos,La Santé,Cartagena,Promoción,Proveedor Programado,71487.4,60752.94,10734.46,461,20,226,36.41,3.95,1029,2,8,472,1,1,1,Pediatría,0.5,Dermatológicos
948,MED-1947,Vitaminas,Genfar,Medellín,Normal,Proveedor Programado,68679.77,57911.75,10768.02,135,36,205,37.86,0.96,1136,1,6,175,1,0,1,Dermatológicos,0.5,Vitaminas
949,MED-1948,Higiene Personal,Bayer,Bogotá,Promoción,Manual,70802.22,48273.84,22528.38,73,63,214,1.79,5.48,92,1,13,171,0,0,1,Pediatría,0.5,Higiene Personal
950,MED-1949,Diabetes,Sanofi,Cartagena,Promoción,Automático (ML),10950.93,6713.16,4237.77,461,59,283,33.78,6.99,1017,2,14,848,1,1,1,Dermatológicos,0.25,Diabetes
951,MED-1950,Antibióticos,MK,Medellín,Normal,Manual,41402.24,34763.03,6639.21,248,28,84,31.01,2.83,938,1,14,215,0,0,0,Pediatría,0.75,Pediatría
952,MED-1951,Analgésicos,Genfar,Barranquilla,Alta (Invierno),Proveedor Programado,4969.58,3971.57,998.01,143,12,315,12.85,5.34,393,2,2,714,0,1,0,Pediatría,0.75,Pediatría
953,MED-1952,Antibióticos,Tecnoquímicas,Barranquilla,Alta (Invierno),Automático (ML),19571.99,12065.78,7506.21,488,32,141,30.9,7.33,915,1,14,596,1,0,0,Pediatría,0.5,Antibióticos
954,MED-1953,Vitaminas,MK,Barranquilla,Promoción,Automático (ML),15869.2,12292.6,3576.6,334,48,322,20.27,6.39,611,3,12,739,0,1,0,Pediatría,0.5,Vitaminas
955,MED-1954,Antigripales,Tecnoquímicas,Cartagena,Promoción,Manual,70264.09,49751.74,20512.35,319,39,187,23.72,1.17,714,1,5,59,1,0,0,Gastrointestinales,0.25,Antigripales
956,MED-1955,Cardiovasculares,Sanofi,Barranquilla,Alta (Epidemia),Manual,9954.53,7372.96,2581.57,420,69,284,33.19,1.13,983,1,1,497,1,1,1,Dermatológicos,0.25,Cardiovasculares
957,MED-1956,Higiene Personal,Roche,Cartagena,Promoción,Manual,53726.53,40605.61,13120.92,392,64,431,5.96,6.67,208,0,4,489,0,0,1,Pediatría,0.5,Higiene Personal
958,MED-1957,Pediatría,La Santé,Cartagena,Normal,Automático (ML),46888.68,32054.52,14834.16,423,67,410,21.32,9.97,622,1,4,422,1,1,0,Pediatría,0.5,Pediatría
959,MED-1958,Diabetes,Roche,Cali,Promoción,Proveedor Programado,26873.11,17813.82,9059.29,473,23,323,12.58,3.87,370,3,5,341,1,0,0,Pediatría,0.5,Diabetes
960,MED-1959,Dermatológicos,Genfar,Barranquilla,Alta (Epidemia),Automático (ML),27773.75,17185.16,10588.59,37,15,132,25.41,4.39,786,3,9,230,0,0,1,Pediatría,1.0,Pediatría
961,MED-1960,Pediatría,Abbott,Medellín,Alta (Epidemia),Proveedor Programado,10012.1,7193.49,2818.61,428,18,260,36.54,4.34,1113,4,2,72,1,1,1,Pediatría,0.5,Pediatría
962,MED-1961,Diabetes,MK,Cartagena,Alta (Invierno),Automático (ML),29817.15,20794.1,9023.05,307,66,331,9.28,9.16,285,1,2,374,0,1,0,Pediatría,0.5,Diabetes
963,MED-1962,Vitaminas,Genfar,Medellín,Promoción,Manual,11453.29,8512.74,2940.55,211,24,336,26.49,8.46,848,2,6,605,1,1,1,Pediatría,0.5,Vitaminas
964,MED-1963,Antigripales,Genfar,Cartagena,Normal,Manual,55551.96,45102.21,10449.75,248,63,267,28.97,7.76,861,1,11,350,1,1,1,Gastrointestinales,0.5,Antigripales
965,MED-1964,Vitaminas,MK,Cartagena,Normal,Manual,22734.57,16644.77,6089.8,341,31,121,19.34,4.86,547,2,11,866,1,1,0,Pediatría,0.75,Pediatría
966,MED-1965,Pediatría,Genfar,Bogotá,Alta (Invierno),Automático (ML),49201.11,31744.78,17456.33,206,33,108,29.49,8.41,859,3,10,551,1,1,1,Pediatría,0.5,Pediatría
967,MED-1966,Analgésicos,Novartis,Cali,Alta (Invierno),Proveedor Programado,53164.66,35341.73,17822.93,117,18,153,4.87,9.13,138,4,11,890,0,0,1,Cardiovasculares,0.5,Analgésicos
968,MED-1967,Diabetes,Pfizer,Bogotá,Normal,Proveedor Programado,30171.56,19182.03,10989.53,240,71,384,3.78,8.09,145,0,12,857,0,0,0,Pediatría,0.75,Pediatría
969,MED-1968,Antibióticos,Genfar,Cali,Alta (Invierno),Proveedor Programado,76542.59,49619.02,26923.57,102,65,382,2.27,7.57,64,2,14,246,1,1,1,Pediatría,0.5,Antibióticos
970,MED-1969,Antibióticos,MK,Cali,Alta (Epidemia),Manual,10231.07,7825.17,2405.9,486,59,453,38.93,0.86,1156,0,14,822,0,0,1,Dermatológicos,0.25,Antibióticos
971,MED-1970,Cardiovasculares,Bayer,Medellín,Promoción,Automático (ML),3858.9,2549.12,1309.78,333,74,229,20.85,8.93,593,1,11,245,1,0,0,Dermatológicos,0.25,Cardiovasculares
972,MED-1971,Dermatológicos,La Santé,Barranquilla,Alta (Epidemia),Proveedor Programado,51818.06,35808.26,16009.8,388,32,380,32.14,8.64,937,0,13,680,0,0,1,Gastrointestinales,0.5,Dermatológicos
973,MED-1972,Antigripales,MK,Barranquilla,Promoción,Automático (ML),40890.02,28561.11,12328.91,474,17,378,18.61,6.01,555,0,12,473,1,1,0,Pediatría,0.5,Antigripales
974,MED-1973,Diabetes,MK,Bogotá,Normal,Manual,35836.17,26932.62,8903.55,457,38,373,2.19,3.19,87,0,3,594,1,1,1,Pediatría,0.75,Pediatría
975,MED-1974,Vitaminas,Sanofi,Bogotá,Promoción,Manual,17324.62,14442.4,2882.22,360,73,299,32.02,6.49,955,2,1,578,0,0,1,Dermatológicos,0.5,Vitaminas
976,MED-1975,Cardiovasculares,Sanofi,Cartagena,Alta (Epidemia),Proveedor Programado,36394.66,23677.21,12717.45,349,57,368,27.05,8.16,767,1,4,874,1,1,0,Dermatológicos,0.5,Cardiovasculares
977,MED-1976,Dermatológicos,Novartis,Cartagena,Alta (Invierno),Proveedor Programado,27033.2,19475.77,7557.43,8,34,381,25.67,2.71,770,1,11,50,1,1,0,Pediatría,1.0,Pediatría
978,MED-1977,Higiene Personal,Roche,Cartagena,Promoción,Proveedor Programado,57459.63,44124.2,13335.43,105,74,245,16.93,3.81,530,0,14,802,1,1,0,Pediatría,0.5,Higiene Personal
979,MED-1978,Dermatológicos,Pfizer,Bogotá,Alta (Epidemia),Automático (ML),30043.71,24314.67,5729.04,239,20,207,24.21,6.75,751,3,12,272,0,1,0,Pediatría,1.0,Pediatría
980,MED-1979,Antibióticos,Novartis,Cartagena,Alta (Epidemia),Proveedor Programado,67157.13,52141.13,15016.0,202,73,398,26.99,1.78,797,0,3,561,1,0,0,Antigripales,0.25,Antibióticos
981,MED-1980,Analgésicos,Novartis,Cartagena,Alta (Epidemia),Manual,56704.52,41199.11,15505.41,451,50,158,8.19,1.51,246,1,3,811,1,1,0,Cardiovasculares,0.5,Analgésicos
982,MED-1981,Analgésicos,La Santé,Cali,Alta (Epidemia),Manual,46654.83,32637.5,14017.33,14,61,438,34.33,4.98,1040,1,10,270,0,0,1,Antigripales,0.25,Analgésicos
983,MED-1982,Dermatológicos,Roche,Bogotá,Promoción,Automático (ML),68859.21,51427.76,17431.45,305,11,363,3.09,5.26,117,1,9,555,0,0,1,Dermatológicos,0.25,Dermatológicos
984,MED-1983,Dermatológicos,Tecnoquímicas,Cartagena,Alta (Invierno),Proveedor Programado,57572.1,36478.13,21093.97,78,28,355,38.03,3.73,1151,2,9,46,1,0,0,Dermatológicos,0.5,Dermatológicos
985,MED-1984,Gastrointestinales,Novartis,Cartagena,Alta (Invierno),Automático (ML),18789.24,14306.88,4482.36,55,59,166,29.35,9.99,897,1,7,873,1,0,0,Dermatológicos,0.5,Gastrointestinales
986,MED-1985,Cardiovasculares,Sanofi,Bogotá,Normal,Manual,34192.86,28739.05,5453.81,492,27,169,22.68,4.35,697,3,4,501,1,0,1,Pediatría,0.5,Cardiovasculares
987,MED-1986,Antigripales,Abbott,Bogotá,Alta (Epidemia),Proveedor Programado,59333.81,39410.97,19922.84,492,39,186,33.54,3.93,1005,0,12,62,1,1,1,Diabetes,0.5,Antigripales
988,MED-1987,Pediatría,Abbott,Barranquilla,Promoción,Proveedor Programado,76598.97,61286.08,15312.89,78,50,397,31.8,6.73,915,1,6,801,1,1,0,Antigripales,0.25,Pediatría
989,MED-1988,Vitaminas,Novartis,Medellín,Promoción,Proveedor Programado,34918.1,28302.57,6615.53,330,64,444,17.91,8.17,550,1,9,540,1,0,0,Dermatológicos,0.25,Vitaminas
990,MED-1989,Antigripales,Abbott,Barranquilla,Normal,Proveedor Programado,9274.73,7055.78,2218.95,270,25,76,24.2,3.59,698,1,12,362,0,1,0,Pediatría,0.75,Pediatría
991,MED-1990,Pediatría,Sanofi,Bogotá,Normal,Automático (ML),74087.08,59362.48,14724.6,226,70,174,12.57,6.05,379,2,13,548,1,0,0,Pediatría,0.5,Pediatría
992,MED-1991,Antibióticos,La Santé,Cali,Alta (Epidemia),Automático (ML),21695.72,14773.53,6922.19,86,58,237,27.53,1.05,813,0,3,151,1,1,0,Pediatría,0.5,Antibióticos
993,MED-1992,Vitaminas,MK,Cartagena,Promoción,Manual,79974.84,51414.28,28560.56,411,34,295,4.15,8.81,156,2,12,670,1,1,0,Dermatológicos,0.25,Vitaminas
994,MED-1993,Vitaminas,Abbott,Bogotá,Normal,Proveedor Programado,43322.77,31250.58,12072.19,126,71,408,6.83,5.98,189,0,7,569,1,0,0,Pediatría,0.75,Pediatría
995,MED-1994,Cardiovasculares,Abbott,Cartagena,Alta (Epidemia),Proveedor Programado,33085.24,27680.47,5404.77,466,45,190,1.1,8.99,56,1,11,337,1,1,1,Pediatría,0.5,Cardiovasculares
996,MED-1995,Diabetes,Roche,Medellín,Alta (Invierno),Proveedor Programado,46206.22,31191.8,15014.42,249,49,282,2.47,0.91,53,4,9,438,1,1,1,Cardiovasculares,0.5,Diabetes
997,MED-1996,Vitaminas,La Santé,Bogotá,Promoción,Automático (ML),70021.63,48305.21,21716.42,494,24,238,11.03,5.86,336,1,3,342,0,1,1,Pediatría,0.5,Vitaminas
998,MED-1997,Higiene Personal,Bayer,Barranquilla,Alta (Epidemia),Proveedor Programado,76046.52,57823.69,18222.83,66,71,266,14.92,5.37,426,2,13,883,0,0,0,Pediatría,0.5,Higiene Personal
999,MED-1998,Pediatría,Tecnoquímicas,Cartagena,Normal,Proveedor Programado,74153.99,56920.89,17233.1,351,19,81,38.17,7.18,1148,0,4,401,0,0,0,Gastrointestinales,0.5,Pediatría
1000,MED-1999,Pediatría,Novartis,Medellín,Promoción,Proveedor Programado,67869.25,48627.37,19241.88,96,79,263,1.6,3.09,39,4,7,752,0,0,0,Pediatría,0.5,Pediatría
1001,MED-2000,Analgésicos,Tecnoquímicas,Medellín,Alta (Invierno),Proveedor Programado,22606.27,18786.65,3819.62,474,47,283,35.6,2.96,1066,1,13,149,1,0,1,Pediatría,0.5,Analgésicos
1002,MED-2001,Cardiovasculares,Roche,Bogotá,Promoción,Manual,62501.3,40131.86,22369.44,352,27,249,6.2,6.72,199,2,2,525,1,1,0,Pediatría,0.5,Cardiovasculares
1003,MED-2002,Cardiovasculares,Bayer,Cartagena,Alta (Epidemia),Automático (ML),75160.16,48234.82,26925.34,279,26,146,4.47,8.68,131,2,6,300,1,0,0,Dermatológicos,0.25,Cardiovasculares
1004,MED-2003,Antibióticos,Novartis,Medellín,Alta (Epidemia),Manual,73192.96,50654.34,22538.62,217,23,87,21.71,4.38,643,0,9,740,0,1,0,Dermatológicos,0.25,Antibióticos
1005,MED-2004,Vitaminas,Tecnoquímicas,Barranquilla,Alta (Invierno),Manual,66075.67,56100.64,9975.03,396,55,288,25.1,7.33,755,3,4,402,1,0,0,Pediatría,0.5,Vitaminas
1006,MED-2005,Analgésicos,Tecnoquímicas,Barranquilla,Normal,Automático (ML),6081.01,4153.8,1927.21,450,24,380,38.36,6.09,1168,0,5,731,0,1,1,Pediatría,0.5,Analgésicos
1007,MED-2006,Dermatológicos,Sanofi,Bogotá,Normal,Manual,79450.48,49099.33,30351.15,407,15,183,15.12,7.47,449,2,13,608,0,0,1,Dermatológicos,0.25,Dermatológicos
1008,MED-2007,Higiene Personal,Novartis,Barranquilla,Normal,Automático (ML),69275.95,58071.89,11204.06,139,66,415,35.19,9.32,1056,0,13,514,0,1,1,Gastrointestinales,0.5,Higiene Personal
1009,MED-2008,Higiene Personal,Sanofi,Bogotá,Promoción,Manual,76654.66,53050.21,23604.45,20,69,139,35.67,6.6,1070,5,9,478,1,0,0,Pediatría,0.5,Higiene Personal
1010,MED-2009,Dermatológicos,Novartis,Cartagena,Normal,Manual,37417.94,24845.37,12572.57,89,65,124,31.66,1.65,968,0,12,654,0,1,1,Dermatológicos,0.5,Dermatológicos
1011,MED-2010,Diabetes,Pfizer,Cartagena,Alta (Invierno),Manual,9490.5,7165.4,2325.1,304,43,197,14.52,8.69,436,1,7,646,1,0,0,Pediatría,0.75,Pediatría
1012,MED-2011,Higiene Personal,Sanofi,Cartagena,Promoción,Manual,67067.14,45435.3,21631.84,394,38,329,26.85,6.88,799,1,7,812,0,1,1,Gastrointestinales,0.5,Higiene Personal
1013,MED-2012,Vitaminas,Bayer,Bogotá,Promoción,Automático (ML),41385.61,28452.68,12932.93,141,72,458,9.14,5.12,249,1,10,300,1,1,1,Pediatría,0.5,Vitaminas
1014,MED-2013,Antigripales,Roche,Cartagena,Alta (Epidemia),Manual,48669.68,33731.92,14937.76,266,25,275,2.2,7.38,76,4,9,513,0,0,1,Cardiovasculares,0.5,Antigripales
1015,MED-2014,Antibióticos,Sanofi,Bogotá,Alta (Invierno),Proveedor Programado,54377.85,36479.35,17898.5,200,71,228,14.71,1.1,447,2,8,414,1,1,0,Pediatría,0.5,Antibióticos
1016,MED-2015,Pediatría,Novartis,Cali,Alta (Epidemia),Proveedor Programado,42457.36,32065.55,10391.81,260,39,89,30.46,9.07,887,1,6,632,1,1,1,Dermatológicos,0.5,Pediatría
1017,MED-2016,Antigripales,La Santé,Cali,Alta (Invierno),Automático (ML),73186.68,62171.39,11015.29,395,29,416,26.78,0.92,794,2,7,394,1,0,0,Gastrointestinales,0.25,Antigripales
1018,MED-2017,Analgésicos,Roche,Barranquilla,Normal,Manual,8053.36,5640.26,2413.1,89,15,220,17.13,4.52,482,2,13,229,0,1,1,Pediatría,0.75,Pediatría
1019,MED-2018,Cardiovasculares,Novartis,Bogotá,Normal,Proveedor Programado,64289.94,48373.25,15916.69,230,38,388,8.28,5.35,213,1,11,243,0,1,0,Pediatría,0.5,Cardiovasculares
1020,MED-2019,Gastrointestinales,Sanofi,Cartagena,Alta (Epidemia),Automático (ML),16167.84,11422.05,4745.79,474,47,139,38.55,3.81,1150,4,14,483,0,0,0,Pediatría,0.5,Gastrointestinales
1021,MED-2020,Diabetes,La Santé,Medellín,Promoción,Manual,72350.55,53724.59,18625.96,216,41,339,16.59,0.82,475,3,8,304,0,0,1,Dermatológicos,0.25,Diabetes
1022,MED-2021,Gastrointestinales,Genfar,Bogotá,Alta (Epidemia),Proveedor Programado,74816.51,49837.01,24979.5,238,22,193,30.76,6.81,963,2,7,276,0,0,1,Gastrointestinales,0.25,Gastrointestinales
1023,MED-2022,Gastrointestinales,Bayer,Cali,Promoción,Proveedor Programado,21835.18,17280.08,4555.1,241,60,411,38.67,0.58,1145,2,8,317,0,0,0,Dermatológicos,0.25,Gastrointestinales
1024,MED-2023,Cardiovasculares,Pfizer,Cali,Promoción,Manual,45644.98,35725.26,9919.72,150,73,377,18.86,1.75,526,0,9,595,0,0,0,Pediatría,0.5,Cardiovasculares
1025,MED-2024,Pediatría,MK,Bogotá,Alta (Invierno),Automático (ML),36329.54,23593.05,12736.49,385,73,264,2.99,9.57,117,1,8,220,0,1,0,Pediatría,0.5,Pediatría
1026,MED-2025,Analgésicos,Novartis,Cartagena,Alta (Epidemia),Proveedor Programado,7509.33,4773.22,2736.11,360,27,111,24.48,4.82,731,3,5,888,1,0,1,Pediatría,0.5,Analgésicos
1027,MED-2026,Analgésicos,La Santé,Barranquilla,Promoción,Automático (ML),6595.73,5515.99,1079.74,33,64,172,5.47,8.45,160,2,14,707,0,1,1,Pediatría,0.75,Pediatría
1028,MED-2027,Gastrointestinales,Novartis,Bogotá,Alta (Invierno),Manual,46567.99,31580.74,14987.25,314,27,231,36.76,8.58,1106,4,12,557,1,1,1,Pediatría,1.0,Pediatría
1029,MED-2028,Gastrointestinales,Bayer,Barranquilla,Alta (Invierno),Automático (ML),16652.97,13583.3,3069.67,192,51,405,38.61,4.34,1155,1,11,485,0,0,0,Dermatológicos,0.25,Gastrointestinales
1030,MED-2029,Cardiovasculares,Pfizer,Medellín,Alta (Invierno),Manual,17812.73,14038.53,3774.2,98,56,143,17.37,9.82,519,2,5,270,1,1,0,Pediatría,0.75,Pediatría
1031,MED-2030,Antibióticos,Bayer,Barranquilla,Promoción,Manual,64463.03,45657.14,18805.89,139,58,249,30.03,4.94,894,3,4,111,1,1,0,Dermatológicos,0.5,Antibióticos
1032,MED-2031,Antibióticos,Abbott,Medellín,Alta (Epidemia),Manual,40070.52,24487.05,15583.47,483,40,376,16.87,0.6,479,3,12,487,1,0,0,Pediatría,0.75,Pediatría
1033,MED-2032,Pediatría,Roche,Barranquilla,Normal,Proveedor Programado,61799.66,47709.09,14090.57,147,49,219,38.85,4.53,1161,3,9,739,1,0,0,Pediatría,0.5,Pediatría
1034,MED-2033,Analgésicos,Bayer,Barranquilla,Alta (Epidemia),Proveedor Programado,10660.8,8589.31,2071.49,192,26,184,12.91,9.29,433,3,11,896,0,0,0,Pediatría,1.0,Pediatría
1035,MED-2034,Diabetes,Bayer,Cali,Promoción,Manual,75526.68,55324.96,20201.72,385,38,206,24.19,6.1,709,2,11,353,0,0,0,Diabetes,0.5,Diabetes
1036,MED-2035,Dermatológicos,Sanofi,Barranquilla,Normal,Proveedor Programado,77147.45,58532.47,18614.98,447,72,158,4.86,1.61,103,4,5,63,1,0,0,Cardiovasculares,0.5,Dermatológicos
1037,MED-2036,Diabetes,Sanofi,Barranquilla,Promoción,Proveedor Programado,61371.66,42856.3,18515.36,433,38,417,25.25,0.74,722,2,5,273,0,1,0,Pediatría,0.5,Diabetes
1038,MED-2037,Diabetes,Novartis,Cali,Alta (Invierno),Manual,9251.46,7001.36,2250.1,136,37,336,37.33,6.99,1106,2,13,852,0,0,0,Dermatológicos,0.25,Diabetes
1039,MED-2038,Pediatría,Genfar,Cartagena,Alta (Invierno),Proveedor Programado,66906.73,42726.89,24179.84,168,69,323,9.7,4.37,298,0,1,612,1,1,1,Pediatría,0.5,Pediatría
1040,MED-2039,Diabetes,Roche,Barranquilla,Alta (Invierno),Manual,35171.49,23415.87,11755.62,116,65,246,16.71,3.76,529,3,10,251,0,0,0,Cardiovasculares,0.5,Diabetes
1041,MED-2040,Vitaminas,Tecnoquímicas,Cartagena,Promoción,Proveedor Programado,35009.18,27893.19,7115.99,137,39,395,16.55,3.07,503,1,5,526,1,1,0,Pediatría,0.5,Vitaminas
1042,MED-2041,Vitaminas,Abbott,Cali,Alta (Epidemia),Automático (ML),67721.26,55588.46,12132.8,160,48,376,2.64,6.18,94,2,6,788,1,0,0,Pediatría,0.5,Vitaminas
1043,MED-2042,Analgésicos,Genfar,Cartagena,Normal,Automático (ML),31924.95,20280.8,11644.15,374,46,208,16.73,7.23,532,0,2,847,1,0,0,Pediatría,0.5,Analgésicos
1044,MED-2043,Antigripales,Pfizer,Cali,Alta (Invierno),Proveedor Programado,67552.01,49912.64,17639.37,304,53,368,4.26,9.06,136,1,2,765,1,1,1,Pediatría,0.5,Antigripales
1045,MED-2044,Pediatría,Roche,Cali,Alta (Epidemia),Automático (ML),52690.47,38816.9,13873.57,23,64,139,18.63,1.47,521,1,10,524,1,0,0,Pediatría,0.5,Pediatría
1046,MED-2045,Diabetes,Bayer,Barranquilla,Alta (Invierno),Manual,12376.01,10102.51,2273.5,102,64,122,32.68,6.95,973,3,7,422,0,0,1,Pediatría,0.75,Pediatría
1047,MED-2046,Pediatría,Genfar,Medellín,Promoción,Proveedor Programado,68341.25,48079.24,20262.01,146,67,122,32.53,3.0,977,3,3,521,1,1,0,Pediatría,0.5,Pediatría
1048,MED-2047,Cardiovasculares,MK,Bogotá,Alta (Epidemia),Manual,5831.89,4817.63,1014.26,249,66,167,12.92,5.21,385,0,10,571,0,1,0,Pediatría,0.5,Cardiovasculares
1049,MED-2048,Higiene Personal,Pfizer,Medellín,Alta (Epidemia),Automático (ML),30370.41,23839.75,6530.66,241,61,252,2.74,7.95,100,1,8,453,0,1,0,Pediatría,0.5,Higiene Personal
1050,MED-2049,Analgésicos,Genfar,Medellín,Alta (Epidemia),Manual,70205.32,56111.39,14093.93,401,51,341,28.33,2.95,848,0,5,45,0,1,0,Gastrointestinales,0.25,Analgésicos
1051,MED-2050,Gastrointestinales,Novartis,Medellín,Alta (Invierno),Manual,27510.27,16882.96,10627.31,282,22,226,25.8,9.41,790,1,3,827,0,0,1,Pediatría,0.5,Gastrointestinales
1052,MED-2051,Antibióticos,Bayer,Medellín,Promoción,Proveedor Programado,77676.2,47091.28,30584.92,215,48,417,12.97,4.28,384,1,7,69,0,1,0,Pediatría,0.75,Pediatría
1053,MED-2052,Dermatológicos,Abbott,Medellín,Alta (Epidemia),Automático (ML),63921.07,47970.39,15950.68,45,19,356,19.1,4.78,578,2,2,165,0,1,0,Dermatológicos,0.5,Dermatológicos
1054,MED-2053,Antibióticos,MK,Medellín,Alta (Invierno),Manual,50255.84,37988.72,12267.12,44,67,453,5.79,8.31,183,2,8,213,1,1,1,Pediatría,0.75,Pediatría
1055,MED-2054,Pediatría,Sanofi,Medellín,Normal,Proveedor Programado,32480.62,23762.81,8717.81,472,66,445,15.87,5.26,481,3,2,634,0,1,0,Pediatría,0.75,Pediatría
1056,MED-2055,Gastrointestinales,Genfar,Bogotá,Alta (Epidemia),Manual,69093.42,58705.42,10388.0,250,67,417,2.7,3.4,98,1,4,81,1,0,0,Pediatría,0.5,Gastrointestinales
1057,MED-2056,Diabetes,Roche,Bogotá,Alta (Invierno),Proveedor Programado,5193.25,4263.85,929.4,218,10,244,36.31,0.85,1108,1,14,275,1,1,1,Pediatría,0.5,Diabetes
1058,MED-2057,Higiene Personal,Abbott,Medellín,Alta (Epidemia),Proveedor Programado,15646.56,10314.2,5332.36,8,30,360,5.62,7.68,138,2,9,132,1,1,1,Pediatría,0.75,Pediatría
1059,MED-2058,Diabetes,Tecnoquímicas,Cartagena,Promoción,Proveedor Programado,24996.2,20401.69,4594.51,19,18,96,19.11,9.31,553,1,11,312,0,0,0,Pediatría,0.75,Pediatría
1060,MED-2059,Antigripales,Abbott,Medellín,Promoción,Manual,51975.11,43522.6,8452.51,465,65,211,24.36,8.63,730,2,1,185,1,1,1,Antigripales,0.5,Antigripales
1061,MED-2060,Pediatría,MK,Cali,Alta (Epidemia),Proveedor Programado,34012.03,21053.11,12958.92,481,46,299,5.72,8.71,206,1,3,625,0,0,0,Pediatría,0.5,Pediatría
1062,MED-2061,Dermatológicos,Abbott,Cartagena,Alta (Epidemia),Manual,60375.22,38142.89,22232.33,261,20,231,20.37,4.37,647,2,5,498,0,1,1,Dermatológicos,0.25,Dermatológicos
1063,MED-2062,Cardiovasculares,Abbott,Barranquilla,Promoción,Automático (ML),70677.86,57132.29,13545.57,332,72,332,24.07,3.45,728,0,4,286,1,1,1,Antigripales,0.25,Cardiovasculares
1064,MED-2063,Dermatológicos,Sanofi,Bogotá,Alta (Invierno),Automático (ML),36057.64,28435.7,7621.94,352,74,459,32.6,8.47,990,2,6,95,0,1,0,Dermatológicos,0.5,Dermatológicos
1065,MED-2064,Gastrointestinales,Pfizer,Cali,Normal,Automático (ML),46527.25,30809.09,15718.16,358,34,163,26.82,7.21,798,0,11,537,0,0,0,Gastrointestinales,0.5,Gastrointestinales
1066,MED-2065,Antibióticos,La Santé,Bogotá,Alta (Invierno),Automático (ML),78983.34,53432.35,25550.99,4,57,320,27.44,3.31,814,5,9,782,0,1,1,Pediatría,0.5,Antibióticos
1067,MED-2066,Dermatológicos,Tecnoquímicas,Medellín,Alta (Invierno),Proveedor Programado,36098.94,27449.37,8649.57,364,26,89,29.58,6.08,873,1,1,841,1,0,1,Pediatría,0.5,Dermatológicos
1068,MED-2067,Dermatológicos,La Santé,Barranquilla,Promoción,Proveedor Programado,71980.78,53588.79,18391.99,28,28,424,3.02,0.79,109,2,4,99,0,1,0,Dermatológicos,0.5,Dermatológicos
1069,MED-2068,Cardiovasculares,Genfar,Medellín,Alta (Invierno),Automático (ML),15448.77,10198.25,5250.52,321,49,347,9.64,7.69,293,3,4,858,0,1,1,Cardiovasculares,0.5,Cardiovasculares
1070,MED-2069,Gastrointestinales,Pfizer,Cali,Alta (Invierno),Automático (ML),29158.02,24317.46,4840.56,486,31,247,8.76,7.98,274,6,14,647,1,0,1,Pediatría,0.75,Pediatría
1071,MED-2070,Diabetes,Novartis,Bogotá,Alta (Epidemia),Manual,10523.15,7934.28,2588.87,144,57,169,3.46,9.08,115,3,3,163,0,1,0,Cardiovasculares,0.5,Diabetes
1072,MED-2071,Diabetes,La Santé,Cali,Alta (Invierno),Automático (ML),43961.82,30298.45,13663.37,69,71,209,36.51,0.64,1088,2,14,573,1,1,1,Pediatría,0.5,Diabetes
1073,MED-2072,Gastrointestinales,Roche,Bogotá,Normal,Manual,9258.49,5603.34,3655.15,97,30,109,28.94,4.82,857,1,1,898,0,1,1,Pediatría,0.5,Gastrointestinales
1074,MED-2073,Cardiovasculares,Genfar,Barranquilla,Normal,Proveedor Programado,71256.27,47652.08,23604.19,481,61,296,28.3,0.56,848,0,4,676,1,0,1,Pediatría,0.5,Cardiovasculares
1075,MED-2074,Antibióticos,La Santé,Cartagena,Promoción,Proveedor Programado,68424.08,57449.72,10974.36,339,13,383,22.85,4.28,643,1,5,629,1,0,0,Cardiovasculares,0.5,Antibióticos
1076,MED-2075,Antibióticos,Novartis,Medellín,Normal,Proveedor Programado,71970.38,55629.84,16340.54,25,33,348,21.54,1.41,645,3,10,324,1,0,0,Pediatría,0.5,Antibióticos
1077,MED-2076,Antigripales,Pfizer,Barranquilla,Alta (Epidemia),Manual,10845.58,7631.94,3213.64,476,30,154,8.92,9.24,274,1,10,815,0,1,0,Pediatría,0.5,Antigripales
1078,MED-2077,Diabetes,Bayer,Cali,Normal,Manual,78415.38,52852.45,25562.93,425,58,441,1.82,4.93,61,2,8,303,1,1,1,Pediatría,0.75,Pediatría
1079,MED-2078,Vitaminas,Pfizer,Medellín,Promoción,Automático (ML),15522.38,10819.29,4703.09,367,78,217,17.23,1.39,528,3,14,823,0,1,0,Cardiovasculares,0.5,Vitaminas
1080,MED-2079,Vitaminas,Genfar,Cali,Promoción,Proveedor Programado,45284.99,35343.27,9941.72,465,57,199,1.77,1.62,45,6,5,544,1,0,1,Cardiovasculares,0.5,Vitaminas
1081,MED-2080,Pediatría,Genfar,Cartagena,Promoción,Automático (ML),26851.41,17428.01,9423.4,191,53,210,4.9,2.95,141,2,10,590,0,0,0,Pediatría,0.5,Pediatría
1082,MED-2081,Diabetes,Pfizer,Barranquilla,Alta (Invierno),Proveedor Programado,69266.55,49309.86,19956.69,324,38,172,11.73,1.85,339,1,8,252,1,1,1,Diabetes,0.5,Diabetes
1083,MED-2082,Diabetes,Roche,Bogotá,Normal,Automático (ML),33163.04,24783.33,8379.71,453,12,68,1.74,0.82,62,1,11,154,1,1,1,Pediatría,0.5,Diabetes
1084,MED-2083,Cardiovasculares,Roche,Medellín,Promoción,Manual,77489.93,65601.74,11888.19,433,39,110,13.36,6.72,417,3,7,734,0,1,1,Dermatológicos,0.25,Cardiovasculares
1085,MED-2084,Cardiovasculares,MK,Cartagena,Normal,Automático (ML),69975.55,49839.31,20136.24,498,52,102,13.84,8.92,425,0,2,77,0,0,0,Cardiovasculares,0.5,Cardiovasculares
1086,MED-2085,Dermatológicos,Novartis,Cali,Normal,Proveedor Programado,67426.73,43398.3,24028.43,397,47,136,28.51,6.92,830,1,5,378,0,1,1,Gastrointestinales,0.25,Dermatológicos
1087,MED-2086,Higiene Personal,Pfizer,Cali,Normal,Manual,54410.89,33003.7,21407.19,350,76,239,20.59,3.72,636,1,1,556,1,1,1,Cardiovasculares,0.5,Higiene Personal
1088,MED-2087,Vitaminas,Tecnoquímicas,Medellín,Normal,Automático (ML),18152.84,13807.87,4344.97,38,52,307,29.33,1.41,866,2,4,366,0,0,1,Pediatría,0.75,Pediatría
1089,MED-2088,Cardiovasculares,La Santé,Barranquilla,Alta (Invierno),Automático (ML),24387.83,16643.57,7744.26,358,71,258,29.34,5.34,852,0,14,872,0,0,1,Dermatológicos,0.5,Cardiovasculares
1090,MED-2089,Antibióticos,MK,Cali,Promoción,Automático (ML),47268.12,30870.98,16397.14,418,75,197,8.39,0.8,241,2,11,809,1,0,0,Pediatría,0.5,Antibióticos
1091,MED-2090,Higiene Personal,Genfar,Barranquilla,Alta (Invierno),Automático (ML),77881.31,48057.94,29823.37,341,48,362,16.77,8.82,494,3,8,859,1,0,0,Pediatría,0.75,Pediatría
1092,MED-2091,Analgésicos,Roche,Bogotá,Alta (Invierno),Automático (ML),19249.95,11907.69,7342.26,91,42,240,18.18,2.9,546,2,13,806,0,1,0,Pediatría,0.75,Pediatría
1093,MED-2092,Antibióticos,Bayer,Cali,Alta (Invierno),Automático (ML),60019.96,48950.83,11069.13,196,34,285,36.1,0.97,1070,2,5,559,1,0,0,Dermatológicos,0.5,Antibióticos
1094,MED-2093,Analgésicos,Novartis,Medellín,Promoción,Proveedor Programado,35844.57,23173.1,12671.47,211,63,287,37.36,7.22,1140,1,6,662,0,0,1,Dermatológicos,0.5,Analgésicos
1095,MED-2094,Dermatológicos,Abbott,Bogotá,Normal,Manual,60975.62,43057.34,17918.28,301,15,85,24.2,9.75,722,3,8,495,1,0,0,Pediatría,0.5,Dermatológicos
1096,MED-2095,Gastrointestinales,Genfar,Medellín,Normal,Manual,23984.9,16034.95,7949.95,263,47,219,30.75,6.28,929,0,1,96,1,0,0,Pediatría,0.5,Gastrointestinales
1097,MED-2096,Gastrointestinales,Genfar,Bogotá,Alta (Invierno),Manual,48226.58,34387.75,13838.83,57,30,210,26.29,0.77,781,1,1,613,0,0,0,Dermatológicos,0.5,Gastrointestinales
1098,MED-2097,Cardiovasculares,Novartis,Bogotá,Alta (Epidemia),Automático (ML),13628.13,10471.14,3156.99,282,17,350,1.53,1.24,34,0,2,371,0,0,1,Pediatría,0.5,Cardiovasculares
1099,MED-2098,Cardiovasculares,Pfizer,Medellín,Alta (Invierno),Manual,32015.11,24236.9,7778.21,130,23,374,14.41,6.33,397,0,6,162,1,1,0,Pediatría,0.75,Pediatría
1100,MED-2099,Analgésicos,Sanofi,Cali,Normal,Automático (ML),8787.21,6035.84,2751.37,375,57,211,26.91,6.97,799,2,3,247,0,1,0,Pediatría,0.5,Analgésicos
1101,MED-2100,Antibióticos,Tecnoquímicas,Cartagena,Alta (Epidemia),Manual,24399.99,20070.91,4329.08,114,62,425,18.06,8.32,563,0,1,58,0,0,1,Pediatría,0.5,Antibióticos
1102,MED-2101,Dermatológicos,Roche,Barranquilla,Normal,Proveedor Programado,72770.6,47099.41,25671.19,133,58,129,23.96,3.46,728,1,14,869,0,1,0,Gastrointestinales,0.25,Dermatológicos
1103,MED-2102,Pediatría,La Santé,Barranquilla,Alta (Invierno),Automático (ML),25548.34,19669.08,5879.26,135,49,335,6.09,7.75,146,1,8,110,0,1,1,Pediatría,1.0,Pediatría
1104,MED-2103,Antibióticos,La Santé,Bogotá,Promoción,Automático (ML),42193.17,35775.57,6417.6,242,65,187,20.18,1.71,625,2,10,716,0,0,0,Cardiovasculares,0.75,Cardiovasculares
1105,MED-2104,Analgésicos,Roche,Bogotá,Alta (Epidemia),Manual,16010.86,11474.64,4536.22,448,71,304,31.61,5.11,950,1,8,345,1,0,0,Dermatológicos,0.5,Analgésicos
1106,MED-2105,Analgésicos,MK,Cali,Promoción,Automático (ML),78243.46,49123.48,29119.98,437,20,385,24.6,6.38,721,1,13,558,0,0,1,Pediatría,0.5,Analgésicos
1107,MED-2106,Antigripales,Bayer,Medellín,Promoción,Proveedor Programado,75069.93,46826.09,28243.84,335,34,87,35.32,5.35,1072,0,1,540,1,0,1,Antigripales,0.25,Antigripales
1108,MED-2107,Gastrointestinales,Bayer,Cartagena,Promoción,Proveedor Programado,31855.82,19175.66,12680.16,288,57,384,13.27,5.83,422,4,7,468,1,0,0,Pediatría,0.75,Pediatría
1109,MED-2108,Gastrointestinales,La Santé,Medellín,Alta (Invierno),Proveedor Programado,62816.02,43522.35,19293.67,320,19,371,24.82,1.63,724,2,6,567,0,0,0,Pediatría,0.75,Pediatría
1110,MED-2109,Pediatría,Sanofi,Cartagena,Alta (Epidemia),Manual,54716.5,38153.33,16563.17,50,11,203,29.42,6.63,906,0,12,196,1,0,0,Gastrointestinales,0.5,Pediatría
1111,MED-2110,Diabetes,Pfizer,Medellín,Normal,Proveedor Programado,49037.14,38986.58,10050.56,157,76,343,28.38,5.21,828,1,3,688,0,0,0,Dermatológicos,0.5,Diabetes
1112,MED-2111,Antibióticos,MK,Cartagena,Alta (Invierno),Manual,79166.8,65090.68,14076.12,191,50,423,27.11,0.66,791,3,6,135,0,1,1,Pediatría,0.5,Antibióticos
1113,MED-2112,Dermatológicos,MK,Medellín,Alta (Invierno),Automático (ML),3953.9,2767.13,1186.77,73,14,145,17.84,9.71,508,2,2,307,0,0,1,Pediatría,0.75,Pediatría
1114,MED-2113,Dermatológicos,Roche,Barranquilla,Alta (Invierno),Automático (ML),73228.96,47500.51,25728.45,342,61,285,35.41,9.59,1070,0,7,144,1,0,1,Dermatológicos,0.5,Dermatológicos
1115,MED-2114,Cardiovasculares,Sanofi,Medellín,Promoción,Automático (ML),17502.71,12691.63,4811.08,422,28,108,38.96,3.82,1172,0,7,240,1,1,0,Pediatría,0.5,Cardiovasculares
1116,MED-2115,Diabetes,Bayer,Barranquilla,Promoción,Manual,3436.05,2106.11,1329.94,241,20,166,9.81,5.7,283,1,2,740,1,0,0,Pediatría,0.75,Pediatría
1117,MED-2116,Dermatológicos,Sanofi,Barranquilla,Alta (Epidemia),Automático (ML),40210.15,32069.76,8140.39,391,29,205,4.04,5.23,94,1,2,894,1,1,1,Pediatría,0.5,Dermatológicos
1118,MED-2117,Antibióticos,La Santé,Medellín,Promoción,Manual,33538.88,23225.7,10313.18,368,57,442,37.48,8.75,1106,2,4,448,0,0,0,Dermatológicos,0.5,Antibióticos
1119,MED-2118,Analgésicos,Novartis,Cali,Promoción,Automático (ML),60600.16,37746.86,22853.3,398,15,280,18.62,0.65,565,2,1,569,1,1,1,Pediatría,0.5,Analgésicos
1120,MED-2119,Cardiovasculares,Abbott,Cali,Normal,Automático (ML),59819.07,37811.05,22008.02,191,70,131,24.4,1.98,747,2,14,831,0,0,1,Pediatría,0.5,Cardiovasculares
1121,MED-2120,Pediatría,MK,Medellín,Promoción,Automático (ML),26396.73,19405.09,6991.64,462,28,320,23.49,7.01,708,1,7,610,1,1,1,Pediatría,0.5,Pediatría
1122,MED-2121,Analgésicos,Sanofi,Barranquilla,Alta (Invierno),Manual,33857.63,21825.92,12031.71,495,52,135,23.35,7.92,680,2,13,730,1,0,1,Pediatría,0.5,Analgésicos
1123,MED-2122,Analgésicos,MK,Cali,Promoción,Proveedor Programado,38879.44,29927.81,8951.63,416,19,233,22.7,5.42,659,0,14,296,0,1,0,Gastrointestinales,0.5,Analgésicos
1124,MED-2123,Pediatría,Roche,Medellín,Normal,Manual,35676.01,21544.84,14131.17,483,56,337,39.19,3.39,1186,0,5,95,0,1,1,Dermatológicos,0.5,Pediatría
1125,MED-2124,Pediatría,Pfizer,Cartagena,Alta (Invierno),Automático (ML),42347.68,27035.55,15312.13,414,25,371,1.24,5.32,15,2,12,258,0,1,1,Dermatológicos,0.5,Pediatría
1126,MED-2125,Dermatológicos,Novartis,Cartagena,Promoción,Proveedor Programado,65898.26,44490.0,21408.26,19,45,191,19.27,4.54,600,0,3,634,1,1,0,Antigripales,0.25,Dermatológicos
1127,MED-2126,Antibióticos,Roche,Cali,Alta (Invierno),Automático (ML),61691.77,52285.47,9406.3,341,44,211,17.85,6.15,558,1,1,752,0,1,1,Antigripales,0.25,Antibióticos
1128,MED-2127,Analgésicos,MK,Barranquilla,Normal,Manual,18549.24,15113.79,3435.45,40,28,323,14.63,2.52,423,2,6,733,0,1,1,Pediatría,1.0,Pediatría
1129,MED-2128,Dermatológicos,Sanofi,Medellín,Alta (Invierno),Automático (ML),32535.76,19649.29,12886.47,275,25,397,9.25,4.24,291,1,3,55,0,0,0,Pediatría,0.75,Pediatría
1130,MED-2129,Diabetes,MK,Cartagena,Normal,Automático (ML),28865.37,18287.93,10577.44,54,29,384,12.67,6.45,367,2,14,473,0,0,0,Pediatría,0.75,Pediatría
1131,MED-2130,Analgésicos,MK,Medellín,Alta (Epidemia),Automático (ML),26566.5,20373.74,6192.76,257,63,128,39.32,6.82,1187,2,13,707,1,0,0,Dermatológicos,0.5,Analgésicos
1132,MED-2131,Antibióticos,Tecnoquímicas,Bogotá,Promoción,Manual,42758.17,34130.05,8628.12,77,32,417,39.47,4.54,1177,2,4,346,1,0,1,Pediatría,0.75,Pediatría
1133,MED-2132,Analgésicos,Roche,Medellín,Promoción,Automático (ML),4245.05,3174.95,1070.1,286,30,254,10.19,3.64,320,1,5,582,0,0,0,Pediatría,1.0,Pediatría
1134,MED-2133,Dermatológicos,Bayer,Cartagena,Normal,Manual,17890.15,13136.2,4753.95,172,54,286,26.95,6.36,770,1,12,829,0,0,1,Dermatológicos,0.25,Dermatológicos
1135,MED-2134,Pediatría,Novartis,Cali,Promoción,Automático (ML),64545.33,43671.06,20874.27,140,29,325,19.97,1.78,621,2,3,730,1,1,1,Dermatológicos,0.5,Pediatría
1136,MED-2135,Gastrointestinales,La Santé,Cali,Alta (Invierno),Automático (ML),32452.63,22807.39,9645.24,320,12,217,27.01,9.05,847,1,6,398,1,1,0,Pediatría,0.5,Gastrointestinales
1137,MED-2136,Gastrointestinales,La Santé,Bogotá,Normal,Automático (ML),77483.58,62207.84,15275.74,71,28,365,24.18,3.78,680,0,13,810,1,0,0,Gastrointestinales,0.5,Gastrointestinales
1138,MED-2137,Pediatría,Pfizer,Cartagena,Alta (Epidemia),Proveedor Programado,64747.87,53661.04,11086.83,475,61,292,9.44,3.0,299,5,8,555,0,1,1,Pediatría,0.75,Pediatría
1139,MED-2138,Pediatría,Abbott,Cartagena,Promoción,Proveedor Programado,35783.64,22144.0,13639.64,56,16,177,19.47,7.87,574,1,8,857,0,0,1,Pediatría,0.75,Pediatría
1140,MED-2139,Analgésicos,La Santé,Bogotá,Alta (Epidemia),Proveedor Programado,12744.84,8875.57,3869.27,306,26,172,37.5,7.88,1167,0,11,72,1,0,1,Pediatría,0.75,Pediatría
1141,MED-2140,Cardiovasculares,Roche,Bogotá,Alta (Epidemia),Automático (ML),10738.1,8424.53,2313.57,137,38,333,33.23,5.98,1014,2,8,486,1,0,1,Pediatría,1.0,Pediatría
1142,MED-2141,Dermatológicos,Roche,Medellín,Alta (Invierno),Proveedor Programado,10436.4,6366.17,4070.23,149,10,128,23.43,7.51,729,0,8,637,0,0,1,Pediatría,0.75,Pediatría
1143,MED-2142,Antibióticos,Tecnoquímicas,Cartagena,Promoción,Manual,44420.07,34634.21,9785.86,221,34,304,12.09,7.29,378,0,9,455,1,0,1,Pediatría,1.0,Pediatría
1144,MED-2143,Higiene Personal,Genfar,Medellín,Alta (Invierno),Manual,21842.04,17775.64,4066.4,409,41,403,2.86,1.08,63,4,4,892,0,0,1,Pediatría,0.75,Pediatría
1145,MED-2144,Analgésicos,MK,Cali,Promoción,Automático (ML),33903.8,26435.34,7468.46,166,17,191,26.55,4.74,794,1,4,730,0,1,1,Pediatría,0.75,Pediatría
1146,MED-2145,Antibióticos,MK,Cartagena,Promoción,Manual,49426.97,36558.33,12868.64,440,13,316,26.73,7.35,804,1,8,139,1,0,0,Gastrointestinales,0.25,Antibióticos
1147,MED-2146,Gastrointestinales,Sanofi,Barranquilla,Promoción,Manual,20154.44,12737.88,7416.56,398,24,207,21.33,9.25,624,1,11,563,0,1,0,Pediatría,0.5,Gastrointestinales
1148,MED-2147,Dermatológicos,Pfizer,Bogotá,Normal,Automático (ML),79023.18,58474.9,20548.28,8,43,320,24.99,1.93,763,1,4,613,0,0,1,Dermatológicos,0.5,Dermatológicos
1149,MED-2148,Vitaminas,La Santé,Barranquilla,Normal,Automático (ML),40594.57,26984.11,13610.46,135,42,165,8.88,8.02,253,2,11,79,0,0,1,Pediatría,0.5,Vitaminas
1150,MED-2149,Cardiovasculares,La Santé,Cali,Alta (Invierno),Proveedor Programado,52311.62,37096.98,15214.64,220,60,394,30.01,7.26,899,1,10,233,0,0,1,Gastrointestinales,0.25,Cardiovasculares
1151,MED-2150,Analgésicos,Novartis,Barranquilla,Alta (Epidemia),Manual,72588.42,60014.61,12573.81,440,40,206,32.65,8.37,959,1,12,743,1,0,1,Gastrointestinales,0.25,Analgésicos
1152,MED-2151,Diabetes,MK,Cartagena,Alta (Epidemia),Manual,16294.55,10830.34,5464.21,59,75,139,23.96,9.27,704,0,11,885,0,1,1,Dermatológicos,0.5,Diabetes
1153,MED-2152,Higiene Personal,Pfizer,Cali,Promoción,Proveedor Programado,46377.9,36671.39,9706.51,432,26,117,21.14,1.4,653,2,7,364,0,1,1,Pediatría,0.5,Higiene Personal
1154,MED-2153,Cardiovasculares,Bayer,Cali,Alta (Invierno),Proveedor Programado,28055.06,17890.27,10164.79,434,46,316,22.17,4.62,674,2,4,373,0,0,0,Cardiovasculares,0.5,Cardiovasculares
1155,MED-2154,Vitaminas,Abbott,Barranquilla,Alta (Epidemia),Proveedor Programado,15442.24,12442.51,2999.73,272,68,120,7.96,4.07,213,4,11,506,0,0,1,Cardiovasculares,0.5,Vitaminas
1156,MED-2155,Gastrointestinales,Sanofi,Barranquilla,Alta (Epidemia),Automático (ML),13485.41,8935.34,4550.07,20,10,76,2.41,9.85,66,1,3,847,1,0,1,Pediatría,0.75,Pediatría
1157,MED-2156,Dermatológicos,Genfar,Cartagena,Promoción,Manual,16425.47,13105.78,3319.69,452,16,194,11.74,4.13,338,1,4,855,0,1,0,Pediatría,1.0,Pediatría
1158,MED-2157,Dermatológicos,Abbott,Medellín,Alta (Invierno),Automático (ML),65915.54,53143.53,12772.01,215,38,189,5.24,4.99,158,1,5,645,1,1,0,Cardiovasculares,0.5,Dermatológicos
1159,MED-2158,Antigripales,Genfar,Medellín,Normal,Automático (ML),33538.67,24376.24,9162.43,194,45,355,39.31,4.07,1215,0,6,408,0,0,1,Dermatológicos,0.5,Antigripales
1160,MED-2159,Cardiovasculares,MK,Bogotá,Normal,Automático (ML),25440.81,20699.57,4741.24,398,53,288,6.81,8.04,177,1,4,180,1,0,0,Pediatría,0.5,Cardiovasculares
1161,MED-2160,Antibióticos,Novartis,Cali,Promoción,Manual,51152.44,36112.82,15039.62,435,76,281,36.84,4.31,1119,2,3,538,1,0,0,Dermatológicos,0.5,Antibióticos
1162,MED-2161,Antibióticos,Genfar,Barranquilla,Promoción,Automático (ML),37629.0,25197.24,12431.76,384,16,374,19.66,5.61,580,2,14,126,0,1,0,Pediatría,0.75,Pediatría
1163,MED-2162,Diabetes,Sanofi,Cali,Promoción,Automático (ML),29676.75,20321.72,9355.03,357,24,272,25.36,4.95,766,1,7,687,0,0,0,Pediatría,0.5,Diabetes
1164,MED-2163,Antibióticos,Pfizer,Barranquilla,Alta (Invierno),Manual,43149.5,34292.94,8856.56,276,52,122,23.81,6.82,712,2,14,56,1,1,0,Gastrointestinales,0.5,Antibióticos
1165,MED-2164,Pediatría,MK,Barranquilla,Promoción,Proveedor Programado,76792.84,54427.15,22365.69,448,26,218,12.81,3.31,390,1,8,127,1,1,0,Dermatológicos,0.25,Pediatría
1166,MED-2165,Antibióticos,La Santé,Bogotá,Alta (Invierno),Automático (ML),23661.11,14671.12,8989.99,449,71,139,4.9,5.84,154,2,2,340,0,1,1,Cardiovasculares,0.5,Antibióticos
1167,MED-2166,Antibióticos,Novartis,Cartagena,Normal,Manual,35763.53,29253.46,6510.07,2,61,131,35.57,3.08,1061,4,10,149,0,0,0,Pediatría,1.0,Pediatría
1168,MED-2167,Analgésicos,Novartis,Barranquilla,Alta (Epidemia),Manual,47215.6,31780.85,15434.75,495,19,269,34.13,5.25,1033,3,12,688,0,0,0,Pediatría,0.5,Analgésicos
1169,MED-2168,Vitaminas,Pfizer,Cartagena,Alta (Epidemia),Manual,57793.8,47941.57,9852.23,61,32,125,14.98,4.69,473,2,4,76,0,0,1,Dermatológicos,0.5,Vitaminas
1170,MED-2169,Gastrointestinales,Novartis,Medellín,Promoción,Proveedor Programado,29063.0,22218.31,6844.69,341,65,173,25.25,1.12,767,4,8,410,0,0,1,Cardiovasculares,0.5,Gastrointestinales
1171,MED-2170,Analgésicos,Novartis,Cali,Promoción,Manual,11507.25,9290.64,2216.61,33,17,189,24.53,0.8,723,3,5,137,1,1,1,Pediatría,1.0,Pediatría
1172,MED-2171,Pediatría,Novartis,Cartagena,Alta (Invierno),Proveedor Programado,79861.24,47986.72,31874.52,103,25,170,8.04,6.65,207,5,2,148,0,0,0,Dermatológicos,0.5,Pediatría
1173,MED-2172,Analgésicos,Genfar,Medellín,Alta (Epidemia),Manual,69847.43,44162.62,25684.81,468,54,327,28.64,1.09,869,0,9,289,0,0,1,Pediatría,0.5,Analgésicos
1174,MED-2173,Dermatológicos,MK,Cartagena,Promoción,Manual,42384.48,26418.88,15965.6,487,34,354,36.42,9.48,1077,1,9,342,1,1,1,Gastrointestinales,0.25,Dermatológicos
1175,MED-2174,Vitaminas,Sanofi,Barranquilla,Normal,Automático (ML),72969.34,53238.57,19730.77,13,42,348,37.67,7.08,1121,1,4,705,1,0,0,Antigripales,0.25,Vitaminas
1176,MED-2175,Antibióticos,Tecnoquímicas,Medellín,Alta (Epidemia),Proveedor Programado,75969.18,52583.54,23385.64,249,71,398,39.24,9.67,1174,0,10,717,0,1,0,Gastrointestinales,0.5,Antibióticos
1177,MED-2176,Gastrointestinales,Sanofi,Barranquilla,Normal,Proveedor Programado,46546.5,35343.98,11202.52,3,39,357,2.41,3.55,80,3,14,304,0,0,1,Cardiovasculares,0.75,Cardiovasculares
1178,MED-2177,Antibióticos,Novartis,Bogotá,Promoción,Manual,21641.62,15325.37,6316.25,81,73,465,10.94,3.4,296,1,1,285,1,0,1,Pediatría,0.5,Antibióticos
1179,MED-2178,Gastrointestinales,Tecnoquímicas,Medellín,Alta (Invierno),Automático (ML),6261.87,4812.16,1449.71,111,61,256,25.74,8.36,780,3,7,872,0,0,1,Dermatológicos,0.5,Gastrointestinales
1180,MED-2179,Antigripales,Sanofi,Bogotá,Normal,Manual,46160.21,39020.71,7139.5,173,62,137,37.0,5.87,1112,0,3,435,1,1,0,Dermatológicos,0.5,Antigripales
1181,MED-2180,Higiene Personal,La Santé,Cartagena,Alta (Epidemia),Proveedor Programado,48180.12,32215.31,15964.81,38,45,371,11.75,8.07,367,0,13,833,1,0,0,Pediatría,0.75,Pediatría
1182,MED-2181,Vitaminas,La Santé,Barranquilla,Alta (Invierno),Automático (ML),32381.35,23530.62,8850.73,404,67,344,11.6,9.8,333,1,2,391,1,1,0,Pediatría,0.5,Vitaminas
1183,MED-2182,Dermatológicos,Bayer,Cartagena,Alta (Invierno),Proveedor Programado,30440.15,19719.73,10720.42,345,24,407,9.86,0.54,270,1,3,591,0,0,1,Pediatría,0.75,Pediatría
1184,MED-2183,Pediatría,Tecnoquímicas,Bogotá,Alta (Epidemia),Proveedor Programado,11185.55,9246.93,1938.62,311,11,228,39.12,0.99,1165,3,13,609,0,1,1,Pediatría,0.5,Pediatría
1185,MED-2184,Vitaminas,Abbott,Cali,Promoción,Proveedor Programado,46548.14,37652.73,8895.41,101,44,400,38.81,2.15,1146,2,1,555,1,1,1,Cardiovasculares,0.5,Vitaminas
1186,MED-2185,Higiene Personal,Genfar,Cali,Normal,Automático (ML),28479.96,20950.18,7529.78,167,32,180,37.37,1.89,1122,2,3,607,1,1,0,Pediatría,0.5,Higiene Personal
1187,MED-2186,Antibióticos,Pfizer,Medellín,Normal,Manual,16147.71,13187.78,2959.93,151,32,221,8.9,6.85,239,3,10,101,0,0,1,Cardiovasculares,0.5,Antibióticos
1188,MED-2187,Higiene Personal,Abbott,Bogotá,Promoción,Proveedor Programado,71178.78,43890.45,27288.33,102,22,136,14.29,9.57,463,2,11,108,0,1,1,Dermatológicos,0.25,Higiene Personal
1189,MED-2188,Higiene Personal,Novartis,Bogotá,Promoción,Manual,31658.39,24319.76,7338.63,87,77,298,1.07,3.83,34,2,10,851,0,0,1,Pediatría,0.5,Higiene Personal
1190,MED-2189,Higiene Personal,La Santé,Medellín,Normal,Proveedor Programado,27547.47,16881.57,10665.9,409,67,403,3.28,6.09,75,4,2,507,1,0,0,Cardiovasculares,0.5,Higiene Personal
1191,MED-2190,Vitaminas,Pfizer,Cali,Alta (Invierno),Proveedor Programado,32837.3,24847.8,7989.5,182,78,171,8.29,3.84,238,1,9,782,1,0,1,Pediatría,0.5,Vitaminas
1192,MED-2191,Diabetes,Sanofi,Medellín,Alta (Epidemia),Manual,78959.5,55884.8,23074.7,202,47,268,33.04,1.27,987,1,4,556,1,0,0,Antigripales,0.25,Diabetes
1193,MED-2192,Dermatológicos,Tecnoquímicas,Barranquilla,Alta (Epidemia),Automático (ML),17314.43,10409.43,6905.0,112,47,287,33.17,5.29,1016,0,7,304,0,0,1,Pediatría,0.5,Dermatológicos
1194,MED-2193,Antigripales,Tecnoquímicas,Cartagena,Normal,Automático (ML),68860.88,52939.28,15921.6,88,18,108,25.63,1.25,776,0,2,191,1,0,1,Antigripales,0.25,Antigripales
1195,MED-2194,Analgésicos,Roche,Barranquilla,Alta (Epidemia),Automático (ML),18330.42,15308.86,3021.56,270,26,347,17.65,9.83,526,1,10,783,1,0,0,Pediatría,0.75,Pediatría
1196,MED-2195,Gastrointestinales,MK,Barranquilla,Alta (Epidemia),Manual,58139.08,36473.99,21665.09,150,15,373,17.86,8.36,554,2,9,199,0,1,1,Dermatológicos,0.25,Gastrointestinales
1197,MED-2196,Antigripales,Pfizer,Cartagena,Alta (Invierno),Automático (ML),32576.22,25524.69,7051.53,176,70,421,6.78,7.17,179,0,8,290,0,1,0,Pediatría,0.75,Pediatría
1198,MED-2197,Vitaminas,Tecnoquímicas,Medellín,Promoción,Automático (ML),47718.6,34401.3,13317.3,499,17,394,39.65,4.6,1214,2,2,835,1,1,1,Pediatría,0.5,Vitaminas
1199,MED-2198,Cardiovasculares,MK,Cartagena,Alta (Epidemia),Manual,75976.5,48031.25,27945.25,264,17,176,13.69,6.85,426,0,9,60,1,1,0,Dermatológicos,0.25,Cardiovasculares
1200,MED-2199,Vitaminas,La Santé,Barranquilla,Normal,Automático (ML),44820.11,37945.0,6875.11,349,41,393,24.45,7.27,711,2,7,488,0,0,0,Pediatría,0.75,Pediatría
1201,MED-2200,Dermatológicos,Bayer,Medellín,Promoción,Automático (ML),68759.2,54518.31,14240.89,460,14,211,22.74,9.59,713,3,13,821,1,0,0,Pediatría,0.5,Dermatológicos
1202,MED-2201,Antigripales,Abbott,Cali,Normal,Automático (ML),7806.74,5957.22,1849.52,455,64,233,14.64,1.38,447,0,9,182,1,1,0,Pediatría,0.75,Pediatría
1203,MED-2202,Gastrointestinales,Sanofi,Cartagena,Promoción,Manual,44305.08,35835.75,8469.33,174,63,414,28.46,2.18,876,0,13,200,0,0,0,Gastrointestinales,0.25,Gastrointestinales
1204,MED-2203,Vitaminas,MK,Cali,Normal,Proveedor Programado,20533.64,12827.9,7705.74,242,11,197,19.71,8.93,607,1,9,583,0,0,1,Pediatría,0.75,Pediatría
1205,MED-2204,Cardiovasculares,Roche,Bogotá,Promoción,Automático (ML),37448.25,28639.77,8808.48,290,47,163,10.57,6.69,356,1,8,883,1,1,1,Pediatría,0.75,Pediatría
1206,MED-2205,Antibióticos,Sanofi,Medellín,Alta (Invierno),Proveedor Programado,17123.05,14098.82,3024.23,76,65,226,13.09,4.23,383,1,5,127,0,0,1,Pediatría,0.5,Antibióticos
1207,MED-2206,Antibióticos,Tecnoquímicas,Medellín,Promoción,Manual,26748.42,20592.33,6156.09,441,76,394,22.06,2.38,649,2,4,879,1,0,0,Pediatría,0.5,Antibióticos
1208,MED-2207,Antigripales,Roche,Medellín,Alta (Invierno),Manual,13127.44,10095.79,3031.65,260,16,339,35.03,3.32,1089,2,11,898,0,1,0,Pediatría,0.5,Antigripales
1209,MED-2208,Dermatológicos,Genfar,Medellín,Promoción,Manual,71979.98,54922.21,17057.77,367,57,327,21.95,7.97,650,1,9,303,0,0,0,Gastrointestinales,0.25,Dermatológicos
1210,MED-2209,Cardiovasculares,Sanofi,Cartagena,Alta (Epidemia),Proveedor Programado,65610.07,54792.01,10818.06,304,73,412,7.27,7.47,228,1,6,792,0,0,1,Pediatría,0.5,Cardiovasculares
1211,MED-2210,Cardiovasculares,Abbott,Bogotá,Promoción,Proveedor Programado,49766.44,32163.62,17602.82,474,73,367,29.61,3.98,902,3,7,899,0,1,0,Pediatría,0.75,Pediatría
1212,MED-2211,Dermatológicos,La Santé,Cali,Alta (Epidemia),Proveedor Programado,59245.94,41630.29,17615.65,478,24,101,15.25,4.97,459,3,10,534,1,0,1,Dermatológicos,0.25,Dermatológicos
1213,MED-2212,Analgésicos,MK,Bogotá,Normal,Manual,76263.75,57908.59,18355.16,163,78,224,6.49,9.21,201,1,2,278,1,0,1,Pediatría,0.5,Analgésicos
1214,MED-2213,Diabetes,Tecnoquímicas,Cartagena,Normal,Automático (ML),67400.44,52066.69,15333.75,218,19,209,6.57,2.45,207,1,14,470,0,1,1,Dermatológicos,0.25,Diabetes
1215,MED-2214,Gastrointestinales,La Santé,Cali,Normal,Manual,72517.68,48513.32,24004.36,468,31,190,38.44,3.68,1142,1,2,443,0,0,1,Gastrointestinales,0.5,Gastrointestinales
1216,MED-2215,Gastrointestinales,La Santé,Cartagena,Alta (Epidemia),Manual,32031.73,19283.57,12748.16,135,27,410,18.77,8.1,590,0,12,61,1,0,1,Pediatría,1.0,Pediatría
1217,MED-2216,Antibióticos,Pfizer,Medellín,Normal,Manual,22534.46,16303.07,6231.39,332,27,179,28.5,5.66,869,0,8,689,0,0,1,Pediatría,0.5,Antibióticos
1218,MED-2217,Antibióticos,Pfizer,Cartagena,Alta (Epidemia),Automático (ML),7981.93,6253.58,1728.35,148,33,99,9.13,4.73,241,1,4,758,1,0,0,Pediatría,0.75,Pediatría
1219,MED-2218,Analgésicos,MK,Medellín,Promoción,Proveedor Programado,38853.66,33022.4,5831.26,152,33,147,2.04,1.37,82,1,4,111,1,1,1,Pediatría,0.5,Analgésicos
1220,MED-2219,Diabetes,Pfizer,Barranquilla,Normal,Automático (ML),50486.85,31475.08,19011.77,175,74,295,9.4,3.15,277,2,3,787,1,0,0,Pediatría,0.5,Diabetes
1221,MED-2220,Pediatría,Tecnoquímicas,Medellín,Alta (Epidemia),Manual,53940.47,41649.91,12290.56,6,18,327,15.66,9.31,473,1,2,562,0,0,1,Antigripales,0.25,Pediatría
1222,MED-2221,Diabetes,Novartis,Cartagena,Normal,Manual,5490.59,4182.36,1308.23,109,38,153,22.52,8.07,684,3,6,452,1,1,1,Pediatría,1.0,Pediatría
1223,MED-2222,Cardiovasculares,Roche,Cali,Alta (Invierno),Manual,59251.78,36237.7,23014.08,222,36,183,37.59,9.68,1152,0,12,605,0,0,0,Gastrointestinales,0.25,Cardiovasculares
1224,MED-2223,Pediatría,Bayer,Cartagena,Promoción,Proveedor Programado,70320.87,43241.0,27079.87,18,71,261,17.47,1.75,544,0,10,836,1,1,0,Pediatría,0.5,Pediatría
1225,MED-2224,Dermatológicos,Tecnoquímicas,Cartagena,Normal,Manual,69589.89,48546.31,21043.58,276,59,229,11.45,1.01,359,1,3,286,0,0,0,Pediatría,0.5,Dermatológicos
1226,MED-2225,Dermatológicos,Bayer,Medellín,Alta (Epidemia),Manual,75424.78,62223.43,13201.35,385,65,343,21.99,8.21,666,1,6,312,1,0,0,Gastrointestinales,0.25,Dermatológicos
1227,MED-2226,Antigripales,Novartis,Bogotá,Normal,Proveedor Programado,61441.96,38261.43,23180.53,375,34,424,29.78,3.5,878,3,12,872,1,1,1,Pediatría,0.75,Pediatría
1228,MED-2227,Antibióticos,Novartis,Cali,Alta (Invierno),Automático (ML),24990.25,19077.32,5912.93,187,49,421,39.81,4.3,1177,4,4,437,1,1,0,Pediatría,0.5,Antibióticos
1229,MED-2228,Analgésicos,La Santé,Medellín,Alta (Epidemia),Manual,34205.76,28267.44,5938.32,239,32,375,10.17,4.51,323,1,14,884,1,0,0,Pediatría,0.75,Pediatría
1230,MED-2229,Cardiovasculares,Tecnoquímicas,Cartagena,Alta (Invierno),Automático (ML),52253.97,38800.15,13453.82,391,72,264,35.52,6.01,1097,2,14,479,0,1,1,Gastrointestinales,0.5,Cardiovasculares
1231,MED-2230,Antigripales,Roche,Barranquilla,Alta (Invierno),Automático (ML),60456.67,51239.52,9217.15,267,21,359,5.28,4.53,158,2,12,593,0,1,1,Dermatológicos,0.25,Antigripales
1232,MED-2231,Vitaminas,Abbott,Bogotá,Promoción,Manual,37952.84,26642.28,11310.56,217,33,122,35.82,9.98,1064,0,6,294,1,0,0,Pediatría,0.5,Vitaminas
1233,MED-2232,Antigripales,Roche,Barranquilla,Alta (Invierno),Proveedor Programado,14055.46,10756.04,3299.42,471,77,338,23.52,7.2,719,0,11,759,1,0,1,Dermatológicos,0.25,Antigripales
1234,MED-2233,Vitaminas,MK,Barranquilla,Alta (Invierno),Manual,37962.77,27454.3,10508.47,211,43,152,24.9,7.33,724,2,3,590,0,0,1,Dermatológicos,0.5,Vitaminas
1235,MED-2234,Antigripales,Abbott,Barranquilla,Normal,Proveedor Programado,3109.2,2300.78,808.42,72,38,244,15.89,3.53,489,3,11,548,0,0,0,Pediatría,0.75,Pediatría
1236,MED-2235,Cardiovasculares,Sanofi,Bogotá,Normal,Manual,24937.96,20548.98,4388.98,7,62,310,2.01,1.35,31,2,1,527,0,0,0,Pediatría,0.75,Pediatría
1237,MED-2236,Antibióticos,Tecnoquímicas,Medellín,Normal,Manual,71431.14,50950.7,20480.44,153,11,391,28.2,1.0,834,2,7,298,0,1,0,Pediatría,0.5,Antibióticos
1238,MED-2237,Antigripales,MK,Barranquilla,Promoción,Manual,64165.13,46366.98,17798.15,155,71,167,7.57,6.5,237,2,11,700,1,1,1,Pediatría,0.5,Antigripales
1239,MED-2238,Vitaminas,Genfar,Bogotá,Alta (Epidemia),Proveedor Programado,12943.5,10827.24,2116.26,196,20,112,23.67,7.7,724,0,2,796,0,0,0,Pediatría,0.5,Vitaminas
1240,MED-2239,Antibióticos,Novartis,Cali,Normal,Proveedor Programado,71856.31,48701.43,23154.88,8,74,182,9.25,5.79,277,1,11,465,1,0,0,Pediatría,0.5,Antibióticos
1241,MED-2240,Antigripales,Bayer,Medellín,Promoción,Automático (ML),38769.46,30512.63,8256.83,47,54,203,20.92,4.46,611,2,5,667,0,1,1,Cardiovasculares,0.5,Antigripales
1242,MED-2241,Antigripales,Sanofi,Bogotá,Promoción,Manual,18884.47,11972.51,6911.96,373,77,329,33.29,2.05,1003,1,2,456,0,0,0,Dermatológicos,0.5,Antigripales
1243,MED-2242,Dermatológicos,La Santé,Bogotá,Alta (Epidemia),Manual,53575.32,40902.14,12673.18,223,16,231,39.72,6.95,1172,1,8,825,1,0,0,Gastrointestinales,0.25,Dermatológicos
1244,MED-2243,Pediatría,MK,Medellín,Promoción,Proveedor Programado,47256.19,32229.94,15026.25,384,60,276,32.95,7.86,971,0,5,518,1,0,1,Antigripales,0.25,Pediatría
1245,MED-2244,Vitaminas,Tecnoquímicas,Cartagena,Alta (Epidemia),Automático (ML),31931.0,21410.87,10520.13,30,78,359,24.11,7.71,742,1,7,554,0,1,1,Dermatológicos,0.5,Vitaminas
1246,MED-2245,Gastrointestinales,Tecnoquímicas,Bogotá,Normal,Manual,23265.82,15926.08,7339.74,199,41,302,31.84,7.12,956,1,3,263,0,1,0,Pediatría,0.75,Pediatría
1247,MED-2246,Cardiovasculares,Abbott,Barranquilla,Normal,Manual,62177.43,43953.33,18224.1,496,36,426,28.04,2.88,867,7,12,694,1,1,0,Pediatría,0.75,Pediatría
1248,MED-2247,Antibióticos,La Santé,Medellín,Alta (Invierno),Automático (ML),77374.53,55584.51,21790.02,125,18,317,35.7,3.37,1083,0,11,707,1,1,1,Gastrointestinales,0.5,Antibióticos
1249,MED-2248,Cardiovasculares,Abbott,Barranquilla,Alta (Epidemia),Manual,65043.82,39176.58,25867.24,399,25,361,10.92,2.96,310,0,10,720,0,1,1,Pediatría,0.5,Cardiovasculares
1250,MED-2249,Higiene Personal,Abbott,Cartagena,Promoción,Proveedor Programado,22032.46,18582.99,3449.47,347,30,143,3.3,5.61,105,0,11,395,0,1,0,Pediatría,0.5,Higiene Personal
1251,MED-2250,Pediatría,Sanofi,Cartagena,Alta (Invierno),Proveedor Programado,71648.52,43121.72,28526.8,30,42,306,27.82,9.93,842,3,1,478,0,0,1,Pediatría,0.5,Pediatría
1252,MED-2251,Analgésicos,Genfar,Bogotá,Alta (Epidemia),Proveedor Programado,42432.0,28419.47,14012.53,31,16,276,29.36,8.39,882,0,8,498,1,0,0,Pediatría,0.5,Analgésicos
1253,MED-2252,Analgésicos,La Santé,Cali,Alta (Invierno),Automático (ML),66311.25,55069.96,11241.29,164,64,154,34.91,1.19,997,1,3,575,1,0,1,Antigripales,0.25,Analgésicos
1254,MED-2253,Antigripales,Genfar,Medellín,Normal,Proveedor Programado,26546.8,21800.25,4746.55,246,22,292,32.15,2.94,977,2,12,157,0,0,0,Pediatría,1.0,Pediatría
1255,MED-2254,Cardiovasculares,Bayer,Barranquilla,Alta (Epidemia),Manual,52524.75,43099.35,9425.4,362,62,163,21.13,3.79,612,3,8,243,0,0,1,Pediatría,0.75,Pediatría
1256,MED-2255,Pediatría,MK,Bogotá,Alta (Invierno),Automático (ML),14367.97,10258.97,4109.0,264,23,226,10.87,6.99,320,3,9,449,0,0,0,Pediatría,0.75,Pediatría
1257,MED-2256,Antibióticos,Bayer,Cartagena,Promoción,Manual,77159.83,48666.16,28493.67,427,68,167,25.13,8.46,767,0,12,631,0,1,0,Diabetes,0.5,Antibióticos
1258,MED-2257,Higiene Personal,Tecnoquímicas,Barranquilla,Promoción,Proveedor Programado,68922.03,45330.33,23591.7,189,63,285,23.63,8.94,704,2,3,610,1,1,0,Antigripales,0.25,Higiene Personal
1259,MED-2258,Dermatológicos,Pfizer,Medellín,Normal,Proveedor Programado,74929.27,48947.79,25981.48,149,20,182,30.09,6.45,909,2,6,466,0,0,0,Pediatría,0.5,Dermatológicos
1260,MED-2259,Analgésicos,Sanofi,Barranquilla,Promoción,Proveedor Programado,78484.8,59183.26,19301.54,370,49,333,25.17,3.22,778,1,9,111,1,1,0,Gastrointestinales,0.25,Analgésicos
1261,MED-2260,Cardiovasculares,MK,Cali,Normal,Proveedor Programado,76057.35,52425.52,23631.83,285,78,401,36.79,1.24,1122,6,8,591,1,0,0,Pediatría,0.75,Pediatría
1262,MED-2261,Cardiovasculares,Roche,Bogotá,Alta (Invierno),Automático (ML),33947.85,25856.36,8091.49,41,32,114,31.56,9.76,948,1,4,553,0,0,1,Pediatría,0.75,Pediatría
1263,MED-2262,Diabetes,La Santé,Barranquilla,Promoción,Manual,53314.37,41126.4,12187.97,196,78,347,36.07,3.71,1070,1,4,175,0,1,1,Antigripales,0.25,Diabetes
1264,MED-2263,Antigripales,Tecnoquímicas,Bogotá,Normal,Manual,3708.84,2410.95,1297.89,329,57,306,12.1,9.62,374,0,9,164,1,1,0,Pediatría,0.5,Antigripales
1265,MED-2264,Antigripales,Tecnoquímicas,Medellín,Normal,Manual,24856.15,15655.02,9201.13,380,12,153,8.86,3.04,261,1,5,412,0,0,1,Pediatría,0.5,Antigripales
1266,MED-2265,Antigripales,Novartis,Medellín,Normal,Manual,25099.24,20772.58,4326.66,249,68,312,26.43,5.13,791,2,10,126,1,0,0,Pediatría,0.5,Antigripales
1267,MED-2266,Pediatría,Abbott,Bogotá,Normal,Automático (ML),41553.64,35129.56,6424.08,148,10,312,31.13,3.02,922,1,9,820,0,1,0,Pediatría,0.75,Pediatría
1268,MED-2267,Gastrointestinales,Tecnoquímicas,Barranquilla,Alta (Invierno),Automático (ML),48084.58,33035.26,15049.32,278,55,217,19.08,6.25,588,2,10,482,1,1,0,Pediatría,0.5,Gastrointestinales
1269,MED-2268,Antibióticos,La Santé,Barranquilla,Normal,Proveedor Programado,47226.47,37407.67,9818.8,443,78,442,7.21,0.64,248,2,1,694,0,0,1,Pediatría,0.5,Antibióticos
1270,MED-2269,Diabetes,Roche,Bogotá,Alta (Epidemia),Manual,74917.64,47018.58,27899.06,112,32,217,11.35,3.64,298,0,1,62,0,1,0,Dermatológicos,0.25,Diabetes
1271,MED-2270,Antibióticos,Genfar,Medellín,Alta (Invierno),Proveedor Programado,4563.91,3379.74,1184.17,276,26,387,39.4,7.82,1123,3,2,89,0,1,1,Pediatría,0.75,Pediatría
1272,MED-2271,Vitaminas,La Santé,Cali,Alta (Epidemia),Proveedor Programado,64500.25,42096.82,22403.43,167,62,411,34.72,6.27,1073,2,8,847,1,0,1,Pediatría,0.5,Vitaminas
1273,MED-2272,Antigripales,Genfar,Cartagena,Normal,Manual,32495.84,24617.73,7878.11,29,74,147,6.72,9.72,218,1,10,647,1,0,0,Pediatría,0.5,Antigripales
1274,MED-2273,Vitaminas,Tecnoquímicas,Cartagena,Normal,Automático (ML),16721.12,10205.35,6515.77,87,59,211,38.79,7.1,1144,5,3,808,0,1,1,Pediatría,1.0,Pediatría
1275,MED-2274,Vitaminas,Tecnoquímicas,Medellín,Normal,Automático (ML),25361.64,17141.16,8220.48,130,77,469,22.95,2.87,663,1,11,688,1,1,0,Pediatría,0.5,Vitaminas
1276,MED-2275,Antibióticos,MK,Barranquilla,Alta (Epidemia),Automático (ML),27906.98,19196.71,8710.27,188,20,130,7.84,1.84,243,1,3,578,1,1,0,Pediatría,0.5,Antibióticos
1277,MED-2276,Antibióticos,Roche,Barranquilla,Normal,Automático (ML),78413.47,52101.16,26312.31,88,24,310,11.92,0.77,333,1,1,235,1,1,1,Pediatría,0.5,Antibióticos
1278,MED-2277,Pediatría,MK,Barranquilla,Alta (Epidemia),Proveedor Programado,27276.6,16778.87,10497.73,407,15,260,28.5,5.6,805,2,11,454,1,1,0,Pediatría,0.5,Pediatría
1279,MED-2278,Cardiovasculares,Novartis,Barranquilla,Alta (Epidemia),Proveedor Programado,25249.75,16038.28,9211.47,360,65,401,1.38,2.85,26,4,10,102,0,0,0,Pediatría,0.75,Pediatría
1280,MED-2279,Higiene Personal,Bayer,Medellín,Normal,Automático (ML),54879.82,38236.26,16643.56,242,26,221,20.36,4.99,632,1,11,342,1,0,1,Dermatológicos,0.25,Higiene Personal
1281,MED-2280,Antibióticos,Genfar,Barranquilla,Promoción,Proveedor Programado,30139.63,23917.09,6222.54,419,40,144,31.33,9.78,941,1,10,556,0,1,1,Pediatría,0.5,Antibióticos
1282,MED-2281,Diabetes,Novartis,Barranquilla,Normal,Manual,79658.56,59788.65,19869.91,39,39,226,22.91,4.62,664,2,3,501,0,0,1,Antigripales,0.25,Diabetes
1283,MED-2282,Cardiovasculares,Genfar,Barranquilla,Alta (Epidemia),Manual,35344.83,21747.2,13597.63,281,45,265,28.63,1.35,831,1,12,318,1,1,1,Pediatría,0.75,Pediatría
1284,MED-2283,Antigripales,Abbott,Bogotá,Alta (Epidemia),Automático (ML),14313.07,10638.67,3674.4,277,32,427,14.86,2.94,457,2,11,395,0,0,1,Pediatría,1.0,Pediatría
1285,MED-2284,Vitaminas,Genfar,Cali,Normal,Proveedor Programado,76698.56,46906.54,29792.02,232,53,249,16.16,1.63,475,3,14,32,1,0,1,Dermatológicos,0.25,Vitaminas
1286,MED-2285,Cardiovasculares,Abbott,Medellín,Normal,Manual,42900.24,31336.65,11563.59,184,76,159,1.34,0.52,27,2,6,312,0,1,1,Pediatría,0.5,Cardiovasculares
1287,MED-2286,Dermatológicos,MK,Bogotá,Alta (Invierno),Manual,29938.63,23668.33,6270.3,425,45,360,33.67,8.89,1003,0,7,420,1,1,0,Dermatológicos,0.5,Dermatológicos
1288,MED-2287,Dermatológicos,Abbott,Barranquilla,Alta (Invierno),Proveedor Programado,36930.33,28403.09,8527.24,61,19,349,17.59,8.96,537,3,10,506,1,0,0,Pediatría,0.75,Pediatría
1289,MED-2288,Antibióticos,Sanofi,Cali,Alta (Epidemia),Manual,76134.55,48567.5,27567.05,492,34,282,5.34,9.06,141,0,10,449,0,1,1,Dermatológicos,0.25,Antibióticos
1290,MED-2289,Diabetes,Abbott,Cartagena,Alta (Invierno),Proveedor Programado,67291.48,46407.96,20883.52,144,41,244,20.51,4.51,630,1,13,809,1,1,1,Gastrointestinales,0.5,Diabetes
1291,MED-2290,Analgésicos,Novartis,Cartagena,Alta (Invierno),Manual,18699.26,12094.01,6605.25,63,52,349,10.64,2.7,351,1,4,144,0,1,1,Pediatría,0.5,Analgésicos
1292,MED-2291,Analgésicos,MK,Barranquilla,Alta (Invierno),Automático (ML),78304.16,60761.14,17543.02,446,32,256,9.47,1.12,293,2,14,765,1,0,1,Dermatológicos,0.25,Analgésicos
1293,MED-2292,Dermatológicos,Novartis,Bogotá,Promoción,Manual,41594.92,32286.35,9308.57,90,66,457,17.82,4.62,528,0,13,109,1,0,0,Pediatría,0.5,Dermatológicos
1294,MED-2293,Antigripales,Genfar,Barranquilla,Alta (Invierno),Proveedor Programado,21379.96,14038.9,7341.06,484,57,124,18.08,7.87,535,0,11,475,1,0,1,Pediatría,0.5,Antigripales
1295,MED-2294,Antigripales,Genfar,Cartagena,Normal,Automático (ML),6760.8,5540.38,1220.42,279,22,196,32.57,9.61,978,0,13,193,1,0,1,Pediatría,0.75,Pediatría
1296,MED-2295,Dermatológicos,Novartis,Bogotá,Promoción,Proveedor Programado,68125.71,46397.86,21727.85,374,10,65,31.63,4.85,950,2,4,643,1,1,1,Pediatría,0.5,Dermatológicos
1297,MED-2296,Gastrointestinales,La Santé,Cartagena,Promoción,Proveedor Programado,78659.62,63078.93,15580.69,439,19,376,29.11,4.51,870,1,13,685,1,0,0,Gastrointestinales,0.5,Gastrointestinales
1298,MED-2297,Diabetes,Sanofi,Cali,Alta (Invierno),Proveedor Programado,10262.07,7255.61,3006.46,324,59,376,18.3,0.71,527,4,3,476,0,1,1,Cardiovasculares,0.5,Diabetes
1299,MED-2298,Dermatológicos,Sanofi,Cali,Normal,Manual,22863.75,18043.72,4820.03,222,62,271,35.12,7.21,1069,3,8,642,0,0,0,Dermatológicos,0.5,Dermatológicos
1300,MED-2299,Pediatría,Sanofi,Bogotá,Promoción,Proveedor Programado,5743.49,4789.58,953.91,438,49,361,9.06,3.73,272,2,9,420,0,1,0,Pediatría,1.0,Pediatría
1301,MED-2300,Dermatológicos,Sanofi,Medellín,Alta (Invierno),Automático (ML),26413.41,15904.54,10508.87,31,57,433,1.41,7.74,47,2,13,320,1,0,0,Pediatría,0.75,Pediatría
1302,MED-2301,Diabetes,Pfizer,Cali,Promoción,Automático (ML),26381.33,21756.2,4625.13,257,15,186,11.22,4.61,318,0,8,118,1,0,1,Pediatría,0.5,Diabetes
1303,MED-2302,Antigripales,Novartis,Cali,Alta (Epidemia),Proveedor Programado,55364.73,38854.48,16510.25,254,21,111,24.81,2.64,727,3,5,80,1,1,1,Pediatría,0.5,Antigripales
1304,MED-2303,Antigripales,Bayer,Barranquilla,Normal,Manual,25134.2,18177.53,6956.67,89,70,339,14.45,5.09,435,1,8,618,0,0,1,Pediatría,0.75,Pediatría
1305,MED-2304,Higiene Personal,Roche,Cali,Alta (Epidemia),Manual,38041.9,26129.63,11912.27,205,39,193,14.79,7.34,468,1,11,271,1,0,1,Pediatría,0.75,Pediatría
1306,MED-2305,Antigripales,Roche,Barranquilla,Normal,Proveedor Programado,67402.11,48172.12,19229.99,437,76,461,33.17,9.95,986,2,3,61,1,0,1,Dermatológicos,0.5,Antigripales
1307,MED-2306,Vitaminas,Sanofi,Cali,Alta (Invierno),Automático (ML),69253.16,50762.8,18490.36,499,75,257,5.46,7.53,175,1,13,860,0,0,0,Pediatría,0.5,Vitaminas
1308,MED-2307,Higiene Personal,Pfizer,Cartagena,Promoción,Proveedor Programado,71460.41,60622.74,10837.67,233,69,306,16.23,5.48,481,2,2,31,1,0,1,Pediatría,0.5,Higiene Personal
1309,MED-2308,Antigripales,Pfizer,Bogotá,Normal,Automático (ML),9199.78,6811.97,2387.81,497,61,133,3.86,4.35,106,2,5,854,0,0,0,Pediatría,0.5,Antigripales
1310,MED-2309,Pediatría,Novartis,Bogotá,Promoción,Manual,19865.95,12276.66,7589.29,392,78,388,27.41,9.5,832,2,4,333,0,1,1,Dermatológicos,0.25,Pediatría
1311,MED-2310,Vitaminas,Genfar,Medellín,Alta (Epidemia),Manual,4151.77,2548.2,1603.57,478,34,328,19.27,8.91,581,2,7,165,0,1,1,Pediatría,0.5,Vitaminas
1312,MED-2311,Analgésicos,Tecnoquímicas,Bogotá,Alta (Invierno),Proveedor Programado,20798.66,14528.75,6269.91,497,76,386,37.6,0.62,1140,1,6,194,0,0,0,Dermatológicos,0.25,Analgésicos
1313,MED-2312,Diabetes,Roche,Bogotá,Normal,Manual,39120.93,27646.67,11474.26,115,70,186,15.07,8.35,459,0,11,882,1,1,0,Pediatría,0.5,Diabetes
1314,MED-2313,Antibióticos,Pfizer,Barranquilla,Alta (Epidemia),Manual,40572.74,32195.1,8377.64,204,74,260,10.34,8.74,310,1,9,458,1,0,1,Pediatría,0.5,Antibióticos
1315,MED-2314,Analgésicos,Sanofi,Bogotá,Promoción,Proveedor Programado,17134.34,11500.95,5633.39,133,43,300,21.49,6.96,649,5,11,611,0,0,1,Pediatría,0.75,Pediatría
1316,MED-2315,Cardiovasculares,La Santé,Barranquilla,Alta (Invierno),Manual,45472.23,28598.76,16873.47,215,33,295,34.1,7.71,997,1,10,390,1,0,0,Pediatría,0.5,Cardiovasculares
1317,MED-2316,Pediatría,Roche,Bogotá,Normal,Automático (ML),29777.91,22927.53,6850.38,488,15,252,35.47,7.14,1041,0,12,285,1,1,0,Pediatría,0.5,Pediatría
1318,MED-2317,Vitaminas,Novartis,Cali,Normal,Manual,40109.71,24491.7,15618.01,138,26,254,39.32,2.22,1180,0,13,163,0,0,0,Pediatría,0.75,Pediatría
1319,MED-2318,Antigripales,La Santé,Bogotá,Alta (Invierno),Manual,59507.53,50503.35,9004.18,457,20,168,26.66,2.53,790,0,11,350,1,0,0,Diabetes,0.5,Antigripales
1320,MED-2319,Antibióticos,MK,Cali,Alta (Epidemia),Automático (ML),23923.87,18947.33,4976.54,63,57,385,25.61,5.38,755,2,8,397,0,0,1,Pediatría,0.5,Antibióticos
1321,MED-2320,Higiene Personal,Tecnoquímicas,Barranquilla,Promoción,Automático (ML),56730.96,41639.62,15091.34,492,36,225,3.6,9.03,83,2,13,192,1,0,1,Dermatológicos,0.25,Higiene Personal
1322,MED-2321,Vitaminas,Genfar,Cali,Promoción,Manual,28622.81,19153.45,9469.36,295,58,395,8.49,6.84,225,1,8,682,1,0,0,Pediatría,0.75,Pediatría
1323,MED-2322,Diabetes,Sanofi,Barranquilla,Promoción,Proveedor Programado,21960.26,17917.91,4042.35,365,23,217,21.76,7.8,678,2,2,720,1,1,0,Pediatría,0.5,Diabetes
1324,MED-2323,Pediatría,Sanofi,Barranquilla,Alta (Invierno),Proveedor Programado,66321.99,48850.77,17471.22,415,25,275,15.47,7.13,474,0,8,322,1,1,0,Dermatológicos,0.25,Pediatría
1325,MED-2324,Diabetes,MK,Bogotá,Alta (Epidemia),Proveedor Programado,4778.67,3484.26,1294.41,14,53,320,12.79,9.87,386,0,4,660,1,1,1,Pediatría,0.75,Pediatría
1326,MED-2325,Cardiovasculares,Bayer,Bogotá,Alta (Invierno),Automático (ML),45583.91,34743.17,10840.74,30,75,398,35.15,2.49,1032,0,13,478,1,0,1,Dermatológicos,0.5,Cardiovasculares
1327,MED-2326,Antigripales,Pfizer,Medellín,Alta (Epidemia),Automático (ML),70788.46,43384.48,27403.98,174,75,304,16.8,8.79,508,0,10,744,0,1,0,Pediatría,0.5,Antigripales
1328,MED-2327,Analgésicos,La Santé,Bogotá,Alta (Epidemia),Manual,29599.37,23392.91,6206.46,410,65,293,7.15,4.23,208,1,12,162,1,1,0,Pediatría,0.75,Pediatría
1329,MED-2328,Higiene Personal,Pfizer,Barranquilla,Alta (Epidemia),Proveedor Programado,32488.46,21147.13,11341.33,223,23,145,23.37,9.18,688,4,1,91,0,0,0,Pediatría,0.75,Pediatría
1330,MED-2329,Higiene Personal,Tecnoquímicas,Cartagena,Normal,Proveedor Programado,51111.38,43292.45,7818.93,111,41,188,31.93,4.28,928,1,13,77,1,1,1,Gastrointestinales,0.5,Higiene Personal
1331,MED-2330,Gastrointestinales,Genfar,Medellín,Normal,Automático (ML),49949.31,33395.45,16553.86,179,55,257,21.29,9.34,648,1,14,399,1,0,1,Gastrointestinales,0.5,Gastrointestinales
1332,MED-2331,Cardiovasculares,Pfizer,Bogotá,Promoción,Manual,7772.08,6388.81,1383.27,273,58,344,26.58,9.29,779,6,4,73,1,1,0,Cardiovasculares,0.5,Cardiovasculares
1333,MED-2332,Pediatría,Bayer,Cali,Normal,Proveedor Programado,40859.96,33429.7,7430.26,442,24,399,6.49,8.36,158,1,10,406,0,1,1,Pediatría,0.75,Pediatría
1334,MED-2333,Vitaminas,Sanofi,Bogotá,Normal,Automático (ML),46753.54,32709.07,14044.47,82,48,238,22.54,7.27,675,1,2,139,0,0,1,Dermatológicos,0.5,Vitaminas
1335,MED-2334,Antibióticos,Sanofi,Cali,Alta (Epidemia),Automático (ML),75708.7,53183.68,22525.02,283,55,132,26.7,7.49,772,0,4,417,1,1,0,Antigripales,0.25,Antibióticos
1336,MED-2335,Higiene Personal,La Santé,Barranquilla,Normal,Automático (ML),32687.2,27317.96,5369.24,460,19,405,4.41,9.3,162,2,11,294,1,1,1,Pediatría,0.75,Pediatría
1337,MED-2336,Antibióticos,La Santé,Cartagena,Normal,Manual,19222.97,15555.89,3667.08,298,16,337,16.85,7.44,470,3,9,98,0,0,0,Cardiovasculares,0.5,Antibióticos
1338,MED-2337,Vitaminas,Pfizer,Cali,Promoción,Manual,40405.38,29306.43,11098.95,161,69,222,16.1,9.11,492,1,8,813,0,0,0,Pediatría,0.5,Vitaminas
1339,MED-2338,Gastrointestinales,Novartis,Bogotá,Normal,Automático (ML),41371.0,33351.39,8019.61,139,25,383,11.87,4.24,395,3,4,695,0,0,0,Cardiovasculares,0.5,Gastrointestinales
1340,MED-2339,Dermatológicos,Pfizer,Cali,Alta (Epidemia),Proveedor Programado,65400.95,46233.59,19167.36,460,29,153,37.3,7.5,1120,3,2,525,1,1,0,Pediatría,0.5,Dermatológicos
1341,MED-2340,Vitaminas,Roche,Barranquilla,Normal,Manual,33403.99,25748.66,7655.33,60,25,303,9.4,6.14,300,0,11,150,1,0,1,Pediatría,0.5,Vitaminas
1342,MED-2341,Diabetes,Pfizer,Cartagena,Alta (Invierno),Proveedor Programado,39060.97,31852.54,7208.43,144,50,447,33.85,3.2,1032,0,6,778,1,1,1,Dermatológicos,0.25,Diabetes
1343,MED-2342,Gastrointestinales,Abbott,Medellín,Normal,Automático (ML),56146.23,43962.05,12184.18,235,58,178,13.33,7.75,363,3,7,750,1,0,1,Pediatría,0.5,Gastrointestinales
1344,MED-2343,Higiene Personal,Genfar,Medellín,Normal,Manual,74688.72,57626.7,17062.02,119,34,236,11.98,1.2,333,2,8,823,1,0,0,Dermatológicos,0.5,Higiene Personal
1345,MED-2344,Analgésicos,Genfar,Barranquilla,Promoción,Manual,75891.18,62999.83,12891.35,264,22,410,8.34,3.65,265,1,2,559,1,0,1,Cardiovasculares,0.5,Analgésicos
1346,MED-2345,Antigripales,Roche,Cartagena,Alta (Epidemia),Automático (ML),29792.22,19291.1,10501.12,310,49,290,32.55,4.8,979,1,4,187,1,0,0,Pediatría,0.5,Antigripales
1347,MED-2346,Vitaminas,Genfar,Cali,Promoción,Automático (ML),75596.02,50855.46,24740.56,113,38,230,10.6,6.86,359,2,4,346,0,1,0,Dermatológicos,0.25,Vitaminas
1348,MED-2347,Antibióticos,Tecnoquímicas,Barranquilla,Alta (Invierno),Proveedor Programado,22178.92,16478.05,5700.87,444,38,240,36.45,4.17,1095,4,6,490,1,0,0,Pediatría,0.75,Pediatría
1349,MED-2348,Diabetes,Pfizer,Bogotá,Alta (Invierno),Manual,21565.5,14138.3,7427.2,63,74,235,14.46,1.81,480,1,1,622,1,0,1,Pediatría,0.5,Diabetes
1350,MED-2349,Analgésicos,Abbott,Cartagena,Promoción,Automático (ML),5959.03,4221.71,1737.32,20,72,206,35.02,3.66,1054,2,3,899,1,0,0,Dermatológicos,0.5,Analgésicos
1351,MED-2350,Gastrointestinales,Sanofi,Medellín,Alta (Invierno),Automático (ML),62192.58,50959.75,11232.83,475,49,267,7.18,5.27,233,1,3,258,1,1,0,Dermatológicos,0.5,Gastrointestinales
1352,MED-2351,Diabetes,Tecnoquímicas,Cali,Normal,Manual,61182.07,47858.36,13323.71,125,37,322,9.0,7.11,279,2,14,692,1,1,0,Pediatría,0.5,Diabetes
1353,MED-2352,Dermatológicos,Genfar,Barranquilla,Alta (Invierno),Proveedor Programado,45046.2,36506.63,8539.57,328,41,293,30.99,6.84,932,1,1,502,1,1,1,Antigripales,0.25,Dermatológicos
1354,MED-2353,Antibióticos,Bayer,Medellín,Normal,Manual,61389.54,46823.08,14566.46,290,63,392,6.99,8.69,222,0,13,385,0,0,0,Pediatría,0.5,Antibióticos
1355,MED-2354,Pediatría,Tecnoquímicas,Medellín,Normal,Proveedor Programado,17289.68,11321.84,5967.84,66,66,148,24.56,9.91,753,3,6,409,0,1,0,Pediatría,0.75,Pediatría
1356,MED-2355,Pediatría,Sanofi,Barranquilla,Promoción,Manual,16956.89,14093.92,2862.97,465,15,104,13.25,3.08,408,1,4,829,0,1,1,Pediatría,0.75,Pediatría
1357,MED-2356,Antigripales,MK,Medellín,Alta (Epidemia),Proveedor Programado,34265.38,26361.86,7903.52,218,77,200,24.75,8.17,764,0,8,190,1,1,0,Dermatológicos,0.5,Antigripales
1358,MED-2357,Antibióticos,MK,Cartagena,Promoción,Proveedor Programado,17524.63,13534.6,3990.03,216,75,381,26.84,7.78,783,2,6,596,1,0,0,Dermatológicos,0.25,Antibióticos
1359,MED-2358,Gastrointestinales,Pfizer,Medellín,Alta (Invierno),Automático (ML),60195.96,38711.45,21484.51,67,25,141,34.76,1.93,1037,1,10,30,1,0,0,Gastrointestinales,0.25,Gastrointestinales
1360,MED-2359,Diabetes,Sanofi,Cali,Normal,Manual,64751.23,51044.97,13706.26,32,58,303,20.62,1.23,602,1,12,877,1,0,0,Pediatría,0.5,Diabetes
1361,MED-2360,Analgésicos,Roche,Cali,Promoción,Proveedor Programado,24431.18,15759.91,8671.27,145,25,307,16.32,6.86,471,1,14,37,0,1,0,Pediatría,1.0,Pediatría
1362,MED-2361,Diabetes,Pfizer,Bogotá,Normal,Proveedor Programado,65177.4,41310.09,23867.31,401,27,132,15.26,1.23,452,1,10,795,1,0,0,Dermatológicos,0.25,Diabetes
1363,MED-2362,Vitaminas,Pfizer,Bogotá,Alta (Epidemia),Proveedor Programado,75062.45,62971.18,12091.27,132,73,321,2.04,4.93,66,2,7,330,1,1,1,Pediatría,0.5,Vitaminas
1364,MED-2363,Gastrointestinales,Novartis,Cali,Promoción,Automático (ML),35271.09,26303.47,8967.62,389,20,278,36.23,0.58,1060,3,6,314,1,1,0,Pediatría,0.75,Pediatría
1365,MED-2364,Gastrointestinales,Tecnoquímicas,Cali,Promoción,Manual,48966.23,36345.75,12620.48,357,77,184,24.77,2.32,733,2,1,721,1,0,0,Cardiovasculares,0.5,Gastrointestinales
1366,MED-2365,Cardiovasculares,Genfar,Medellín,Alta (Epidemia),Automático (ML),78834.68,65258.08,13576.6,391,63,389,16.74,3.51,545,3,14,799,0,0,1,Pediatría,0.5,Cardiovasculares
1367,MED-2366,Gastrointestinales,Genfar,Bogotá,Alta (Invierno),Automático (ML),56817.43,48287.13,8530.3,452,21,236,3.33,4.05,134,2,5,611,0,1,1,Cardiovasculares,0.5,Gastrointestinales
1368,MED-2367,Higiene Personal,MK,Cali,Alta (Epidemia),Automático (ML),36127.59,25352.43,10775.16,182,62,229,27.57,3.49,849,1,14,106,1,1,1,Dermatológicos,0.5,Higiene Personal
1369,MED-2368,Dermatológicos,Genfar,Bogotá,Alta (Epidemia),Proveedor Programado,39602.75,31197.3,8405.45,498,77,209,23.7,7.97,716,2,9,508,0,1,1,Dermatológicos,0.5,Dermatológicos
1370,MED-2369,Pediatría,La Santé,Cali,Normal,Manual,28160.22,18934.53,9225.69,238,45,318,5.59,2.17,158,1,3,676,1,0,1,Pediatría,0.75,Pediatría
1371,MED-2370,Vitaminas,Novartis,Cali,Alta (Invierno),Automático (ML),54860.77,38727.45,16133.32,124,27,179,29.03,0.94,833,4,5,411,1,1,0,Pediatría,0.5,Vitaminas
1372,MED-2371,Dermatológicos,Bayer,Barranquilla,Normal,Manual,49666.98,30906.98,18760.0,181,77,285,9.9,1.99,309,1,9,614,1,0,0,Pediatría,0.5,Dermatológicos
1373,MED-2372,Diabetes,Tecnoquímicas,Bogotá,Promoción,Automático (ML),45074.45,28393.83,16680.62,138,20,310,3.27,5.5,85,2,8,60,0,0,1,Dermatológicos,0.5,Diabetes
1374,MED-2373,Vitaminas,La Santé,Cali,Alta (Invierno),Manual,77807.12,55726.66,22080.46,139,69,458,6.76,3.81,186,1,13,445,1,0,0,Pediatría,0.5,Vitaminas
1375,MED-2374,Cardiovasculares,Roche,Bogotá,Alta (Epidemia),Manual,50714.14,42059.29,8654.85,370,17,188,38.51,9.8,1123,1,6,45,0,1,1,Gastrointestinales,0.25,Cardiovasculares
1376,MED-2375,Antigripales,Sanofi,Barranquilla,Promoción,Manual,17571.3,14092.25,3479.05,345,61,126,13.73,6.03,463,3,13,766,1,1,1,Pediatría,0.75,Pediatría
1377,MED-2376,Vitaminas,Roche,Barranquilla,Alta (Epidemia),Proveedor Programado,75052.98,55644.94,19408.04,355,56,110,33.46,5.95,975,0,10,365,0,0,1,Gastrointestinales,0.25,Vitaminas
1378,MED-2377,Vitaminas,Sanofi,Cartagena,Alta (Invierno),Automático (ML),50477.26,33237.36,17239.9,274,51,120,24.72,3.94,760,1,6,127,1,0,1,Antigripales,0.25,Vitaminas
1379,MED-2378,Pediatría,Abbott,Cartagena,Alta (Invierno),Automático (ML),34345.54,26193.41,8152.13,438,19,217,37.51,8.56,1158,5,11,456,1,0,0,Pediatría,0.75,Pediatría
1380,MED-2379,Higiene Personal,Abbott,Cali,Alta (Epidemia),Automático (ML),67140.83,51994.44,15146.39,434,72,264,31.64,9.05,902,3,14,354,1,1,1,Pediatría,0.5,Higiene Personal
1381,MED-2380,Cardiovasculares,Sanofi,Barranquilla,Normal,Proveedor Programado,20580.65,14313.11,6267.54,488,29,318,37.32,8.58,1126,0,2,237,0,1,0,Pediatría,0.5,Cardiovasculares
1382,MED-2381,Vitaminas,Roche,Cali,Alta (Invierno),Proveedor Programado,20952.34,16538.24,4414.1,280,37,93,27.09,4.01,805,2,4,252,1,0,1,Pediatría,0.75,Pediatría
1383,MED-2382,Analgésicos,Sanofi,Medellín,Promoción,Proveedor Programado,45077.95,30897.58,14180.37,497,72,146,37.55,6.07,1151,0,9,35,0,1,1,Gastrointestinales,0.25,Analgésicos
1384,MED-2383,Analgésicos,Pfizer,Bogotá,Alta (Epidemia),Proveedor Programado,23665.13,16977.65,6687.48,363,64,281,14.15,0.8,426,3,4,519,0,1,0,Cardiovasculares,0.5,Analgésicos
1385,MED-2384,Dermatológicos,Roche,Barranquilla,Alta (Epidemia),Manual,20531.87,15512.84,5019.03,192,51,138,27.12,1.81,814,0,8,381,0,0,0,Pediatría,0.5,Dermatológicos
1386,MED-2385,Higiene Personal,MK,Cartagena,Promoción,Manual,51146.85,37246.79,13900.06,334,32,373,6.32,1.28,197,0,8,288,0,0,1,Dermatológicos,0.5,Higiene Personal
1387,MED-2386,Dermatológicos,Bayer,Barranquilla,Alta (Invierno),Manual,69347.6,49432.14,19915.46,237,60,213,8.29,6.43,257,1,14,876,0,0,0,Pediatría,0.5,Dermatológicos
1388,MED-2387,Pediatría,Pfizer,Cartagena,Normal,Manual,74301.35,48626.35,25675.0,74,42,375,36.98,7.28,1129,3,9,744,0,0,1,Pediatría,0.5,Pediatría
1389,MED-2388,Analgésicos,Novartis,Barranquilla,Promoción,Manual,31761.07,24074.02,7687.05,464,65,271,12.36,8.18,360,2,4,298,0,1,1,Cardiovasculares,0.5,Analgésicos
1390,MED-2389,Diabetes,MK,Medellín,Alta (Epidemia),Proveedor Programado,12001.54,8698.08,3303.46,173,42,277,29.62,3.2,860,1,6,56,1,0,1,Pediatría,1.0,Pediatría
1391,MED-2390,Vitaminas,Bayer,Medellín,Alta (Invierno),Proveedor Programado,6842.6,5056.46,1786.14,93,17,405,14.56,0.91,429,2,6,406,0,0,0,Pediatría,0.75,Pediatría
1392,MED-2391,Diabetes,Abbott,Cali,Alta (Epidemia),Proveedor Programado,10071.16,7601.58,2469.58,58,53,318,26.9,9.16,789,0,14,622,0,1,1,Dermatológicos,0.25,Diabetes
1393,MED-2392,Dermatológicos,Sanofi,Barranquilla,Normal,Automático (ML),70782.92,43654.9,27128.02,276,25,218,22.17,9.59,663,2,9,395,1,1,0,Dermatológicos,0.25,Dermatológicos
1394,MED-2393,Analgésicos,Tecnoquímicas,Barranquilla,Normal,Proveedor Programado,29238.79,20962.85,8275.94,348,76,455,1.44,2.41,44,2,8,295,1,0,1,Pediatría,0.75,Pediatría
1395,MED-2394,Analgésicos,Roche,Barranquilla,Normal,Automático (ML),71863.84,47273.19,24590.65,327,51,104,28.41,7.8,878,3,8,276,0,1,1,Pediatría,0.5,Analgésicos
1396,MED-2395,Dermatológicos,Bayer,Medellín,Alta (Epidemia),Proveedor Programado,53259.7,38966.87,14292.83,368,60,417,14.39,4.18,400,1,13,454,0,1,1,Pediatría,0.5,Dermatológicos
1397,MED-2396,Higiene Personal,Pfizer,Medellín,Alta (Invierno),Automático (ML),32833.0,20475.2,12357.8,181,75,388,32.79,8.61,1009,1,8,783,1,1,0,Dermatológicos,0.5,Higiene Personal
1398,MED-2397,Dermatológicos,Tecnoquímicas,Barranquilla,Normal,Proveedor Programado,45558.64,31975.74,13582.9,118,17,305,16.9,0.75,485,3,5,778,1,1,1,Pediatría,0.5,Dermatológicos
1399,MED-2398,Pediatría,MK,Cartagena,Alta (Epidemia),Manual,75272.22,57636.0,17636.22,92,27,125,22.78,7.97,689,2,6,629,1,1,1,Dermatológicos,0.25,Pediatría
1400,MED-2399,Antibióticos,Bayer,Bogotá,Alta (Invierno),Manual,7384.99,5122.09,2262.9,291,59,215,1.25,9.9,41,2,3,338,0,0,1,Pediatría,0.5,Antibióticos
1401,MED-2400,Diabetes,La Santé,Medellín,Alta (Invierno),Manual,64412.55,50077.97,14334.58,274,79,175,37.28,7.99,1106,0,4,578,0,1,1,Antigripales,0.25,Diabetes
1402,MED-2401,Antibióticos,Bayer,Cartagena,Alta (Epidemia),Manual,45092.02,37426.0,7666.02,119,31,282,17.22,3.35,504,4,14,753,0,0,1,Pediatría,0.5,Antibióticos
1403,MED-2402,Gastrointestinales,Roche,Bogotá,Alta (Invierno),Automático (ML),4720.56,3786.73,933.83,325,64,315,14.61,8.15,439,0,13,46,0,1,1,Pediatría,0.5,Gastrointestinales
1404,MED-2403,Vitaminas,Roche,Cartagena,Alta (Invierno),Manual,64449.59,42113.18,22336.41,53,55,364,8.18,9.57,263,1,14,90,1,1,1,Pediatría,0.5,Vitaminas
1405,MED-2404,Dermatológicos,Genfar,Medellín,Alta (Invierno),Automático (ML),71938.01,51143.17,20794.84,12,43,436,23.45,4.9,669,3,9,363,0,0,0,Pediatría,0.75,Pediatría
1406,MED-2405,Antibióticos,Genfar,Bogotá,Alta (Invierno),Manual,78744.27,57164.78,21579.49,353,65,214,5.34,0.8,160,3,11,415,1,1,0,Pediatría,0.5,Antibióticos
1407,MED-2406,Gastrointestinales,MK,Cartagena,Promoción,Manual,25413.07,16070.76,9342.31,0,11,87,8.86,3.74,291,1,10,304,0,1,1,Pediatría,0.5,Gastrointestinales
1408,MED-2407,Gastrointestinales,Roche,Cartagena,Alta (Invierno),Manual,63361.6,48881.45,14480.15,472,68,174,11.53,3.85,353,1,6,879,1,1,1,Pediatría,0.5,Gastrointestinales
1409,MED-2408,Antibióticos,Roche,Bogotá,Alta (Invierno),Proveedor Programado,57103.24,48536.68,8566.56,178,66,301,11.67,9.3,348,2,3,530,1,0,0,Pediatría,0.5,Antibióticos
1410,MED-2409,Diabetes,Genfar,Bogotá,Alta (Epidemia),Manual,41374.6,28622.06,12752.54,451,66,169,39.13,6.94,1198,0,14,892,0,1,1,Gastrointestinales,0.25,Diabetes
1411,MED-2410,Cardiovasculares,La Santé,Bogotá,Alta (Invierno),Automático (ML),46534.66,29038.51,17496.15,297,10,82,36.07,2.08,1074,2,4,454,0,0,1,Pediatría,0.5,Cardiovasculares
1412,MED-2411,Cardiovasculares,Roche,Bogotá,Normal,Proveedor Programado,52290.12,34926.78,17363.34,280,74,256,30.98,8.45,902,0,11,879,1,1,0,Gastrointestinales,0.25,Cardiovasculares
1413,MED-2412,Analgésicos,La Santé,Barranquilla,Alta (Epidemia),Manual,6236.8,5255.1,981.7,363,10,409,19.79,3.27,623,2,6,597,1,0,0,Pediatría,1.0,Pediatría
1414,MED-2413,Antigripales,Novartis,Cali,Normal,Manual,50657.02,31095.69,19561.33,306,18,121,26.38,5.51,772,1,5,836,1,0,0,Antigripales,0.25,Antigripales
1415,MED-2414,Gastrointestinales,Pfizer,Barranquilla,Normal,Proveedor Programado,73440.77,49951.93,23488.84,495,68,251,39.45,4.91,1173,3,13,344,1,0,1,Pediatría,0.5,Gastrointestinales
1416,MED-2415,Analgésicos,Pfizer,Bogotá,Promoción,Proveedor Programado,53322.75,35872.55,17450.2,367,36,389,34.24,7.22,1011,2,7,774,0,1,1,Pediatría,0.75,Pediatría
1417,MED-2416,Diabetes,Tecnoquímicas,Medellín,Normal,Manual,75280.73,53802.3,21478.43,145,12,213,17.33,0.92,503,1,3,712,0,0,1,Dermatológicos,0.75,Dermatológicos
1418,MED-2417,Analgésicos,Novartis,Barranquilla,Normal,Automático (ML),68822.23,41298.67,27523.56,135,70,136,30.55,3.94,918,1,2,328,1,0,1,Antigripales,0.25,Analgésicos
1419,MED-2418,Cardiovasculares,Novartis,Medellín,Normal,Automático (ML),62098.02,38364.97,23733.05,446,56,189,29.2,4.24,866,1,8,311,0,1,1,Diabetes,0.5,Cardiovasculares
1420,MED-2419,Antigripales,La Santé,Barranquilla,Normal,Manual,49222.36,36559.63,12662.73,300,59,428,14.25,4.57,405,3,14,171,0,0,0,Pediatría,1.0,Pediatría
1421,MED-2420,Antigripales,Sanofi,Cartagena,Normal,Manual,62998.79,47894.38,15104.41,275,67,195,2.48,4.84,55,3,4,872,0,0,0,Pediatría,0.5,Antigripales
1422,MED-2421,Analgésicos,MK,Barranquilla,Alta (Invierno),Automático (ML),12012.19,7255.54,4756.65,309,26,245,22.52,1.11,644,0,6,739,0,1,1,Pediatría,0.75,Pediatría
1423,MED-2422,Pediatría,Genfar,Cali,Alta (Invierno),Proveedor Programado,51662.62,38950.9,12711.72,388,29,132,15.47,1.42,477,1,1,278,1,1,0,Dermatológicos,0.5,Pediatría
1424,MED-2423,Antibióticos,Pfizer,Cali,Alta (Invierno),Automático (ML),79750.72,49823.31,29927.41,239,19,351,26.19,4.65,790,3,7,365,1,0,1,Pediatría,0.75,Pediatría
1425,MED-2424,Dermatológicos,La Santé,Cartagena,Alta (Epidemia),Proveedor Programado,18386.21,14759.6,3626.61,95,12,63,35.33,1.75,1024,2,5,177,0,1,1,Pediatría,1.0,Pediatría
1426,MED-2425,Higiene Personal,Novartis,Bogotá,Normal,Automático (ML),11621.92,7382.97,4238.95,190,25,99,13.14,6.04,393,2,5,815,1,1,1,Pediatría,0.75,Pediatría
1427,MED-2426,Antibióticos,Genfar,Medellín,Alta (Invierno),Automático (ML),58945.03,45844.83,13100.2,53,36,319,8.5,1.15,262,0,2,885,0,0,1,Pediatría,0.5,Antibióticos
1428,MED-2427,Vitaminas,Bayer,Medellín,Promoción,Proveedor Programado,24045.05,16216.7,7828.35,419,78,166,8.09,2.11,270,1,4,359,1,0,0,Pediatría,0.5,Vitaminas
1429,MED-2428,Diabetes,Bayer,Cali,Alta (Epidemia),Proveedor Programado,56032.24,46112.78,9919.46,414,56,284,23.48,9.37,678,0,12,437,1,1,0,Gastrointestinales,0.5,Diabetes
1430,MED-2429,Analgésicos,Tecnoquímicas,Cartagena,Promoción,Automático (ML),5510.34,3690.13,1820.21,379,67,321,7.9,6.79,216,1,7,646,0,1,1,Pediatría,0.5,Analgésicos
1431,MED-2430,Diabetes,Bayer,Medellín,Alta (Invierno),Automático (ML),25437.97,20674.11,4763.86,23,53,185,37.52,4.23,1113,0,12,747,0,1,0,Dermatológicos,0.5,Diabetes
1432,MED-2431,Dermatológicos,Bayer,Cartagena,Alta (Epidemia),Manual,72857.53,59622.32,13235.21,205,21,132,21.86,4.86,655,0,8,359,1,1,0,Dermatológicos,0.25,Dermatológicos
1433,MED-2432,Analgésicos,La Santé,Cartagena,Promoción,Automático (ML),3744.3,2315.21,1429.09,220,28,200,12.13,3.81,343,0,13,890,0,0,1,Pediatría,0.75,Pediatría
1434,MED-2433,Dermatológicos,Novartis,Barranquilla,Promoción,Proveedor Programado,29405.58,21775.3,7630.28,279,23,311,23.93,3.13,713,2,8,639,1,0,1,Pediatría,0.75,Pediatría
1435,MED-2434,Diabetes,Genfar,Medellín,Normal,Automático (ML),8508.49,5796.52,2711.97,281,27,240,25.41,5.16,765,1,13,701,1,0,0,Pediatría,0.5,Diabetes
1436,MED-2435,Higiene Personal,Tecnoquímicas,Cali,Promoción,Manual,76687.17,54865.32,21821.85,372,45,317,33.62,4.38,997,5,13,564,1,1,1,Pediatría,0.75,Pediatría
1437,MED-2436,Dermatológicos,Roche,Bogotá,Normal,Automático (ML),35637.06,21512.57,14124.49,356,34,349,2.63,9.9,77,0,13,637,1,1,0,Pediatría,0.75,Pediatría
1438,MED-2437,Diabetes,Abbott,Bogotá,Promoción,Manual,13383.17,8887.47,4495.7,81,62,451,23.07,7.19,655,1,12,45,1,0,1,Pediatría,0.5,Diabetes
1439,MED-2438,Diabetes,Novartis,Medellín,Promoción,Manual,24692.17,16113.46,8578.71,453,47,278,20.17,7.83,598,1,7,362,0,1,1,Pediatría,0.5,Diabetes
1440,MED-2439,Antibióticos,Abbott,Medellín,Alta (Epidemia),Automático (ML),65393.34,51658.76,13734.58,193,77,240,39.24,9.22,1161,1,13,415,1,1,0,Gastrointestinales,0.5,Antibióticos
1441,MED-2440,Antigripales,MK,Medellín,Normal,Manual,54401.22,37557.08,16844.14,214,11,407,24.4,2.76,732,4,4,695,0,0,0,Pediatría,1.0,Pediatría
1442,MED-2441,Higiene Personal,Abbott,Cartagena,Alta (Epidemia),Manual,15255.9,11661.12,3594.78,292,32,258,38.31,7.58,1164,0,6,732,0,0,1,Pediatría,0.5,Higiene Personal
1443,MED-2442,Dermatológicos,Bayer,Cali,Normal,Proveedor Programado,58112.29,42447.96,15664.33,399,12,108,20.98,8.32,634,5,12,455,0,1,0,Pediatría,0.5,Dermatológicos
1444,MED-2443,Antibióticos,Novartis,Barranquilla,Normal,Proveedor Programado,58852.02,43116.8,15735.22,30,72,187,4.16,8.06,108,3,10,529,0,0,0,Pediatría,0.5,Antibióticos
1445,MED-2444,Gastrointestinales,Roche,Cali,Promoción,Manual,38211.66,26865.83,11345.83,408,70,224,31.89,9.94,952,1,6,708,1,1,0,Dermatológicos,0.5,Gastrointestinales
1446,MED-2445,Analgésicos,La Santé,Cartagena,Alta (Epidemia),Automático (ML),53273.92,40750.59,12523.33,246,47,331,10.89,8.82,308,0,6,831,1,1,1,Pediatría,0.75,Pediatría
1447,MED-2446,Dermatológicos,Roche,Bogotá,Alta (Invierno),Automático (ML),69637.02,49056.13,20580.89,475,57,411,33.08,9.74,996,0,2,611,0,1,0,Pediatría,0.5,Dermatológicos
1448,MED-2447,Pediatría,Bayer,Bogotá,Alta (Invierno),Automático (ML),59695.49,36372.95,23322.54,142,68,128,23.11,7.76,670,3,14,471,1,0,1,Pediatría,0.5,Pediatría
1449,MED-2448,Pediatría,Bayer,Medellín,Promoción,Proveedor Programado,61659.61,42452.72,19206.89,24,19,118,1.95,3.94,51,0,1,741,0,0,0,Dermatológicos,0.5,Pediatría
1450,MED-2449,Pediatría,Novartis,Cartagena,Promoción,Proveedor Programado,56015.44,34645.39,21370.05,197,40,240,24.84,3.58,732,3,3,745,0,0,1,Pediatría,0.75,Pediatría
1451,MED-2450,Higiene Personal,Novartis,Barranquilla,Alta (Epidemia),Automático (ML),23397.85,14485.57,8912.28,362,30,377,15.15,1.69,459,3,11,674,0,1,0,Cardiovasculares,0.5,Higiene Personal
1452,MED-2451,Gastrointestinales,Genfar,Cali,Alta (Invierno),Automático (ML),48839.61,37730.2,11109.41,10,35,304,28.37,4.67,874,0,11,728,1,0,0,Antigripales,0.25,Gastrointestinales
1453,MED-2452,Diabetes,Sanofi,Cali,Normal,Automático (ML),43646.31,32672.03,10974.28,92,39,207,1.67,7.9,43,1,14,395,0,1,1,Pediatría,0.5,Diabetes
1454,MED-2453,Pediatría,Genfar,Barranquilla,Promoción,Manual,79859.45,64394.96,15464.49,444,71,365,10.73,3.51,299,1,12,86,0,0,1,Pediatría,0.5,Pediatría
1455,MED-2454,Pediatría,MK,Cartagena,Alta (Epidemia),Automático (ML),32028.52,23274.42,8754.1,451,29,311,15.84,9.13,478,1,2,788,1,1,0,Pediatría,0.5,Pediatría
1456,MED-2455,Antibióticos,Sanofi,Barranquilla,Alta (Invierno),Proveedor Programado,18839.23,13549.67,5289.56,393,40,419,37.84,1.57,1137,1,13,430,1,0,0,Dermatológicos,0.25,Antibióticos
1457,MED-2456,Diabetes,Bayer,Medellín,Normal,Automático (ML),3932.91,2490.62,1442.29,153,73,280,28.19,3.87,846,1,6,191,1,1,0,Pediatría,0.75,Pediatría
1458,MED-2457,Vitaminas,Bayer,Barranquilla,Normal,Proveedor Programado,48006.96,34080.65,13926.31,50,14,197,17.87,7.89,544,2,9,97,0,0,0,Dermatológicos,0.75,Dermatológicos
1459,MED-2458,Higiene Personal,Novartis,Barranquilla,Promoción,Automático (ML),35434.69,28651.06,6783.63,193,36,331,18.15,6.67,563,3,13,818,0,1,0,Pediatría,0.75,Pediatría
1460,MED-2459,Dermatológicos,Pfizer,Cali,Alta (Epidemia),Proveedor Programado,37705.28,27937.89,9767.39,72,21,156,19.02,0.83,578,2,6,99,0,0,0,Pediatría,0.75,Pediatría
1461,MED-2460,Gastrointestinales,Abbott,Barranquilla,Promoción,Proveedor Programado,12482.97,8682.36,3800.61,424,73,164,22.82,0.93,720,0,5,888,1,1,1,Dermatológicos,0.5,Gastrointestinales
1462,MED-2461,Vitaminas,MK,Cartagena,Normal,Manual,51643.69,40858.55,10785.14,124,16,387,9.83,9.77,301,0,9,844,0,1,1,Pediatría,0.75,Pediatría
1463,MED-2462,Cardiovasculares,La Santé,Barranquilla,Alta (Invierno),Proveedor Programado,75106.37,50498.69,24607.68,499,50,440,22.27,2.82,648,3,11,637,1,0,0,Pediatría,0.75,Pediatría
1464,MED-2463,Dermatológicos,Abbott,Cali,Normal,Proveedor Programado,47260.0,30477.26,16782.74,23,26,301,10.45,4.98,318,3,3,31,1,1,1,Cardiovasculares,0.5,Dermatológicos
1465,MED-2464,Cardiovasculares,La Santé,Medellín,Alta (Invierno),Manual,66652.03,44847.76,21804.27,251,40,381,18.64,7.48,527,0,10,303,0,1,1,Gastrointestinales,0.5,Cardiovasculares
1466,MED-2465,Pediatría,Roche,Cali,Normal,Automático (ML),44777.91,31794.77,12983.14,435,24,346,34.26,3.52,1044,1,10,441,1,0,0,Gastrointestinales,0.5,Pediatría
1467,MED-2466,Dermatológicos,Tecnoquímicas,Barranquilla,Promoción,Manual,59399.76,41007.74,18392.02,195,16,410,13.66,3.53,430,3,9,752,0,1,1,Dermatológicos,0.5,Dermatológicos
1468,MED-2467,Pediatría,Pfizer,Medellín,Alta (Epidemia),Manual,31744.48,23527.29,8217.19,178,46,217,15.88,7.48,447,2,9,400,0,0,0,Pediatría,0.75,Pediatría
1469,MED-2468,Analgésicos,Roche,Bogotá,Alta (Invierno),Manual,19320.85,14162.35,5158.5,471,53,171,23.87,6.51,701,3,6,590,1,0,1,Pediatría,0.5,Analgésicos
1470,MED-2469,Antigripales,Tecnoquímicas,Cartagena,Promoción,Proveedor Programado,72565.16,45303.91,27261.25,32,52,208,27.27,3.48,826,1,14,399,1,0,1,Gastrointestinales,0.5,Antigripales
1471,MED-2470,Dermatológicos,Pfizer,Bogotá,Promoción,Automático (ML),15520.67,12737.11,2783.56,406,67,420,27.61,4.69,829,1,9,244,1,1,0,Dermatológicos,0.25,Dermatológicos
1472,MED-2471,Vitaminas,Tecnoquímicas,Bogotá,Alta (Epidemia),Manual,6164.65,4462.69,1701.96,370,45,383,8.49,3.23,215,2,8,735,0,0,1,Pediatría,1.0,Pediatría
1473,MED-2472,Vitaminas,Novartis,Cali,Alta (Epidemia),Automático (ML),69535.39,53955.18,15580.21,264,43,279,25.84,7.59,779,1,12,418,0,1,0,Gastrointestinales,0.75,Gastrointestinales
1474,MED-2473,Cardiovasculares,Pfizer,Cartagena,Alta (Epidemia),Manual,44811.96,31183.54,13628.42,469,74,330,30.32,7.6,911,1,14,239,0,0,0,Gastrointestinales,0.25,Cardiovasculares
1475,MED-2474,Vitaminas,Roche,Barranquilla,Alta (Invierno),Proveedor Programado,4234.8,3136.34,1098.46,382,74,253,26.96,5.31,816,0,3,361,0,1,1,Dermatológicos,0.5,Vitaminas
1476,MED-2475,Vitaminas,Abbott,Medellín,Promoción,Automático (ML),47931.78,32945.03,14986.75,357,69,231,2.3,3.91,69,3,2,75,0,0,0,Cardiovasculares,0.5,Vitaminas
1477,MED-2476,Higiene Personal,Genfar,Bogotá,Promoción,Manual,16821.09,10107.15,6713.94,83,60,135,37.86,2.46,1132,1,5,443,1,0,0,Pediatría,0.75,Pediatría
1478,MED-2477,Analgésicos,Sanofi,Cali,Promoción,Proveedor Programado,38176.33,24178.43,13997.9,183,61,432,22.58,2.83,681,2,11,358,0,1,1,Dermatológicos,0.5,Analgésicos
1479,MED-2478,Higiene Personal,MK,Cali,Alta (Invierno),Automático (ML),68061.11,48922.14,19138.97,412,30,261,38.66,3.17,1161,2,4,596,1,1,1,Pediatría,0.75,Pediatría
1480,MED-2479,Pediatría,La Santé,Cartagena,Promoción,Automático (ML),70708.14,58262.35,12445.79,231,27,98,20.35,9.05,622,3,13,727,0,0,0,Pediatría,0.5,Pediatría
1481,MED-2480,Dermatológicos,Sanofi,Barranquilla,Alta (Epidemia),Manual,77460.23,58314.59,19145.64,159,50,130,38.04,5.24,1165,3,4,239,1,0,0,Pediatría,0.5,Dermatológicos
1482,MED-2481,Diabetes,La Santé,Bogotá,Alta (Epidemia),Proveedor Programado,48503.54,35576.28,12927.26,457,51,203,37.09,2.59,1115,0,5,401,1,0,1,Gastrointestinales,0.25,Diabetes
1483,MED-2482,Diabetes,Roche,Barranquilla,Alta (Invierno),Manual,41492.91,33961.16,7531.75,436,37,274,18.45,2.06,545,2,3,509,1,1,0,Cardiovasculares,0.5,Diabetes
1484,MED-2483,Cardiovasculares,Bayer,Cartagena,Alta (Epidemia),Automático (ML),15024.7,12472.16,2552.54,115,33,412,10.59,6.9,341,1,12,258,1,1,1,Pediatría,0.75,Pediatría
1485,MED-2484,Diabetes,Sanofi,Barranquilla,Alta (Epidemia),Manual,56696.57,37199.76,19496.81,394,24,412,32.84,7.62,987,0,7,773,1,1,0,Gastrointestinales,0.5,Diabetes
1486,MED-2485,Gastrointestinales,Bayer,Cali,Promoción,Automático (ML),4261.02,3454.94,806.08,432,60,296,19.9,9.3,594,1,12,848,0,0,0,Pediatría,0.5,Gastrointestinales
1487,MED-2486,Antibióticos,Roche,Cartagena,Alta (Epidemia),Manual,3089.6,2147.07,942.53,346,23,172,20.69,2.52,630,1,7,370,0,0,1,Pediatría,0.75,Pediatría
1488,MED-2487,Antibióticos,La Santé,Cali,Normal,Proveedor Programado,76427.46,58285.17,18142.29,340,66,187,12.55,8.92,379,2,2,252,0,0,1,Pediatría,0.5,Antibióticos
1489,MED-2488,Higiene Personal,Genfar,Medellín,Promoción,Proveedor Programado,21404.97,14817.67,6587.3,147,20,183,23.32,1.16,740,3,12,147,0,1,0,Pediatría,0.75,Pediatría
1490,MED-2489,Gastrointestinales,La Santé,Barranquilla,Alta (Invierno),Proveedor Programado,74194.28,57865.78,16328.5,249,22,126,2.45,3.55,54,2,4,100,0,0,0,Dermatológicos,0.5,Gastrointestinales
1491,MED-2490,Analgésicos,Novartis,Bogotá,Promoción,Automático (ML),45594.61,38089.75,7504.86,111,67,344,25.62,3.51,803,2,6,295,0,0,1,Antigripales,0.25,Analgésicos
1492,MED-2491,Dermatológicos,Bayer,Medellín,Alta (Invierno),Manual,65658.62,39826.63,25831.99,166,51,349,13.77,9.86,393,1,4,893,1,0,1,Pediatría,0.75,Pediatría
1493,MED-2492,Cardiovasculares,MK,Cali,Normal,Manual,40810.45,25418.96,15391.49,239,48,410,6.07,7.09,175,1,7,162,0,1,0,Pediatría,0.5,Cardiovasculares
1494,MED-2493,Analgésicos,Novartis,Cartagena,Alta (Invierno),Manual,42362.92,27463.93,14898.99,460,20,165,1.06,4.79,35,2,1,587,1,0,1,Dermatológicos,0.5,Analgésicos
1495,MED-2494,Gastrointestinales,Sanofi,Cartagena,Normal,Automático (ML),33459.82,28414.2,5045.62,495,47,321,35.94,7.57,1116,3,7,438,1,1,0,Dermatológicos,0.5,Gastrointestinales
1496,MED-2495,Antibióticos,Tecnoquímicas,Cartagena,Promoción,Automático (ML),68347.49,43792.22,24555.27,456,64,311,25.39,6.58,762,3,12,730,1,1,0,Pediatría,0.5,Antibióticos
1497,MED-2496,Antigripales,Sanofi,Cartagena,Alta (Epidemia),Automático (ML),32448.17,27479.19,4968.98,440,42,114,2.74,2.45,54,1,6,736,1,0,1,Pediatría,0.5,Antigripales
1498,MED-2497,Analgésicos,Abbott,Barranquilla,Alta (Epidemia),Proveedor Programado,17466.49,12537.61,4928.88,279,47,184,21.51,2.71,637,1,4,384,0,1,0,Pediatría,0.5,Analgésicos
1499,MED-2498,Pediatría,Bayer,Barranquilla,Alta (Invierno),Automático (ML),17009.49,11583.19,5426.3,153,20,249,10.94,7.91,319,1,7,400,1,1,0,Pediatría,0.75,Pediatría
1500,MED-2499,Dermatológicos,La Santé,Medellín,Normal,Manual,52902.71,43156.28,9746.43,419,53,159,9.9,3.93,277,3,10,256,0,0,1,Pediatría,0.5,Dermatológicos
1501,MED-2500,Pediatría,Genfar,Bogotá,Alta (Invierno),Automático (ML),65551.34,53426.76,12124.58,90,73,214,33.97,5.19,1000,1,1,600,1,0,0,Antigripales,0.25,Pediatría
1502,MED-2501,Diabetes,Tecnoquímicas,Barranquilla,Alta (Epidemia),Proveedor Programado,4599.13,3214.24,1384.89,218,30,145,25.04,2.12,743,0,9,72,1,0,0,Pediatría,1.0,Pediatría
1503,MED-2502,Gastrointestinales,Roche,Cartagena,Promoción,Manual,4907.61,3870.31,1037.3,249,60,347,30.2,5.47,931,2,2,856,1,0,1,Dermatológicos,0.5,Gastrointestinales
1504,MED-2503,Higiene Personal,Abbott,Cali,Alta (Invierno),Automático (ML),57078.22,45451.61,11626.61,203,25,106,20.39,9.59,602,3,2,133,1,1,0,Cardiovasculares,0.5,Higiene Personal
1505,MED-2504,Antibióticos,Sanofi,Bogotá,Promoción,Manual,71144.51,47468.95,23675.56,382,70,450,33.72,7.43,1030,0,14,733,0,0,0,Gastrointestinales,0.5,Antibióticos
1506,MED-2505,Vitaminas,Genfar,Barranquilla,Normal,Manual,21084.12,14448.54,6635.58,346,31,232,19.78,6.84,630,0,1,299,1,1,0,Pediatría,0.5,Vitaminas
1507,MED-2506,Higiene Personal,Abbott,Medellín,Promoción,Automático (ML),39605.6,28855.08,10750.52,320,63,131,3.97,9.25,110,2,12,423,0,1,0,Pediatría,0.5,Higiene Personal
1508,MED-2507,Cardiovasculares,Tecnoquímicas,Cali,Alta (Epidemia),Proveedor Programado,73543.63,61696.77,11846.86,209,28,273,10.07,3.33,350,1,11,691,1,0,0,Dermatológicos,0.25,Cardiovasculares
1509,MED-2508,Dermatológicos,Novartis,Medellín,Alta (Epidemia),Proveedor Programado,51239.97,42544.74,8695.23,92,14,229,19.59,8.1,617,2,12,691,1,1,1,Pediatría,0.75,Pediatría
1510,MED-2509,Antigripales,La Santé,Medellín,Alta (Invierno),Proveedor Programado,20663.85,13345.8,7318.05,252,22,369,33.49,5.61,986,3,2,884,1,0,1,Pediatría,0.75,Pediatría
1511,MED-2510,Cardiovasculares,MK,Medellín,Promoción,Manual,43376.91,35162.11,8214.8,267,22,208,35.2,8.16,1053,2,6,272,0,1,0,Pediatría,0.75,Pediatría
1512,MED-2511,Antigripales,Pfizer,Cartagena,Promoción,Automático (ML),72251.22,52730.09,19521.13,232,41,322,26.78,4.67,775,2,6,836,0,0,1,Pediatría,0.5,Antigripales
1513,MED-2512,Pediatría,MK,Bogotá,Alta (Epidemia),Proveedor Programado,55347.92,41201.95,14145.97,18,68,313,28.71,1.37,857,2,12,63,0,1,0,Gastrointestinales,0.5,Pediatría
1514,MED-2513,Antigripales,Tecnoquímicas,Cali,Promoción,Proveedor Programado,57176.05,36860.42,20315.63,145,55,174,15.15,6.32,436,2,3,110,1,1,1,Dermatológicos,0.25,Antigripales
1515,MED-2514,Dermatológicos,Novartis,Cartagena,Alta (Invierno),Manual,77631.17,60277.93,17353.24,191,39,245,11.96,3.23,360,1,7,57,0,0,0,Cardiovasculares,0.5,Dermatológicos
1516,MED-2515,Dermatológicos,MK,Cali,Normal,Manual,53162.36,38394.86,14767.5,392,54,259,14.35,2.15,391,3,8,227,1,1,1,Pediatría,0.75,Pediatría
1517,MED-2516,Pediatría,Abbott,Medellín,Alta (Invierno),Manual,48038.19,28969.28,19068.91,16,63,224,20.78,7.24,626,3,1,467,0,0,0,Pediatría,0.5,Pediatría
1518,MED-2517,Pediatría,MK,Medellín,Alta (Invierno),Automático (ML),12364.66,9809.25,2555.41,142,13,408,24.06,0.78,718,1,14,540,0,1,0,Pediatría,1.0,Pediatría
1519,MED-2518,Analgésicos,MK,Cartagena,Promoción,Automático (ML),48868.4,30464.43,18403.97,46,18,197,29.89,0.73,911,3,5,487,1,1,1,Pediatría,0.75,Pediatría
1520,MED-2519,Higiene Personal,Pfizer,Medellín,Promoción,Automático (ML),31949.0,26334.42,5614.58,240,67,420,38.24,7.21,1174,1,14,388,1,1,1,Dermatológicos,0.25,Higiene Personal
1521,MED-2520,Dermatológicos,Novartis,Cali,Normal,Proveedor Programado,66679.76,44752.62,21927.14,102,46,159,39.24,4.23,1165,0,1,597,0,0,1,Dermatológicos,0.5,Dermatológicos
1522,MED-2521,Vitaminas,Sanofi,Cartagena,Promoción,Automático (ML),54350.94,41718.7,12632.24,367,56,312,34.27,5.45,1046,0,4,669,1,0,1,Cardiovasculares,0.5,Vitaminas
1523,MED-2522,Gastrointestinales,MK,Bogotá,Alta (Epidemia),Automático (ML),32949.8,25276.5,7673.3,190,21,173,32.69,7.57,933,2,11,78,1,1,0,Pediatría,0.75,Pediatría
1524,MED-2523,Pediatría,Novartis,Medellín,Promoción,Automático (ML),20716.99,15596.54,5120.45,75,51,131,33.37,7.19,1026,0,11,421,0,0,0,Pediatría,0.75,Pediatría
1525,MED-2524,Diabetes,La Santé,Cartagena,Alta (Invierno),Manual,30878.3,25747.73,5130.57,27,38,287,23.85,3.19,711,1,2,886,1,1,0,Pediatría,0.5,Diabetes
1526,MED-2525,Gastrointestinales,Tecnoquímicas,Cartagena,Normal,Proveedor Programado,66192.98,49164.97,17028.01,419,33,242,37.73,2.4,1097,0,10,104,1,0,1,Diabetes,0.5,Gastrointestinales
1527,MED-2526,Diabetes,Sanofi,Bogotá,Alta (Epidemia),Automático (ML),71314.73,56442.5,14872.23,138,44,205,31.99,8.95,960,2,2,269,0,0,1,Antigripales,0.25,Diabetes
1528,MED-2527,Pediatría,Abbott,Barranquilla,Alta (Invierno),Automático (ML),15976.14,10951.72,5024.42,482,26,276,7.39,0.88,240,1,2,245,0,0,1,Pediatría,0.5,Pediatría
1529,MED-2528,Analgésicos,Roche,Medellín,Alta (Invierno),Manual,22941.63,18786.77,4154.86,26,46,163,18.29,9.51,544,1,10,788,0,1,0,Pediatría,0.75,Pediatría
1530,MED-2529,Analgésicos,Abbott,Bogotá,Alta (Epidemia),Manual,52560.39,44311.32,8249.07,462,24,363,7.35,2.42,207,4,14,212,1,0,0,Cardiovasculares,0.5,Analgésicos
1531,MED-2530,Gastrointestinales,La Santé,Medellín,Alta (Epidemia),Proveedor Programado,66700.33,51449.41,15250.92,23,31,112,24.0,9.72,720,1,3,541,0,1,1,Antigripales,0.25,Gastrointestinales
1532,MED-2531,Analgésicos,Pfizer,Medellín,Alta (Invierno),Proveedor Programado,66590.87,48190.54,18400.33,269,60,248,26.59,8.02,777,0,12,215,1,0,0,Gastrointestinales,0.5,Analgésicos
1533,MED-2532,Diabetes,Bayer,Cali,Alta (Invierno),Proveedor Programado,51126.74,41041.11,10085.63,273,35,219,9.16,6.38,283,2,13,740,1,0,0,Cardiovasculares,0.5,Diabetes
1534,MED-2533,Dermatológicos,Tecnoquímicas,Cartagena,Alta (Epidemia),Manual,46272.09,33984.86,12287.23,261,42,153,1.23,0.83,56,2,4,60,1,1,0,Dermatológicos,0.5,Dermatológicos
1535,MED-2534,Pediatría,Abbott,Bogotá,Normal,Manual,65791.36,46473.23,19318.13,440,42,351,20.97,6.48,640,2,6,289,0,0,0,Pediatría,0.5,Pediatría
1536,MED-2535,Gastrointestinales,Roche,Bogotá,Alta (Invierno),Manual,17639.69,12050.54,5589.15,352,17,247,32.3,6.78,976,2,10,581,0,1,1,Pediatría,0.5,Gastrointestinales
1537,MED-2536,Antibióticos,Genfar,Cali,Alta (Invierno),Proveedor Programado,68306.49,49240.56,19065.93,341,63,386,22.17,7.32,639,0,13,663,0,1,0,Gastrointestinales,0.25,Antibióticos
1538,MED-2537,Cardiovasculares,Tecnoquímicas,Medellín,Alta (Epidemia),Manual,61522.76,40094.1,21428.66,31,10,241,10.79,3.21,354,0,2,326,1,1,0,Dermatológicos,0.5,Cardiovasculares
1539,MED-2538,Antigripales,Tecnoquímicas,Medellín,Alta (Invierno),Automático (ML),74633.63,55123.68,19509.95,435,70,344,1.88,9.91,58,1,7,155,1,1,1,Pediatría,0.5,Antigripales
1540,MED-2539,Antibióticos,Abbott,Cali,Alta (Epidemia),Automático (ML),74181.01,44704.57,29476.44,491,20,350,38.35,7.6,1141,1,4,778,1,0,0,Gastrointestinales,0.5,Antibióticos
1541,MED-2540,Pediatría,Sanofi,Medellín,Alta (Invierno),Proveedor Programado,50386.24,34282.6,16103.64,92,14,395,15.58,7.52,509,0,12,734,1,1,1,Pediatría,0.5,Pediatría
1542,MED-2541,Antigripales,La Santé,Cartagena,Alta (Epidemia),Manual,72643.71,53912.61,18731.1,348,73,446,11.0,5.53,317,0,13,662,0,1,0,Pediatría,0.5,Antigripales
1543,MED-2542,Diabetes,Tecnoquímicas,Bogotá,Normal,Proveedor Programado,55594.84,46731.13,8863.71,272,49,276,26.16,5.25,776,1,13,95,0,1,0,Gastrointestinales,0.5,Diabetes
1544,MED-2543,Diabetes,Roche,Cali,Alta (Epidemia),Proveedor Programado,38103.49,23231.81,14871.68,211,25,172,33.32,7.59,985,3,3,821,1,0,1,Pediatría,0.5,Diabetes
1545,MED-2544,Antibióticos,La Santé,Bogotá,Alta (Invierno),Automático (ML),9427.14,6341.41,3085.73,254,44,416,9.63,5.51,298,2,6,158,1,1,1,Pediatría,0.5,Antibióticos
1546,MED-2545,Antibióticos,MK,Cali,Alta (Epidemia),Manual,46393.47,37722.23,8671.24,452,39,317,38.13,5.85,1133,0,9,730,1,0,0,Gastrointestinales,0.25,Antibióticos
1547,MED-2546,Diabetes,Roche,Barranquilla,Promoción,Proveedor Programado,66911.28,55307.13,11604.15,293,69,444,37.34,1.88,1084,2,11,274,1,1,0,Gastrointestinales,0.5,Diabetes
1548,MED-2547,Dermatológicos,La Santé,Cartagena,Alta (Epidemia),Automático (ML),20537.55,12845.4,7692.15,139,26,293,17.65,0.88,542,1,2,699,1,1,0,Pediatría,0.75,Pediatría
1549,MED-2548,Antigripales,Novartis,Bogotá,Promoción,Automático (ML),16278.96,12086.43,4192.53,162,60,210,11.56,4.56,317,4,1,212,1,1,0,Cardiovasculares,0.75,Cardiovasculares
1550,MED-2549,Vitaminas,Novartis,Medellín,Alta (Epidemia),Proveedor Programado,39921.26,25919.23,14002.03,69,29,357,12.91,2.61,354,0,3,677,0,0,0,Pediatría,0.5,Vitaminas
1551,MED-2550,Gastrointestinales,Bayer,Bogotá,Alta (Epidemia),Manual,23647.3,16141.93,7505.37,471,30,320,14.75,4.84,424,1,10,92,1,1,1,Pediatría,0.75,Pediatría
1552,MED-2551,Vitaminas,Abbott,Bogotá,Alta (Invierno),Manual,63869.15,47368.58,16500.57,379,27,313,15.88,1.43,472,2,7,158,0,1,1,Dermatológicos,0.25,Vitaminas
1553,MED-2552,Antibióticos,MK,Medellín,Alta (Invierno),Automático (ML),67102.84,52856.73,14246.11,174,16,116,10.3,0.52,277,0,4,347,0,0,0,Dermatológicos,0.5,Antibióticos
1554,MED-2553,Higiene Personal,La Santé,Bogotá,Promoción,Manual,44372.89,36865.28,7507.61,321,17,80,22.91,1.23,711,2,14,104,1,0,1,Pediatría,0.75,Pediatría
1555,MED-2554,Higiene Personal,Sanofi,Medellín,Promoción,Proveedor Programado,65421.75,53214.94,12206.81,16,24,345,26.87,2.55,807,1,7,833,1,1,0,Antigripales,0.25,Higiene Personal
1556,MED-2555,Antibióticos,Sanofi,Medellín,Alta (Epidemia),Manual,41947.42,31524.42,10423.0,210,48,134,20.17,8.91,588,1,7,796,1,1,1,Pediatría,0.5,Antibióticos
1557,MED-2556,Cardiovasculares,Roche,Barranquilla,Normal,Automático (ML),28806.79,20934.47,7872.32,223,52,282,1.9,9.71,45,3,11,476,1,0,0,Cardiovasculares,0.5,Cardiovasculares
1558,MED-2557,Pediatría,MK,Medellín,Alta (Epidemia),Automático (ML),25510.75,18822.71,6688.04,115,25,178,34.4,5.47,1059,1,10,671,1,0,1,Pediatría,0.5,Pediatría
1559,MED-2558,Antibióticos,Genfar,Medellín,Promoción,Manual,42711.68,33593.96,9117.72,364,66,413,30.23,4.64,888,2,9,617,0,0,1,Dermatológicos,0.25,Antibióticos
1560,MED-2559,Cardiovasculares,Pfizer,Cali,Promoción,Proveedor Programado,41190.26,34878.09,6312.17,327,11,366,10.5,8.89,297,1,5,700,0,1,0,Pediatría,0.5,Cardiovasculares
1561,MED-2560,Dermatológicos,Tecnoquímicas,Barranquilla,Promoción,Manual,65775.87,41574.54,24201.33,112,59,317,17.87,7.39,531,3,12,327,1,1,0,Pediatría,0.5,Dermatológicos
1562,MED-2561,Vitaminas,Sanofi,Cartagena,Normal,Automático (ML),58259.71,48640.52,9619.19,331,16,259,20.87,7.39,624,2,9,47,0,1,0,Dermatológicos,0.25,Vitaminas
1563,MED-2562,Cardiovasculares,Bayer,Medellín,Alta (Epidemia),Manual,32654.63,19621.75,13032.88,234,78,225,20.66,8.14,637,1,6,414,1,1,0,Dermatológicos,0.25,Cardiovasculares
1564,MED-2563,Diabetes,Sanofi,Barranquilla,Normal,Automático (ML),49989.9,32118.46,17871.44,143,65,222,11.3,7.62,325,1,5,414,1,1,0,Pediatría,0.5,Diabetes
1565,MED-2564,Pediatría,Abbott,Cartagena,Alta (Epidemia),Automático (ML),58443.97,44094.57,14349.4,165,78,446,11.01,4.72,366,1,14,102,1,1,0,Pediatría,0.5,Pediatría
1566,MED-2565,Vitaminas,Sanofi,Cartagena,Promoción,Proveedor Programado,63140.32,49260.13,13880.19,292,61,350,18.98,4.96,558,1,6,386,0,0,0,Pediatría,0.5,Vitaminas
1567,MED-2566,Gastrointestinales,Roche,Cali,Alta (Invierno),Proveedor Programado,52143.88,38657.81,13486.07,372,30,377,6.45,1.21,180,1,13,378,1,1,0,Dermatológicos,0.25,Gastrointestinales
1568,MED-2567,Diabetes,Tecnoquímicas,Bogotá,Normal,Automático (ML),55490.78,37021.61,18469.17,289,10,368,5.59,1.37,155,0,2,557,1,1,0,Dermatológicos,0.5,Diabetes
1569,MED-2568,Pediatría,La Santé,Cali,Promoción,Automático (ML),23613.69,14480.83,9132.86,216,51,294,14.66,7.83,470,1,4,393,1,0,1,Pediatría,0.5,Pediatría
1570,MED-2569,Vitaminas,Tecnoquímicas,Cali,Promoción,Manual,69633.82,57075.74,12558.08,315,58,237,18.05,1.55,538,3,4,771,1,1,1,Pediatría,0.5,Vitaminas
1571,MED-2570,Analgésicos,Roche,Bogotá,Alta (Epidemia),Proveedor Programado,44535.7,32270.1,12265.6,88,70,309,20.1,1.55,588,0,10,205,0,1,0,Pediatría,0.5,Analgésicos
1572,MED-2571,Vitaminas,Pfizer,Cartagena,Normal,Manual,20714.19,12825.03,7889.16,485,28,253,18.43,9.86,528,1,14,889,0,1,1,Pediatría,0.5,Vitaminas
1573,MED-2572,Dermatológicos,La Santé,Barranquilla,Alta (Invierno),Proveedor Programado,25757.54,21738.01,4019.53,224,55,142,6.76,0.75,208,3,12,127,1,0,0,Cardiovasculares,0.5,Dermatológicos
1574,MED-2573,Gastrointestinales,La Santé,Bogotá,Alta (Invierno),Proveedor Programado,65080.95,51253.95,13827.0,31,28,357,19.98,6.9,631,2,8,815,0,1,0,Antigripales,0.25,Gastrointestinales
1575,MED-2574,Gastrointestinales,Tecnoquímicas,Barranquilla,Promoción,Manual,63123.58,48702.93,14420.65,406,48,130,3.83,0.56,141,2,4,254,0,1,0,Cardiovasculares,0.5,Gastrointestinales
1576,MED-2575,Cardiovasculares,Pfizer,Medellín,Alta (Epidemia),Automático (ML),79241.58,53446.84,25794.74,457,69,169,9.97,6.37,291,2,4,461,0,0,1,Pediatría,0.5,Cardiovasculares
1577,MED-2576,Pediatría,Abbott,Medellín,Promoción,Automático (ML),4472.73,3785.63,687.1,142,79,440,13.7,5.01,427,1,13,744,0,1,0,Pediatría,0.75,Pediatría
1578,MED-2577,Pediatría,Sanofi,Medellín,Alta (Epidemia),Automático (ML),48518.94,39933.89,8585.05,83,43,142,34.85,3.36,1039,4,4,813,0,1,0,Pediatría,0.75,Pediatría
1579,MED-2578,Analgésicos,Sanofi,Medellín,Alta (Epidemia),Automático (ML),73985.41,45397.21,28588.2,2,24,175,32.56,6.08,1003,3,7,264,1,1,0,Pediatría,0.5,Analgésicos
1580,MED-2579,Antigripales,Genfar,Bogotá,Alta (Epidemia),Manual,48728.47,36329.06,12399.41,142,53,114,7.74,8.6,233,1,14,245,0,1,1,Dermatológicos,0.25,Antigripales
1581,MED-2580,Pediatría,Sanofi,Cartagena,Alta (Epidemia),Proveedor Programado,44981.25,34520.25,10461.0,177,14,298,22.1,9.36,704,2,2,299,1,1,0,Pediatría,0.5,Pediatría
1582,MED-2581,Gastrointestinales,La Santé,Cali,Alta (Epidemia),Automático (ML),45722.85,35689.35,10033.5,353,59,357,26.08,4.25,808,3,1,878,0,1,1,Pediatría,0.75,Pediatría
1583,MED-2582,Antigripales,Novartis,Medellín,Promoción,Automático (ML),68456.47,57304.29,11152.18,40,78,335,24.47,1.74,769,3,6,189,1,0,0,Dermatológicos,0.5,Antigripales
1584,MED-2583,Diabetes,Novartis,Cali,Normal,Manual,34697.11,21753.56,12943.55,133,75,251,18.58,0.62,550,0,11,823,1,1,1,Pediatría,0.5,Diabetes
1585,MED-2584,Gastrointestinales,Abbott,Barranquilla,Normal,Manual,66857.45,49156.88,17700.57,147,66,120,37.76,5.66,1144,2,4,845,0,1,1,Antigripales,0.25,Gastrointestinales
1586,MED-2585,Cardiovasculares,Bayer,Cali,Promoción,Manual,49927.37,31512.55,18414.82,201,21,216,2.08,1.04,82,1,8,251,1,0,1,Dermatológicos,0.5,Cardiovasculares
1587,MED-2586,Pediatría,Pfizer,Bogotá,Promoción,Manual,67926.89,55243.3,12683.59,142,71,421,34.84,2.05,1057,3,7,440,0,0,1,Pediatría,0.5,Pediatría
1588,MED-2587,Vitaminas,MK,Barranquilla,Promoción,Automático (ML),30946.58,24878.68,6067.9,291,67,141,28.53,1.89,847,1,2,599,0,1,1,Pediatría,0.5,Vitaminas
1589,MED-2588,Gastrointestinales,La Santé,Bogotá,Alta (Epidemia),Proveedor Programado,38035.12,32199.23,5835.89,10,22,234,2.77,3.94,111,1,1,886,1,0,1,Pediatría,0.5,Gastrointestinales
1590,MED-2589,Diabetes,Abbott,Cali,Promoción,Manual,46419.69,38884.4,7535.29,303,27,153,24.71,9.52,724,2,13,803,0,1,1,Pediatría,0.5,Diabetes
1591,MED-2590,Analgésicos,Novartis,Cali,Promoción,Proveedor Programado,45783.88,34728.08,11055.8,292,25,400,24.66,3.64,737,0,5,756,0,0,1,Pediatría,0.5,Analgésicos
1592,MED-2591,Pediatría,Sanofi,Barranquilla,Promoción,Manual,6779.83,5520.88,1258.95,18,47,389,21.38,3.78,619,2,13,402,0,0,0,Pediatría,0.75,Pediatría
1593,MED-2592,Pediatría,Roche,Cartagena,Normal,Proveedor Programado,58423.62,40130.89,18292.73,6,36,426,12.0,7.37,368,1,6,47,1,0,1,Pediatría,0.5,Pediatría
1594,MED-2593,Pediatría,Genfar,Medellín,Promoción,Proveedor Programado,33842.7,20670.11,13172.59,265,44,372,34.42,2.19,1002,2,9,722,0,1,0,Dermatológicos,0.25,Pediatría
1595,MED-2594,Pediatría,Sanofi,Cartagena,Alta (Invierno),Manual,46850.87,28329.84,18521.03,428,40,334,5.5,5.92,153,1,12,178,1,1,0,Dermatológicos,0.25,Pediatría
1596,MED-2595,Vitaminas,Abbott,Medellín,Alta (Epidemia),Manual,42039.23,33351.02,8688.21,68,41,300,38.24,9.53,1152,1,4,644,1,0,0,Dermatológicos,0.5,Vitaminas
1597,MED-2596,Antigripales,Roche,Barranquilla,Promoción,Manual,12488.02,7679.4,4808.62,201,38,299,23.15,9.99,684,0,6,856,1,0,0,Pediatría,0.5,Antigripales
1598,MED-2597,Diabetes,Novartis,Bogotá,Alta (Epidemia),Manual,42700.72,27304.37,15396.35,389,16,310,17.28,9.74,560,0,8,460,0,1,0,Pediatría,0.5,Diabetes
1599,MED-2598,Analgésicos,Bayer,Barranquilla,Promoción,Automático (ML),70758.9,44238.55,26520.35,206,16,336,34.73,5.6,1015,1,14,145,0,1,1,Gastrointestinales,0.5,Analgésicos
1600,MED-2599,Higiene Personal,Pfizer,Cartagena,Normal,Automático (ML),49882.77,41158.34,8724.43,59,19,118,33.7,7.55,985,2,7,121,1,0,1,Pediatría,0.5,Higiene Personal
1601,MED-2600,Cardiovasculares,Bayer,Cali,Promoción,Proveedor Programado,15220.11,10701.01,4519.1,160,76,395,14.38,5.34,458,3,8,421,1,1,0,Pediatría,0.75,Pediatría
1602,MED-2601,Antibióticos,MK,Cali,Normal,Proveedor Programado,7031.29,5806.79,1224.5,437,55,260,29.24,3.07,883,3,12,777,0,1,1,Dermatológicos,0.5,Antibióticos
1603,MED-2602,Gastrointestinales,MK,Medellín,Promoción,Manual,40235.45,28211.07,12024.38,222,31,381,5.67,2.05,159,1,2,266,1,0,1,Pediatría,0.75,Pediatría
1604,MED-2603,Antibióticos,Abbott,Barranquilla,Alta (Invierno),Automático (ML),26975.98,16322.29,10653.69,413,55,387,11.08,1.48,354,1,13,320,1,1,1,Pediatría,0.75,Pediatría
1605,MED-2604,Gastrointestinales,Abbott,Cali,Alta (Epidemia),Proveedor Programado,45796.31,36727.42,9068.89,5,44,399,14.23,5.53,452,2,11,158,0,0,0,Pediatría,0.75,Pediatría
1606,MED-2605,Higiene Personal,Tecnoquímicas,Bogotá,Alta (Invierno),Automático (ML),20136.64,14535.69,5600.95,77,16,135,16.29,7.38,493,0,6,176,1,1,1,Pediatría,0.75,Pediatría
1607,MED-2606,Vitaminas,Roche,Cali,Promoción,Proveedor Programado,37514.39,28236.91,9277.48,481,57,276,38.89,9.46,1137,1,6,668,1,1,0,Dermatológicos,0.5,Vitaminas
1608,MED-2607,Vitaminas,MK,Cartagena,Alta (Epidemia),Automático (ML),23578.02,19329.55,4248.47,479,58,195,38.98,4.38,1165,3,13,462,1,0,0,Pediatría,0.5,Vitaminas
1609,MED-2608,Antigripales,Roche,Cali,Alta (Invierno),Proveedor Programado,42546.53,32569.47,9977.06,99,27,291,5.47,7.29,154,1,6,577,0,1,1,Pediatría,0.75,Pediatría
1610,MED-2609,Higiene Personal,Novartis,Barranquilla,Promoción,Proveedor Programado,17141.94,10327.82,6814.12,25,23,408,3.09,4.58,71,1,13,105,0,1,0,Pediatría,0.5,Higiene Personal
1611,MED-2610,Pediatría,Novartis,Cali,Alta (Epidemia),Automático (ML),77414.29,53056.12,24358.17,476,65,442,2.97,6.3,95,1,9,629,1,0,1,Pediatría,0.75,Pediatría
1612,MED-2611,Vitaminas,Abbott,Barranquilla,Normal,Proveedor Programado,65291.88,54238.37,11053.51,23,73,434,22.51,7.15,693,2,14,51,0,1,0,Gastrointestinales,0.25,Vitaminas
1613,MED-2612,Dermatológicos,Genfar,Medellín,Alta (Invierno),Automático (ML),25512.69,16277.48,9235.21,338,28,257,35.59,5.97,1101,1,5,576,0,0,1,Pediatría,0.5,Dermatológicos
1614,MED-2613,Diabetes,Abbott,Cartagena,Normal,Proveedor Programado,10924.2,6575.85,4348.35,90,44,411,10.26,2.99,289,1,5,704,0,0,1,Pediatría,0.75,Pediatría
1615,MED-2614,Analgésicos,Sanofi,Bogotá,Alta (Epidemia),Proveedor Programado,65178.39,46952.28,18226.11,368,37,284,36.69,7.87,1104,1,7,827,0,1,0,Pediatría,0.5,Analgésicos
1616,MED-2615,Analgésicos,Abbott,Cartagena,Alta (Invierno),Manual,75518.86,56122.17,19396.69,405,38,249,25.7,8.99,755,2,3,793,1,0,0,Pediatría,0.5,Analgésicos
1617,MED-2616,Antigripales,Abbott,Medellín,Normal,Proveedor Programado,28938.17,20239.97,8698.2,408,30,336,19.05,2.1,585,0,7,298,1,1,0,Pediatría,0.75,Pediatría
1618,MED-2617,Antigripales,Pfizer,Medellín,Alta (Epidemia),Manual,19243.36,13327.13,5916.23,283,20,185,36.77,1.59,1106,2,9,576,0,0,0,Pediatría,0.5,Antigripales
1619,MED-2618,Pediatría,Roche,Barranquilla,Promoción,Manual,63213.56,40560.45,22653.11,86,72,424,20.09,1.77,613,0,8,391,0,1,0,Pediatría,0.5,Pediatría
1620,MED-2619,Antigripales,Abbott,Bogotá,Promoción,Manual,7486.35,5755.23,1731.12,279,56,189,38.61,8.85,1112,0,1,474,1,0,0,Dermatológicos,0.5,Antigripales
1621,MED-2620,Higiene Personal,Roche,Medellín,Promoción,Automático (ML),10547.19,8324.79,2222.4,146,26,88,17.7,3.0,515,3,4,394,0,1,0,Pediatría,0.75,Pediatría
1622,MED-2621,Diabetes,Genfar,Cartagena,Promoción,Manual,75240.1,46584.96,28655.14,86,35,347,9.51,0.97,286,3,4,33,1,1,1,Dermatológicos,0.5,Diabetes
1623,MED-2622,Diabetes,MK,Cali,Promoción,Proveedor Programado,14409.69,8817.1,5592.59,114,78,207,8.74,5.63,289,1,1,64,1,1,1,Pediatría,0.5,Diabetes
1624,MED-2623,Higiene Personal,Genfar,Cali,Alta (Epidemia),Proveedor Programado,58734.81,37983.34,20751.47,222,34,371,34.21,7.23,1020,2,3,392,1,1,0,Pediatría,0.5,Higiene Personal
1625,MED-2624,Vitaminas,Abbott,Bogotá,Alta (Epidemia),Proveedor Programado,44984.52,35175.93,9808.59,470,64,394,10.25,2.3,284,3,2,41,1,1,0,Pediatría,0.75,Pediatría
1626,MED-2625,Vitaminas,Pfizer,Barranquilla,Alta (Epidemia),Manual,29339.91,24430.9,4909.01,329,72,391,20.29,6.48,642,1,14,608,1,1,0,Dermatológicos,0.25,Vitaminas
1627,MED-2626,Antigripales,Pfizer,Medellín,Alta (Invierno),Automático (ML),22528.75,15267.15,7261.6,390,63,379,3.42,5.02,116,3,2,696,1,1,1,Cardiovasculares,0.5,Antigripales
1628,MED-2627,Antibióticos,Tecnoquímicas,Cartagena,Alta (Invierno),Proveedor Programado,42098.85,31846.37,10252.48,296,11,120,2.4,5.09,78,1,7,762,0,1,0,Pediatría,0.5,Antibióticos
1629,MED-2628,Antigripales,Sanofi,Medellín,Alta (Invierno),Proveedor Programado,64164.44,44255.47,19908.97,18,71,370,27.29,8.57,804,0,4,201,0,1,1,Dermatológicos,0.5,Antigripales
1630,MED-2629,Pediatría,Sanofi,Cali,Alta (Invierno),Automático (ML),67639.31,53183.8,14455.51,380,47,189,22.73,7.0,735,1,5,360,1,1,1,Gastrointestinales,0.25,Pediatría
1631,MED-2630,Vitaminas,Tecnoquímicas,Cali,Alta (Epidemia),Proveedor Programado,19939.78,16553.57,3386.21,395,25,152,31.97,3.89,991,1,4,414,1,1,1,Pediatría,0.5,Vitaminas
1632,MED-2631,Cardiovasculares,Roche,Barranquilla,Promoción,Manual,23427.69,19440.86,3986.83,449,36,258,27.43,3.62,810,4,12,636,1,0,1,Pediatría,0.75,Pediatría
1633,MED-2632,Gastrointestinales,MK,Barranquilla,Alta (Epidemia),Manual,21463.04,14876.18,6586.86,319,46,303,39.26,4.18,1165,1,12,682,0,0,1,Dermatológicos,0.25,Gastrointestinales
1634,MED-2633,Dermatológicos,La Santé,Bogotá,Alta (Epidemia),Automático (ML),40920.24,26603.46,14316.78,305,45,203,15.81,6.42,419,1,2,409,1,1,0,Pediatría,0.5,Dermatológicos
1635,MED-2634,Antigripales,Roche,Cartagena,Promoción,Automático (ML),15278.43,11100.06,4178.37,318,71,168,36.63,4.88,1118,1,11,291,0,0,0,Dermatológicos,0.5,Antigripales
1636,MED-2635,Vitaminas,La Santé,Barranquilla,Promoción,Manual,47860.33,36373.84,11486.49,235,27,419,15.25,2.23,450,3,9,548,1,1,0,Pediatría,0.75,Pediatría
1637,MED-2636,Dermatológicos,Roche,Cartagena,Promoción,Manual,36258.87,25474.63,10784.24,320,72,449,30.2,8.81,912,1,12,261,0,0,1,Dermatológicos,0.25,Dermatológicos
1638,MED-2637,Dermatológicos,Novartis,Cali,Promoción,Automático (ML),58960.22,39867.37,19092.85,200,54,132,22.06,7.25,657,0,12,95,0,1,0,Gastrointestinales,0.5,Dermatológicos
1639,MED-2638,Antibióticos,La Santé,Barranquilla,Alta (Invierno),Manual,4356.74,3099.49,1257.25,68,32,271,7.49,3.53,245,4,8,686,1,0,0,Pediatría,0.75,Pediatría
1640,MED-2639,Diabetes,Genfar,Cali,Alta (Epidemia),Proveedor Programado,36853.94,31174.73,5679.21,483,77,417,12.42,7.09,358,0,1,396,1,0,0,Pediatría,0.5,Diabetes
1641,MED-2640,Antibióticos,La Santé,Cali,Promoción,Proveedor Programado,9340.68,7662.93,1677.75,69,25,248,4.0,8.07,117,3,12,851,0,0,1,Pediatría,1.0,Pediatría
1642,MED-2641,Diabetes,Genfar,Barranquilla,Alta (Epidemia),Automático (ML),46542.44,33034.0,13508.44,420,69,277,7.41,7.44,209,3,8,58,0,1,1,Cardiovasculares,0.5,Diabetes
1643,MED-2642,Pediatría,Bayer,Medellín,Normal,Proveedor Programado,71579.31,54088.52,17490.79,485,50,390,32.94,3.95,963,3,3,625,1,1,1,Pediatría,0.75,Pediatría
1644,MED-2643,Diabetes,Bayer,Cartagena,Normal,Proveedor Programado,15855.46,9590.98,6264.48,453,63,439,4.87,7.17,134,3,1,464,1,0,1,Cardiovasculares,0.5,Diabetes
1645,MED-2644,Analgésicos,Novartis,Cali,Promoción,Automático (ML),40443.99,31687.13,8756.86,422,66,234,14.63,2.63,421,0,6,513,1,0,0,Pediatría,0.5,Analgésicos
1646,MED-2645,Pediatría,Pfizer,Cartagena,Normal,Proveedor Programado,58189.47,39273.5,18915.97,320,21,232,13.28,6.13,421,0,9,60,0,0,1,Dermatológicos,0.25,Pediatría
1647,MED-2646,Pediatría,Genfar,Bogotá,Promoción,Automático (ML),10461.95,7036.98,3424.97,134,27,255,14.05,1.11,433,2,11,59,1,1,0,Pediatría,0.75,Pediatría
1648,MED-2647,Gastrointestinales,Pfizer,Medellín,Alta (Epidemia),Automático (ML),55654.37,45392.23,10262.14,153,21,230,30.87,3.4,924,1,7,506,1,0,1,Antigripales,0.25,Gastrointestinales
1649,MED-2648,Pediatría,Tecnoquímicas,Bogotá,Promoción,Manual,75336.39,55533.07,19803.32,394,41,410,5.91,9.52,171,4,10,607,0,0,1,Pediatría,0.75,Pediatría
1650,MED-2649,Cardiovasculares,MK,Cali,Alta (Invierno),Proveedor Programado,29651.9,18109.25,11542.65,294,19,270,6.35,5.35,167,0,14,536,1,1,0,Pediatría,0.5,Cardiovasculares
1651,MED-2650,Pediatría,La Santé,Cartagena,Alta (Invierno),Manual,9916.09,6951.2,2964.89,34,54,253,9.68,0.88,282,2,5,754,0,0,1,Pediatría,0.75,Pediatría
1652,MED-2651,Vitaminas,Pfizer,Bogotá,Normal,Manual,54482.78,32881.46,21601.32,471,28,227,21.73,3.85,634,0,10,138,1,0,1,Gastrointestinales,0.5,Vitaminas
1653,MED-2652,Gastrointestinales,Genfar,Medellín,Alta (Invierno),Automático (ML),44165.18,36307.33,7857.85,388,77,373,12.64,4.76,375,2,11,850,0,1,1,Pediatría,0.75,Pediatría
1654,MED-2653,Antigripales,Genfar,Cali,Normal,Manual,61413.39,41803.12,19610.27,28,53,387,11.02,3.42,312,0,6,893,1,0,1,Pediatría,0.5,Antigripales
1655,MED-2654,Analgésicos,Abbott,Medellín,Promoción,Manual,11026.73,8487.45,2539.28,116,73,326,22.42,7.57,678,2,1,568,1,1,1,Pediatría,0.5,Analgésicos
1656,MED-2655,Antigripales,Genfar,Barranquilla,Normal,Manual,74672.19,47033.8,27638.39,380,54,274,38.3,3.03,1139,3,11,581,0,0,0,Pediatría,0.5,Antigripales
1657,MED-2656,Antigripales,Pfizer,Barranquilla,Alta (Epidemia),Proveedor Programado,51337.29,32658.58,18678.71,62,22,320,6.0,0.62,164,1,5,60,1,1,0,Dermatológicos,0.5,Antigripales
1658,MED-2657,Antigripales,Pfizer,Cartagena,Alta (Epidemia),Automático (ML),75510.5,51347.23,24163.27,121,66,442,26.26,7.25,782,1,10,844,1,0,1,Pediatría,0.5,Antigripales
1659,MED-2658,Analgésicos,Bayer,Barranquilla,Promoción,Automático (ML),79156.02,63937.41,15218.61,89,10,198,26.3,1.05,789,2,9,451,0,1,1,Dermatológicos,0.25,Analgésicos
1660,MED-2659,Dermatológicos,Pfizer,Barranquilla,Alta (Epidemia),Manual,4013.53,3146.85,866.68,58,63,369,38.31,2.63,1160,2,12,435,0,1,1,Pediatría,0.5,Dermatológicos
1661,MED-2660,Analgésicos,Tecnoquímicas,Cali,Normal,Manual,66677.22,40165.72,26511.5,325,12,142,23.99,1.03,700,0,4,128,0,0,0,Dermatológicos,0.25,Analgésicos
1662,MED-2661,Vitaminas,Novartis,Medellín,Alta (Invierno),Proveedor Programado,68988.09,51610.67,17377.42,346,69,335,39.37,8.73,1151,0,1,574,1,0,0,Antigripales,0.25,Vitaminas
1663,MED-2662,Pediatría,Genfar,Cali,Alta (Epidemia),Proveedor Programado,66987.52,52063.66,14923.86,293,26,261,4.32,6.18,119,2,8,169,1,0,1,Dermatológicos,0.25,Pediatría
1664,MED-2663,Vitaminas,MK,Cartagena,Alta (Invierno),Proveedor Programado,13247.67,11064.28,2183.39,97,29,259,29.85,0.59,868,2,9,314,0,1,0,Pediatría,1.0,Pediatría
1665,MED-2664,Vitaminas,Bayer,Barranquilla,Alta (Invierno),Automático (ML),61894.37,39974.9,21919.47,97,53,278,28.99,1.86,842,1,3,52,1,1,1,Dermatológicos,0.5,Vitaminas
1666,MED-2665,Pediatría,La Santé,Bogotá,Normal,Automático (ML),46043.5,35266.02,10777.48,381,49,375,8.22,2.64,241,2,3,530,0,1,0,Pediatría,0.5,Pediatría
1667,MED-2666,Vitaminas,Sanofi,Bogotá,Promoción,Proveedor Programado,65041.66,49058.55,15983.11,455,62,234,36.89,9.71,1114,4,9,310,0,0,0,Pediatría,0.75,Pediatría
1668,MED-2667,Analgésicos,La Santé,Medellín,Normal,Automático (ML),77957.11,53874.78,24082.33,346,61,191,19.26,7.18,566,2,13,856,0,0,1,Pediatría,0.5,Analgésicos
1669,MED-2668,Diabetes,Sanofi,Cartagena,Promoción,Manual,65402.91,44146.57,21256.34,44,33,202,18.7,8.88,544,1,2,298,0,1,1,Antigripales,0.25,Diabetes
1670,MED-2669,Diabetes,Tecnoquímicas,Medellín,Alta (Epidemia),Proveedor Programado,33748.47,25870.18,7878.29,283,76,225,30.02,8.67,887,2,7,558,1,0,1,Dermatológicos,0.5,Diabetes
1671,MED-2670,Diabetes,Roche,Medellín,Alta (Invierno),Manual,54701.71,36064.62,18637.09,436,26,378,36.13,9.11,1112,1,12,241,0,0,0,Gastrointestinales,0.25,Diabetes
1672,MED-2671,Antibióticos,Pfizer,Barranquilla,Alta (Epidemia),Proveedor Programado,29403.5,18163.75,11239.75,238,45,185,38.26,3.48,1131,1,11,48,0,0,0,Pediatría,0.75,Pediatría
1673,MED-2672,Dermatológicos,MK,Cali,Alta (Epidemia),Proveedor Programado,42962.65,33000.81,9961.84,416,51,293,18.77,3.64,583,4,4,467,1,1,0,Pediatría,0.75,Pediatría
1674,MED-2673,Gastrointestinales,Sanofi,Cali,Alta (Invierno),Proveedor Programado,55219.81,39528.87,15690.94,69,17,105,10.55,7.44,298,2,14,843,0,1,0,Dermatológicos,0.25,Gastrointestinales
1675,MED-2674,Antigripales,MK,Bogotá,Alta (Invierno),Proveedor Programado,23443.24,19675.07,3768.17,106,22,215,26.11,1.61,799,2,5,753,0,0,0,Pediatría,0.75,Pediatría
1676,MED-2675,Cardiovasculares,La Santé,Bogotá,Promoción,Automático (ML),28386.51,18003.55,10382.96,108,56,319,11.84,5.27,371,4,3,662,1,0,1,Cardiovasculares,0.5,Cardiovasculares
1677,MED-2676,Diabetes,Genfar,Barranquilla,Alta (Epidemia),Proveedor Programado,52400.89,32110.74,20290.15,186,61,129,14.83,1.07,451,1,5,761,1,0,1,Pediatría,0.5,Diabetes
1678,MED-2677,Higiene Personal,La Santé,Cali,Alta (Invierno),Automático (ML),19621.06,15607.83,4013.23,459,70,313,4.99,6.61,183,0,5,590,1,1,1,Pediatría,0.5,Higiene Personal
1679,MED-2678,Antibióticos,La Santé,Cartagena,Alta (Epidemia),Manual,33461.24,24989.86,8471.38,394,38,343,19.1,7.46,574,1,4,376,1,1,0,Pediatría,0.5,Antibióticos
1680,MED-2679,Higiene Personal,MK,Bogotá,Alta (Invierno),Automático (ML),6443.89,4646.68,1797.21,440,12,142,5.31,2.52,172,2,6,315,0,0,1,Pediatría,0.75,Pediatría
1681,MED-2680,Vitaminas,La Santé,Cali,Promoción,Automático (ML),60123.75,46806.38,13317.37,409,76,161,19.76,8.36,620,1,14,325,0,0,1,Diabetes,0.5,Vitaminas
1682,MED-2681,Higiene Personal,Genfar,Medellín,Alta (Invierno),Manual,31338.31,20556.23,10782.08,286,74,218,14.1,2.98,409,5,13,288,0,1,0,Pediatría,0.75,Pediatría
1683,MED-2682,Pediatría,Novartis,Cartagena,Normal,Proveedor Programado,77006.58,49892.47,27114.11,349,67,328,2.4,0.78,87,0,1,845,1,0,0,Pediatría,0.75,Pediatría
1684,MED-2683,Gastrointestinales,MK,Bogotá,Alta (Invierno),Proveedor Programado,62818.4,51208.3,11610.1,33,41,422,26.77,3.15,766,0,11,163,0,0,1,Gastrointestinales,0.25,Gastrointestinales
1685,MED-2684,Antigripales,Tecnoquímicas,Bogotá,Promoción,Automático (ML),61732.89,43826.16,17906.73,134,54,276,7.88,7.36,242,0,3,148,1,1,1,Pediatría,0.5,Antigripales
1686,MED-2685,Diabetes,La Santé,Medellín,Alta (Epidemia),Manual,39015.38,26891.17,12124.21,247,60,300,1.0,2.93,18,2,6,651,0,1,1,Pediatría,0.75,Pediatría
1687,MED-2686,Antigripales,Roche,Cartagena,Normal,Manual,45712.34,30146.78,15565.56,16,74,309,34.03,3.61,1018,3,5,510,1,0,0,Antigripales,0.25,Antigripales
1688,MED-2687,Diabetes,MK,Medellín,Promoción,Manual,66512.39,51542.03,14970.36,442,30,263,38.31,9.84,1139,0,12,642,1,1,0,Gastrointestinales,0.5,Diabetes
1689,MED-2688,Antigripales,La Santé,Bogotá,Alta (Invierno),Automático (ML),30177.41,20649.55,9527.86,476,72,311,31.42,7.61,933,0,3,488,0,1,0,Dermatológicos,0.5,Antigripales
1690,MED-2689,Pediatría,MK,Medellín,Promoción,Manual,60800.07,40200.96,20599.11,358,71,220,25.29,4.73,768,2,1,475,1,1,0,Cardiovasculares,0.5,Pediatría
1691,MED-2690,Antibióticos,Novartis,Cali,Normal,Proveedor Programado,52353.01,41585.17,10767.84,161,45,175,39.81,0.74,1204,0,3,348,1,0,1,Antigripales,0.25,Antibióticos
1692,MED-2691,Dermatológicos,Pfizer,Cartagena,Promoción,Manual,45618.34,30734.51,14883.83,179,45,301,34.44,5.47,1019,0,7,716,0,1,1,Antigripales,0.25,Dermatológicos
1693,MED-2692,Analgésicos,Sanofi,Cali,Normal,Proveedor Programado,72832.1,54451.74,18380.36,236,57,331,13.3,3.04,369,4,6,346,1,1,0,Pediatría,0.75,Pediatría
1694,MED-2693,Diabetes,Tecnoquímicas,Medellín,Normal,Manual,47023.77,31884.27,15139.5,76,36,429,18.6,8.73,581,1,4,588,1,0,1,Antigripales,0.25,Diabetes
1695,MED-2694,Cardiovasculares,Sanofi,Bogotá,Normal,Automático (ML),28705.81,17430.52,11275.29,218,51,383,6.62,9.38,238,3,3,895,1,1,1,Cardiovasculares,0.75,Cardiovasculares
1696,MED-2695,Cardiovasculares,Tecnoquímicas,Cali,Normal,Manual,47715.81,36883.5,10832.31,401,11,392,39.14,5.36,1146,1,10,744,0,1,0,Gastrointestinales,0.5,Cardiovasculares
1697,MED-2696,Pediatría,Abbott,Medellín,Promoción,Proveedor Programado,22507.82,18108.88,4398.94,230,20,221,15.44,2.53,517,3,10,415,1,0,1,Cardiovasculares,0.5,Pediatría
1698,MED-2697,Higiene Personal,Roche,Cartagena,Promoción,Proveedor Programado,15406.46,10235.47,5170.99,456,21,310,38.78,5.3,1155,0,4,144,1,0,0,Pediatría,0.5,Higiene Personal
1699,MED-2698,Pediatría,Pfizer,Cartagena,Normal,Manual,53938.68,38564.07,15374.61,72,35,323,3.59,5.43,89,1,12,160,0,1,1,Dermatológicos,0.5,Pediatría
1700,MED-2699,Cardiovasculares,Bayer,Cali,Promoción,Automático (ML),58992.38,35632.54,23359.84,265,24,369,37.72,9.56,1155,4,13,884,0,1,1,Pediatría,0.75,Pediatría
1701,MED-2700,Analgésicos,Genfar,Cartagena,Alta (Invierno),Manual,78633.97,60659.75,17974.22,7,33,285,27.33,2.81,800,2,4,478,1,0,1,Antigripales,0.25,Analgésicos
1702,MED-2701,Cardiovasculares,Bayer,Barranquilla,Alta (Epidemia),Automático (ML),34064.16,28667.65,5396.51,360,57,402,8.27,2.74,265,0,8,328,1,1,0,Pediatría,0.5,Cardiovasculares
1703,MED-2702,Dermatológicos,Abbott,Bogotá,Alta (Epidemia),Automático (ML),36685.48,22222.81,14462.67,161,79,188,20.07,3.44,633,1,9,576,1,0,0,Cardiovasculares,0.5,Dermatológicos
1704,MED-2703,Higiene Personal,Novartis,Cali,Promoción,Automático (ML),48841.06,40359.89,8481.17,188,27,147,33.63,7.31,1030,2,2,290,0,1,0,Pediatría,0.5,Higiene Personal
1705,MED-2704,Gastrointestinales,La Santé,Cartagena,Alta (Invierno),Automático (ML),26570.0,19019.64,7550.36,488,58,236,15.48,6.86,477,3,2,64,1,0,0,Cardiovasculares,0.5,Gastrointestinales
1706,MED-2705,Cardiovasculares,La Santé,Cartagena,Promoción,Proveedor Programado,11586.26,7288.74,4297.52,56,72,253,32.82,2.84,995,1,7,279,0,1,0,Pediatría,0.75,Pediatría
1707,MED-2706,Dermatológicos,Abbott,Cali,Alta (Epidemia),Automático (ML),59767.98,46169.46,13598.52,242,60,167,32.71,5.2,966,1,3,272,1,0,0,Antigripales,0.25,Dermatológicos
1708,MED-2707,Gastrointestinales,Bayer,Bogotá,Alta (Invierno),Proveedor Programado,22288.62,15344.26,6944.36,457,59,355,32.86,5.78,984,1,7,213,1,1,0,Dermatológicos,0.25,Gastrointestinales
1709,MED-2708,Cardiovasculares,Roche,Bogotá,Alta (Invierno),Manual,25826.38,20475.52,5350.86,462,15,82,34.02,9.13,1018,0,3,267,0,1,1,Pediatría,0.5,Cardiovasculares
1710,MED-2709,Vitaminas,La Santé,Cartagena,Alta (Epidemia),Automático (ML),41997.62,34902.58,7095.04,40,45,197,29.0,6.02,849,1,7,607,0,1,0,Pediatría,0.5,Vitaminas
1711,MED-2710,Dermatológicos,Roche,Cartagena,Normal,Automático (ML),71991.92,55636.08,16355.84,277,29,367,17.74,8.24,539,0,2,39,0,1,0,Cardiovasculares,0.5,Dermatológicos
1712,MED-2711,Antigripales,Novartis,Medellín,Alta (Epidemia),Manual,53024.06,34350.91,18673.15,229,46,396,1.94,9.23,78,2,12,113,1,0,0,Pediatría,0.75,Pediatría
1713,MED-2712,Antigripales,Genfar,Barranquilla,Alta (Invierno),Manual,53834.5,35945.82,17888.68,95,17,314,28.81,3.13,868,0,2,633,0,1,0,Pediatría,0.5,Antigripales
1714,MED-2713,Analgésicos,Roche,Barranquilla,Promoción,Automático (ML),31806.1,24342.32,7463.78,168,54,214,6.47,4.58,198,0,7,229,0,1,0,Pediatría,0.5,Analgésicos
1715,MED-2714,Higiene Personal,Roche,Barranquilla,Promoción,Proveedor Programado,72167.03,52809.02,19358.01,28,46,118,34.74,8.13,1035,2,5,721,1,1,1,Antigripales,0.25,Higiene Personal
1716,MED-2715,Cardiovasculares,La Santé,Cali,Alta (Invierno),Automático (ML),69115.7,44179.28,24936.42,327,41,286,27.61,1.79,849,0,11,66,1,0,0,Diabetes,0.5,Cardiovasculares
1717,MED-2716,Gastrointestinales,Genfar,Cartagena,Alta (Invierno),Manual,51513.84,39201.61,12312.23,397,14,257,12.24,0.59,347,0,8,58,1,1,0,Dermatológicos,0.5,Gastrointestinales
1718,MED-2717,Pediatría,Genfar,Cali,Alta (Invierno),Automático (ML),72025.68,53757.63,18268.05,235,51,260,27.41,2.44,818,0,4,242,1,0,1,Antigripales,0.25,Pediatría
1719,MED-2718,Pediatría,Abbott,Barranquilla,Promoción,Manual,3160.21,2632.09,528.12,202,68,345,14.02,3.61,405,1,7,545,0,0,1,Pediatría,0.75,Pediatría
1720,MED-2719,Higiene Personal,Bayer,Cali,Promoción,Proveedor Programado,62559.71,52585.64,9974.07,211,41,390,20.7,1.8,647,2,14,714,0,0,1,Gastrointestinales,0.25,Higiene Personal
1721,MED-2720,Antibióticos,Tecnoquímicas,Cartagena,Alta (Epidemia),Proveedor Programado,60063.58,40121.49,19942.09,477,61,431,27.27,1.15,822,3,10,868,0,1,1,Pediatría,0.75,Pediatría
1722,MED-2721,Vitaminas,Sanofi,Medellín,Promoción,Automático (ML),17497.59,10789.77,6707.82,289,15,356,5.61,2.08,182,1,2,165,1,1,0,Pediatría,0.5,Vitaminas
1723,MED-2722,Pediatría,Novartis,Barranquilla,Alta (Invierno),Proveedor Programado,36046.25,27435.5,8610.75,367,21,149,26.55,2.07,780,3,3,491,1,0,0,Pediatría,0.75,Pediatría
1724,MED-2723,Gastrointestinales,Roche,Bogotá,Normal,Proveedor Programado,64520.11,40937.22,23582.89,233,25,215,11.33,6.78,345,0,12,368,0,1,0,Dermatológicos,0.25,Gastrointestinales
1725,MED-2724,Antigripales,Genfar,Cartagena,Alta (Invierno),Manual,53513.12,44468.8,9044.32,437,21,182,37.12,5.28,1109,3,6,395,0,1,0,Pediatría,0.75,Pediatría
1726,MED-2725,Gastrointestinales,Pfizer,Bogotá,Promoción,Proveedor Programado,44531.84,30950.81,13581.03,257,51,131,20.51,0.93,613,6,4,880,1,1,1,Pediatría,0.75,Pediatría
1727,MED-2726,Diabetes,MK,Cali,Alta (Invierno),Manual,32856.1,23525.88,9330.22,466,12,189,36.59,4.42,1146,1,4,48,1,1,0,Pediatría,0.75,Pediatría
1728,MED-2727,Cardiovasculares,Tecnoquímicas,Barranquilla,Normal,Manual,45599.28,38098.0,7501.28,58,42,194,22.8,1.7,695,2,1,145,1,1,0,Antigripales,0.25,Cardiovasculares
1729,MED-2728,Antigripales,La Santé,Bogotá,Alta (Epidemia),Automático (ML),74061.23,54116.28,19944.95,93,24,416,38.38,3.03,1141,1,11,556,0,1,0,Gastrointestinales,0.5,Antigripales
1730,MED-2729,Pediatría,Bayer,Cartagena,Normal,Proveedor Programado,26414.53,16704.79,9709.74,56,13,342,3.68,8.03,114,1,14,833,1,0,0,Pediatría,1.0,Pediatría
1731,MED-2730,Analgésicos,Novartis,Bogotá,Normal,Automático (ML),38134.78,24639.72,13495.06,175,46,155,18.34,3.69,545,2,7,136,1,1,0,Dermatológicos,0.5,Analgésicos
1732,MED-2731,Pediatría,Roche,Cali,Normal,Manual,59565.81,36034.32,23531.49,388,26,222,28.8,9.86,880,1,10,316,0,1,0,Gastrointestinales,0.5,Pediatría
1733,MED-2732,Higiene Personal,Genfar,Cali,Normal,Proveedor Programado,78411.94,50521.09,27890.85,354,45,385,1.87,3.7,54,5,4,155,0,1,0,Pediatría,0.5,Higiene Personal
1734,MED-2733,Diabetes,MK,Cartagena,Alta (Invierno),Automático (ML),60435.6,45972.55,14463.05,5,36,312,6.05,8.78,170,1,6,877,0,0,0,Pediatría,0.5,Diabetes
1735,MED-2734,Dermatológicos,Tecnoquímicas,Bogotá,Alta (Epidemia),Proveedor Programado,6070.27,4195.05,1875.22,133,13,291,17.11,2.37,542,3,12,895,0,0,0,Pediatría,1.0,Pediatría
1736,MED-2735,Diabetes,Genfar,Cartagena,Alta (Invierno),Proveedor Programado,78098.19,63855.86,14242.33,371,55,184,37.22,6.99,1127,5,14,373,1,1,1,Pediatría,0.5,Diabetes
1737,MED-2736,Diabetes,Pfizer,Cartagena,Normal,Automático (ML),76402.28,57543.55,18858.73,72,74,439,19.07,1.9,567,1,9,554,0,1,0,Pediatría,0.5,Diabetes
1738,MED-2737,Antigripales,Abbott,Medellín,Promoción,Manual,14202.16,11770.24,2431.92,19,63,340,30.32,6.73,890,2,3,648,1,0,1,Pediatría,0.5,Antigripales
1739,MED-2738,Pediatría,Pfizer,Cartagena,Normal,Proveedor Programado,67285.34,47421.3,19864.04,197,40,142,17.24,3.6,522,1,12,424,1,1,0,Dermatológicos,0.25,Pediatría
1740,MED-2739,Dermatológicos,La Santé,Medellín,Promoción,Manual,65104.09,53769.97,11334.12,477,31,127,29.93,9.97,872,2,2,684,1,1,1,Pediatría,0.5,Dermatológicos
1741,MED-2740,Cardiovasculares,Sanofi,Bogotá,Promoción,Manual,41325.01,30792.99,10532.02,9,42,256,16.6,4.43,468,3,2,356,1,0,1,Cardiovasculares,0.75,Cardiovasculares
1742,MED-2741,Higiene Personal,Abbott,Cartagena,Promoción,Automático (ML),4092.65,2904.21,1188.44,368,66,462,31.55,6.02,972,1,5,711,1,1,0,Dermatológicos,0.25,Higiene Personal
1743,MED-2742,Higiene Personal,Bayer,Medellín,Normal,Automático (ML),7281.7,5917.03,1364.67,261,76,410,9.75,9.48,276,1,10,114,0,1,0,Pediatría,0.5,Higiene Personal
1744,MED-2743,Higiene Personal,Bayer,Bogotá,Alta (Epidemia),Automático (ML),69183.7,51733.33,17450.37,285,71,191,20.65,8.27,621,0,1,389,0,1,0,Cardiovasculares,0.5,Higiene Personal
1745,MED-2744,Cardiovasculares,Novartis,Cartagena,Alta (Invierno),Proveedor Programado,36254.02,27196.21,9057.81,162,39,215,8.45,6.68,288,1,2,341,1,0,0,Pediatría,0.75,Pediatría
1746,MED-2745,Antibióticos,Abbott,Medellín,Alta (Invierno),Proveedor Programado,10025.66,6208.46,3817.2,340,32,282,35.98,3.57,1095,0,7,191,1,0,0,Pediatría,0.5,Antibióticos
1747,MED-2746,Diabetes,Genfar,Cartagena,Normal,Manual,68614.22,53698.11,14916.11,497,13,384,17.18,3.08,500,0,9,329,1,0,0,Pediatría,0.5,Diabetes
1748,MED-2747,Dermatológicos,Bayer,Medellín,Alta (Epidemia),Manual,60177.9,41085.14,19092.76,255,60,216,20.94,4.16,649,1,9,386,1,0,1,Diabetes,0.5,Dermatológicos
1749,MED-2748,Cardiovasculares,Bayer,Medellín,Alta (Invierno),Proveedor Programado,64515.48,47764.78,16750.7,206,64,309,30.22,0.99,885,3,6,454,0,1,1,Pediatría,0.5,Cardiovasculares
1750,MED-2749,Pediatría,Tecnoquímicas,Medellín,Alta (Epidemia),Automático (ML),65273.0,52528.97,12744.03,208,40,101,30.99,3.83,953,2,11,75,0,1,1,Gastrointestinales,0.5,Pediatría
1751,MED-2750,Cardiovasculares,Tecnoquímicas,Medellín,Promoción,Automático (ML),57893.75,45990.43,11903.32,93,26,147,12.38,5.32,358,1,6,545,0,1,0,Dermatológicos,0.25,Cardiovasculares
1752,MED-2751,Diabetes,MK,Medellín,Normal,Proveedor Programado,44169.34,31167.36,13001.98,106,14,72,8.21,6.97,248,2,12,505,0,0,0,Pediatría,0.5,Diabetes
1753,MED-2752,Diabetes,Pfizer,Medellín,Alta (Epidemia),Manual,41021.74,29300.04,11721.7,232,26,129,11.79,4.93,333,1,3,373,1,1,1,Pediatría,0.5,Diabetes
1754,MED-2753,Higiene Personal,Tecnoquímicas,Cali,Alta (Epidemia),Manual,70237.3,45138.57,25098.73,380,66,187,7.35,2.6,226,2,14,65,0,1,0,Dermatológicos,0.25,Higiene Personal
1755,MED-2754,Antibióticos,Novartis,Barranquilla,Alta (Invierno),Manual,17791.52,11858.44,5933.08,264,15,183,27.25,0.89,831,2,10,450,0,1,1,Pediatría,0.5,Antibióticos
1756,MED-2755,Antibióticos,Pfizer,Medellín,Normal,Automático (ML),58884.21,40281.61,18602.6,217,60,148,24.83,8.6,780,2,9,734,0,0,0,Pediatría,0.5,Antibióticos
1757,MED-2756,Antigripales,Sanofi,Cartagena,Alta (Epidemia),Automático (ML),34212.07,21366.24,12845.83,193,72,164,2.26,4.74,80,3,5,258,0,1,0,Cardiovasculares,0.75,Cardiovasculares
1758,MED-2757,Higiene Personal,Genfar,Medellín,Alta (Epidemia),Manual,54762.57,46521.08,8241.49,499,43,289,7.97,5.36,255,4,11,749,0,0,1,Cardiovasculares,0.5,Higiene Personal
1759,MED-2758,Dermatológicos,MK,Cali,Promoción,Manual,21657.54,17817.43,3840.11,461,38,346,39.97,6.7,1209,2,11,279,0,1,1,Pediatría,0.75,Pediatría
1760,MED-2759,Vitaminas,Tecnoquímicas,Cartagena,Normal,Manual,57705.75,39160.6,18545.15,449,49,280,11.5,9.99,340,0,2,292,0,0,1,Pediatría,0.5,Vitaminas
1761,MED-2760,Diabetes,Bayer,Barranquilla,Normal,Manual,51574.89,38867.47,12707.42,16,13,276,9.57,7.07,300,2,13,273,1,0,0,Dermatológicos,0.5,Diabetes
1762,MED-2761,Higiene Personal,La Santé,Bogotá,Normal,Proveedor Programado,63867.91,41742.6,22125.31,157,27,139,2.95,5.37,117,1,11,678,0,1,0,Dermatológicos,0.25,Higiene Personal
1763,MED-2762,Pediatría,MK,Cali,Alta (Epidemia),Manual,19868.15,16521.03,3347.12,71,71,203,8.53,9.99,229,3,13,407,0,0,0,Cardiovasculares,0.5,Pediatría
1764,MED-2763,Analgésicos,Sanofi,Bogotá,Normal,Automático (ML),70744.23,50310.95,20433.28,391,22,83,28.07,1.16,879,1,11,769,0,0,0,Gastrointestinales,0.5,Analgésicos
1765,MED-2764,Pediatría,Novartis,Bogotá,Normal,Proveedor Programado,12136.5,7727.48,4409.02,452,57,157,35.79,4.0,1077,3,11,404,1,1,1,Pediatría,0.5,Pediatría
1766,MED-2765,Pediatría,Sanofi,Barranquilla,Alta (Invierno),Proveedor Programado,62685.99,40636.8,22049.19,25,41,100,5.05,0.98,135,0,10,373,1,1,1,Dermatológicos,0.25,Pediatría
1767,MED-2766,Diabetes,Abbott,Medellín,Promoción,Proveedor Programado,9833.07,6487.0,3346.07,391,64,191,29.68,8.42,921,1,4,579,1,0,0,Dermatológicos,0.5,Diabetes
1768,MED-2767,Dermatológicos,MK,Barranquilla,Alta (Epidemia),Manual,15644.99,9664.24,5980.75,62,41,323,17.81,7.4,543,4,11,488,1,0,1,Pediatría,0.75,Pediatría
1769,MED-2768,Dermatológicos,MK,Bogotá,Promoción,Automático (ML),54810.83,46345.84,8464.99,323,45,429,24.33,1.0,757,0,13,291,0,1,0,Gastrointestinales,0.25,Dermatológicos
1770,MED-2769,Gastrointestinales,Genfar,Barranquilla,Promoción,Automático (ML),49650.68,33375.53,16275.15,361,69,287,7.36,4.84,206,1,6,341,1,1,1,Pediatría,0.5,Gastrointestinales
1771,MED-2770,Cardiovasculares,Abbott,Cali,Alta (Epidemia),Automático (ML),49431.64,35225.86,14205.78,132,25,361,29.44,6.54,837,1,7,256,1,0,0,Dermatológicos,0.5,Cardiovasculares
1772,MED-2771,Antigripales,Genfar,Medellín,Alta (Invierno),Proveedor Programado,24234.31,20481.81,3752.5,90,65,372,12.9,1.48,360,1,2,276,1,1,1,Pediatría,0.5,Antigripales
1773,MED-2772,Gastrointestinales,Tecnoquímicas,Medellín,Promoción,Manual,72329.09,50776.84,21552.25,371,58,185,17.82,4.23,503,1,10,612,1,0,1,Pediatría,0.5,Gastrointestinales
1774,MED-2773,Dermatológicos,Roche,Barranquilla,Normal,Manual,57405.61,39784.35,17621.26,111,38,430,31.39,5.15,968,1,6,790,0,1,0,Antigripales,0.25,Dermatológicos
1775,MED-2774,Cardiovasculares,Novartis,Barranquilla,Alta (Invierno),Automático (ML),46756.93,28100.93,18656.0,33,28,403,27.28,6.81,816,0,6,899,0,0,1,Antigripales,0.25,Cardiovasculares
1776,MED-2775,Pediatría,MK,Cali,Alta (Invierno),Proveedor Programado,12001.82,7663.65,4338.17,0,48,113,37.01,1.41,1105,1,2,435,1,0,0,Pediatría,0.75,Pediatría
1777,MED-2776,Cardiovasculares,La Santé,Barranquilla,Alta (Invierno),Proveedor Programado,67340.32,46812.4,20527.92,380,13,343,37.88,4.05,1138,1,9,553,0,1,1,Gastrointestinales,0.5,Cardiovasculares
1778,MED-2777,Pediatría,Roche,Cartagena,Normal,Proveedor Programado,47470.19,32117.74,15352.45,198,47,388,17.65,4.22,524,0,7,404,0,0,0,Pediatría,0.5,Pediatría
1779,MED-2778,Analgésicos,Bayer,Bogotá,Alta (Epidemia),Manual,45593.57,31102.76,14490.81,298,27,176,1.13,4.32,0,1,13,321,1,1,0,Dermatológicos,0.5,Analgésicos
1780,MED-2779,Vitaminas,Genfar,Cali,Normal,Automático (ML),23716.93,18382.95,5333.98,40,41,218,30.94,6.83,934,0,11,558,1,1,1,Pediatría,0.75,Pediatría
1781,MED-2780,Gastrointestinales,MK,Cali,Alta (Epidemia),Manual,21224.75,15787.3,5437.45,175,44,386,21.61,7.07,622,1,5,614,0,0,0,Pediatría,0.75,Pediatría
1782,MED-2781,Cardiovasculares,Pfizer,Cartagena,Promoción,Manual,37908.22,31175.69,6732.53,379,34,372,39.36,3.9,1144,0,2,397,1,1,0,Pediatría,0.5,Cardiovasculares
1783,MED-2782,Antibióticos,MK,Barranquilla,Normal,Manual,48094.37,35901.03,12193.34,272,61,428,26.3,3.49,768,1,10,223,0,1,1,Gastrointestinales,0.25,Antibióticos
1784,MED-2783,Cardiovasculares,Abbott,Medellín,Normal,Proveedor Programado,10724.6,8477.7,2246.9,422,16,232,37.15,0.73,1090,2,13,694,1,1,0,Pediatría,0.5,Cardiovasculares
1785,MED-2784,Diabetes,Bayer,Barranquilla,Alta (Epidemia),Automático (ML),42925.9,29239.24,13686.66,489,58,139,23.32,2.42,704,3,3,46,0,1,0,Pediatría,0.5,Diabetes
1786,MED-2785,Vitaminas,MK,Cartagena,Alta (Epidemia),Proveedor Programado,15899.85,10160.79,5739.06,421,57,189,25.66,7.58,743,1,5,448,1,0,0,Dermatológicos,0.5,Vitaminas
1787,MED-2786,Antigripales,La Santé,Cali,Normal,Automático (ML),19862.82,12251.93,7610.89,32,71,265,24.29,2.85,726,2,4,95,1,0,1,Pediatría,0.5,Antigripales
1788,MED-2787,Vitaminas,La Santé,Cali,Alta (Invierno),Proveedor Programado,79672.61,65673.38,13999.23,222,46,306,5.91,8.65,177,2,2,291,1,0,1,Pediatría,0.5,Vitaminas
1789,MED-2788,Gastrointestinales,MK,Bogotá,Alta (Invierno),Proveedor Programado,39401.64,32449.7,6951.94,52,47,404,26.76,9.4,771,4,14,635,1,1,1,Pediatría,1.0,Pediatría
1790,MED-2789,Cardiovasculares,La Santé,Bogotá,Alta (Epidemia),Proveedor Programado,6751.38,4541.83,2209.55,122,72,384,35.65,9.91,1073,3,2,330,1,0,1,Pediatría,0.5,Cardiovasculares
1791,MED-2790,Higiene Personal,Bayer,Medellín,Normal,Proveedor Programado,15137.84,9351.36,5786.48,82,38,196,16.3,2.79,453,1,7,696,0,1,1,Pediatría,0.5,Higiene Personal
1792,MED-2791,Antigripales,Abbott,Barranquilla,Promoción,Manual,67874.58,56925.62,10948.96,169,19,96,9.15,9.95,279,2,13,592,1,1,1,Dermatológicos,0.25,Antigripales
1793,MED-2792,Gastrointestinales,Novartis,Barranquilla,Promoción,Proveedor Programado,53351.67,40285.08,13066.59,398,56,258,25.24,2.2,754,2,8,95,1,0,1,Gastrointestinales,0.5,Gastrointestinales
1794,MED-2793,Dermatológicos,Novartis,Medellín,Promoción,Automático (ML),15438.69,11199.71,4238.98,437,26,298,11.53,9.06,382,1,3,554,1,0,1,Pediatría,0.75,Pediatría
1795,MED-2794,Antibióticos,La Santé,Cartagena,Normal,Manual,64658.81,52202.36,12456.45,43,48,201,25.52,9.22,742,4,12,659,0,0,0,Pediatría,0.5,Antibióticos
1796,MED-2795,Antibióticos,MK,Cali,Normal,Manual,17804.22,11487.57,6316.65,85,76,357,5.0,7.24,150,0,11,592,0,0,0,Pediatría,0.75,Pediatría
1797,MED-2796,Analgésicos,Bayer,Cali,Normal,Manual,67869.91,46460.63,21409.28,476,20,265,7.82,6.45,266,4,9,311,1,1,0,Pediatría,0.5,Analgésicos
1798,MED-2797,Pediatría,Pfizer,Bogotá,Alta (Invierno),Manual,71721.92,45181.81,26540.11,490,35,90,10.64,7.3,285,1,1,539,0,0,0,Cardiovasculares,0.5,Pediatría
1799,MED-2798,Antibióticos,Bayer,Barranquilla,Alta (Invierno),Manual,10081.27,7498.91,2582.36,370,44,425,9.2,1.55,274,3,9,394,0,0,1,Pediatría,1.0,Pediatría
1800,MED-2799,Gastrointestinales,Novartis,Medellín,Promoción,Manual,49644.43,31375.59,18268.84,224,21,255,35.21,4.44,1031,1,13,700,1,0,1,Gastrointestinales,0.5,Gastrointestinales
1801,MED-2800,Dermatológicos,Roche,Bogotá,Promoción,Manual,56090.67,46316.54,9774.13,468,19,151,22.54,3.05,671,2,8,162,0,0,0,Pediatría,0.5,Dermatológicos
1802,MED-2801,Antigripales,Tecnoquímicas,Medellín,Alta (Invierno),Proveedor Programado,15984.98,11275.45,4709.53,291,35,385,3.73,3.05,125,2,1,343,0,0,0,Pediatría,0.5,Antigripales
1803,MED-2802,Vitaminas,La Santé,Medellín,Alta (Invierno),Automático (ML),61365.7,47078.47,14287.23,333,45,153,17.56,3.75,516,1,8,878,1,1,1,Dermatológicos,0.5,Vitaminas
1804,MED-2803,Antigripales,Sanofi,Cali,Alta (Epidemia),Proveedor Programado,3492.32,2233.71,1258.61,218,21,412,30.05,8.46,911,0,7,701,0,0,1,Dermatológicos,0.25,Antigripales
1805,MED-2804,Dermatológicos,MK,Bogotá,Normal,Manual,42661.54,33832.47,8829.07,453,60,317,30.53,2.66,902,0,2,304,1,1,0,Antigripales,0.25,Dermatológicos
1806,MED-2805,Pediatría,Sanofi,Bogotá,Promoción,Manual,64138.29,52848.84,11289.45,138,56,239,24.36,2.8,727,3,13,116,0,1,1,Pediatría,0.5,Pediatría
1807,MED-2806,Pediatría,Pfizer,Cartagena,Alta (Epidemia),Proveedor Programado,41427.37,25134.13,16293.24,425,50,350,26.96,5.34,788,2,6,415,1,1,1,Dermatológicos,0.5,Pediatría
1808,MED-2807,Diabetes,La Santé,Barranquilla,Alta (Epidemia),Automático (ML),49692.15,36067.84,13624.31,115,65,179,30.33,7.24,913,2,14,190,1,0,0,Gastrointestinales,0.5,Diabetes
1809,MED-2808,Pediatría,MK,Bogotá,Alta (Epidemia),Automático (ML),71591.06,48410.41,23180.65,6,13,138,23.33,4.54,685,4,4,764,1,1,1,Pediatría,0.5,Pediatría
1810,MED-2809,Cardiovasculares,Abbott,Barranquilla,Promoción,Manual,25592.64,19448.26,6144.38,192,69,307,22.89,6.78,724,0,14,573,0,1,1,Dermatológicos,0.25,Cardiovasculares
1811,MED-2810,Analgésicos,MK,Cali,Promoción,Proveedor Programado,25763.82,19917.63,5846.19,345,38,402,12.15,6.2,352,1,5,146,0,1,1,Pediatría,0.5,Analgésicos
1812,MED-2811,Analgésicos,Sanofi,Medellín,Alta (Invierno),Proveedor Programado,4210.44,2831.22,1379.22,9,56,365,37.82,9.5,1156,1,4,889,0,0,0,Dermatológicos,0.5,Analgésicos
1813,MED-2812,Analgésicos,Sanofi,Barranquilla,Alta (Invierno),Automático (ML),52902.24,33298.03,19604.21,146,66,308,8.52,9.1,233,1,3,884,1,0,0,Pediatría,0.5,Analgésicos
1814,MED-2813,Diabetes,Sanofi,Medellín,Alta (Epidemia),Proveedor Programado,70940.77,57258.98,13681.79,280,39,371,12.71,1.62,361,1,14,245,1,0,0,Dermatológicos,0.25,Diabetes
1815,MED-2814,Diabetes,Roche,Barranquilla,Promoción,Automático (ML),36241.46,22309.04,13932.42,38,33,346,14.94,7.11,471,5,10,721,0,1,0,Pediatría,0.75,Pediatría
1816,MED-2815,Gastrointestinales,Pfizer,Bogotá,Alta (Epidemia),Proveedor Programado,28680.76,20706.25,7974.51,472,66,439,7.94,7.86,196,1,7,226,1,1,0,Pediatría,0.5,Gastrointestinales
1817,MED-2816,Antigripales,Novartis,Barranquilla,Alta (Invierno),Automático (ML),40951.7,31615.09,9336.61,371,42,244,10.5,4.17,314,4,3,459,1,0,1,Pediatría,0.75,Pediatría
1818,MED-2817,Vitaminas,La Santé,Cali,Promoción,Proveedor Programado,52552.23,36703.86,15848.37,212,69,120,16.46,4.91,496,2,13,828,0,0,1,Pediatría,0.5,Vitaminas
1819,MED-2818,Gastrointestinales,La Santé,Medellín,Alta (Epidemia),Proveedor Programado,78281.37,48088.76,30192.61,10,56,108,2.42,2.63,27,2,8,456,1,0,0,Dermatológicos,0.5,Gastrointestinales
1820,MED-2819,Diabetes,La Santé,Barranquilla,Alta (Invierno),Manual,69155.85,46839.13,22316.72,297,54,150,26.95,4.03,839,1,11,63,1,0,1,Diabetes,0.5,Diabetes
1821,MED-2820,Diabetes,Tecnoquímicas,Cartagena,Alta (Epidemia),Proveedor Programado,64376.65,53964.82,10411.83,58,28,192,20.01,1.89,613,1,8,694,1,0,0,Dermatológicos,0.25,Diabetes
1822,MED-2821,Gastrointestinales,Roche,Medellín,Alta (Invierno),Manual,19994.17,12233.18,7760.99,102,16,237,31.35,3.18,962,2,2,564,1,1,0,Pediatría,1.0,Pediatría
1823,MED-2822,Gastrointestinales,Novartis,Bogotá,Promoción,Manual,3190.07,2645.88,544.19,277,79,164,17.53,2.67,531,2,6,531,1,0,1,Pediatría,0.5,Gastrointestinales
1824,MED-2823,Diabetes,Roche,Cali,Normal,Automático (ML),62211.77,41707.33,20504.44,473,20,345,35.21,8.45,1056,0,12,374,1,0,1,Gastrointestinales,0.5,Diabetes
1825,MED-2824,Vitaminas,La Santé,Bogotá,Promoción,Manual,16832.51,12918.24,3914.27,193,70,382,21.5,2.72,640,0,6,421,0,0,1,Pediatría,0.5,Vitaminas
1826,MED-2825,Gastrointestinales,Roche,Barranquilla,Alta (Invierno),Automático (ML),56783.02,46184.51,10598.51,375,50,136,3.74,9.51,122,3,5,130,1,1,1,Cardiovasculares,0.5,Gastrointestinales
1827,MED-2826,Pediatría,Novartis,Medellín,Alta (Invierno),Proveedor Programado,74399.2,45843.63,28555.57,385,38,266,19.1,3.62,580,2,4,548,0,1,0,Pediatría,0.5,Pediatría
1828,MED-2827,Antigripales,Novartis,Cartagena,Alta (Epidemia),Manual,23354.57,15973.93,7380.64,119,44,300,19.44,3.14,607,4,10,206,1,1,0,Cardiovasculares,0.5,Antigripales
1829,MED-2828,Dermatológicos,Tecnoquímicas,Medellín,Alta (Invierno),Automático (ML),10630.43,8667.78,1962.65,147,20,189,15.31,2.63,456,1,9,578,0,0,1,Pediatría,0.75,Pediatría
1830,MED-2829,Antibióticos,La Santé,Barranquilla,Alta (Invierno),Automático (ML),4825.3,3522.85,1302.45,349,53,388,25.23,5.07,773,2,10,889,1,0,1,Pediatría,0.5,Antibióticos
1831,MED-2830,Gastrointestinales,Pfizer,Cali,Promoción,Automático (ML),22440.14,15028.92,7411.22,315,76,240,14.91,8.95,430,2,1,124,0,1,1,Cardiovasculares,0.5,Gastrointestinales
1832,MED-2831,Vitaminas,Roche,Medellín,Alta (Epidemia),Manual,56758.97,40685.55,16073.42,364,22,231,14.89,3.26,418,3,1,706,0,0,1,Dermatológicos,0.25,Vitaminas
1833,MED-2832,Higiene Personal,Abbott,Cali,Alta (Invierno),Automático (ML),39287.04,23590.2,15696.84,212,70,250,2.32,5.74,55,2,9,59,1,0,1,Pediatría,0.5,Higiene Personal
1834,MED-2833,Gastrointestinales,Sanofi,Medellín,Alta (Epidemia),Proveedor Programado,11683.33,9775.35,1907.98,370,73,366,4.02,6.19,118,1,13,263,0,1,1,Pediatría,0.75,Pediatría
1835,MED-2834,Pediatría,Roche,Bogotá,Normal,Proveedor Programado,49314.74,34535.8,14778.94,195,49,445,37.68,7.93,1112,0,4,657,0,1,0,Antigripales,0.25,Pediatría
1836,MED-2835,Antibióticos,MK,Medellín,Normal,Proveedor Programado,29560.39,22710.81,6849.58,379,73,308,18.11,4.6,518,1,13,180,0,0,0,Pediatría,0.75,Pediatría
1837,MED-2836,Gastrointestinales,La Santé,Cali,Normal,Automático (ML),39170.9,26110.95,13059.95,43,53,385,12.51,3.93,385,2,9,615,1,0,1,Pediatría,1.0,Pediatría
1838,MED-2837,Cardiovasculares,Novartis,Bogotá,Promoción,Proveedor Programado,59233.51,41441.06,17792.45,269,23,88,33.15,1.32,973,2,4,48,1,0,0,Antigripales,0.25,Cardiovasculares
1839,MED-2838,Antigripales,Abbott,Medellín,Normal,Automático (ML),75718.62,58857.26,16861.36,487,19,280,36.83,5.98,1128,1,10,544,0,0,0,Gastrointestinales,0.5,Antigripales
1840,MED-2839,Higiene Personal,Bayer,Bogotá,Alta (Invierno),Automático (ML),30688.4,24477.69,6210.71,39,55,144,37.98,8.97,1113,2,5,47,0,0,0,Pediatría,0.75,Pediatría
1841,MED-2840,Antigripales,MK,Medellín,Alta (Epidemia),Automático (ML),45189.41,37582.25,7607.16,133,42,328,34.29,4.93,1012,3,9,770,1,1,0,Pediatría,0.5,Antigripales
1842,MED-2841,Higiene Personal,Tecnoquímicas,Barranquilla,Normal,Proveedor Programado,67210.94,43112.96,24097.98,35,32,318,13.61,2.45,359,0,10,559,1,0,0,Dermatológicos,0.5,Higiene Personal
1843,MED-2842,Antigripales,Roche,Bogotá,Alta (Invierno),Manual,55102.69,34317.02,20785.67,365,45,425,31.19,1.21,931,2,2,481,1,0,1,Pediatría,0.5,Antigripales
1844,MED-2843,Antibióticos,Roche,Cali,Alta (Invierno),Automático (ML),25754.18,18434.82,7319.36,436,73,194,29.57,0.87,916,1,10,731,0,0,0,Dermatológicos,0.5,Antibióticos
1845,MED-2844,Pediatría,Tecnoquímicas,Cali,Alta (Epidemia),Proveedor Programado,67977.14,56561.82,11415.32,343,13,384,26.95,6.02,826,2,11,576,1,0,0,Gastrointestinales,0.5,Pediatría
1846,MED-2845,Pediatría,Tecnoquímicas,Cali,Alta (Invierno),Automático (ML),12004.8,8347.9,3656.9,309,37,402,31.42,8.87,929,1,6,201,1,1,0,Dermatológicos,0.25,Pediatría
1847,MED-2846,Dermatológicos,Abbott,Bogotá,Promoción,Proveedor Programado,63839.52,50804.81,13034.71,326,18,393,12.3,4.61,368,2,12,510,1,0,0,Dermatológicos,0.25,Dermatológicos
1848,MED-2847,Antibióticos,Bayer,Barranquilla,Normal,Proveedor Programado,17261.61,11246.54,6015.07,232,46,360,26.63,9.95,784,2,10,667,0,0,1,Dermatológicos,0.25,Antibióticos
1849,MED-2848,Antigripales,Roche,Cali,Alta (Epidemia),Automático (ML),73152.68,61612.88,11539.8,298,28,201,7.68,9.96,226,3,9,860,0,0,1,Cardiovasculares,0.5,Antigripales
1850,MED-2849,Antigripales,Novartis,Bogotá,Alta (Epidemia),Manual,12811.48,8634.76,4176.72,255,59,144,9.03,4.52,275,0,6,104,0,0,1,Pediatría,0.5,Antigripales
1851,MED-2850,Antigripales,Abbott,Barranquilla,Alta (Epidemia),Automático (ML),28673.19,17331.47,11341.72,36,28,195,15.28,0.51,442,0,10,791,1,0,1,Pediatría,0.5,Antigripales
1852,MED-2851,Diabetes,Novartis,Cartagena,Alta (Epidemia),Proveedor Programado,46270.47,32497.82,13772.65,6,21,410,14.77,9.89,498,1,7,59,0,0,0,Antigripales,0.25,Diabetes
1853,MED-2852,Analgésicos,Bayer,Cartagena,Normal,Manual,48585.91,32733.58,15852.33,363,68,350,23.95,1.8,721,2,4,382,1,0,1,Antigripales,0.25,Analgésicos
1854,MED-2853,Diabetes,Sanofi,Cartagena,Alta (Invierno),Manual,6423.16,4592.13,1831.03,149,50,215,39.22,1.82,1164,1,3,463,0,1,0,Pediatría,0.5,Diabetes
1855,MED-2854,Antigripales,Sanofi,Cali,Normal,Automático (ML),61704.33,39450.28,22254.05,24,54,328,19.85,7.55,635,0,7,624,1,0,1,Antigripales,0.25,Antigripales
1856,MED-2855,Analgésicos,Pfizer,Cali,Alta (Invierno),Automático (ML),16754.64,11746.58,5008.06,484,24,319,10.09,8.74,300,3,1,494,1,0,0,Cardiovasculares,0.5,Analgésicos
1857,MED-2856,Analgésicos,Abbott,Medellín,Normal,Manual,14725.86,9764.37,4961.49,245,46,357,20.53,9.1,596,2,2,125,0,0,1,Cardiovasculares,0.75,Cardiovasculares
1858,MED-2857,Pediatría,Novartis,Cali,Alta (Epidemia),Manual,39331.64,28501.65,10829.99,58,19,413,9.0,8.08,264,0,13,362,1,0,0,Pediatría,1.0,Pediatría
1859,MED-2858,Antigripales,Pfizer,Barranquilla,Promoción,Manual,32199.43,26681.33,5518.1,459,18,274,32.79,7.0,963,2,11,486,0,1,1,Pediatría,0.5,Antigripales
1860,MED-2859,Diabetes,Sanofi,Medellín,Normal,Proveedor Programado,69822.75,43520.72,26302.03,154,72,406,4.71,4.45,146,0,3,323,0,0,1,Pediatría,0.75,Pediatría
1861,MED-2860,Dermatológicos,Abbott,Medellín,Alta (Epidemia),Manual,6110.78,4170.6,1940.18,415,55,293,15.6,2.48,461,1,9,64,1,0,0,Pediatría,1.0,Pediatría
1862,MED-2861,Diabetes,Bayer,Bogotá,Promoción,Proveedor Programado,15944.23,12493.6,3450.63,155,35,380,8.21,5.52,251,2,7,180,1,0,0,Pediatría,0.75,Pediatría
1863,MED-2862,Dermatológicos,La Santé,Bogotá,Alta (Epidemia),Automático (ML),8692.64,6987.48,1705.16,461,77,329,34.07,1.94,1017,0,10,830,1,0,1,Dermatológicos,0.25,Dermatológicos
1864,MED-2863,Gastrointestinales,Novartis,Cartagena,Alta (Invierno),Automático (ML),23986.3,16794.82,7191.48,387,21,384,38.3,6.78,1129,2,11,146,1,1,0,Pediatría,0.75,Pediatría
1865,MED-2864,Pediatría,Sanofi,Cali,Promoción,Automático (ML),27235.65,21334.78,5900.87,179,52,105,23.08,9.24,683,1,9,608,1,0,1,Pediatría,0.5,Pediatría
1866,MED-2865,Higiene Personal,Sanofi,Cali,Promoción,Manual,49226.08,31204.8,18021.28,460,40,316,2.33,4.56,50,1,13,282,1,0,1,Dermatológicos,0.25,Higiene Personal
1867,MED-2866,Gastrointestinales,Abbott,Barranquilla,Alta (Invierno),Manual,76411.95,51802.92,24609.03,53,16,404,16.79,8.14,494,1,10,573,1,0,1,Dermatológicos,0.25,Gastrointestinales
1868,MED-2867,Higiene Personal,MK,Cartagena,Alta (Invierno),Manual,5946.34,4864.74,1081.6,383,38,258,7.9,7.81,256,2,7,231,1,0,1,Pediatría,0.75,Pediatría
1869,MED-2868,Antibióticos,Novartis,Cartagena,Normal,Proveedor Programado,58897.17,40951.72,17945.45,411,40,128,13.53,0.64,424,4,5,787,0,0,1,Pediatría,0.5,Antibióticos
1870,MED-2869,Higiene Personal,MK,Medellín,Alta (Epidemia),Automático (ML),68168.42,54814.46,13353.96,368,60,174,29.96,5.31,924,4,4,828,0,1,1,Pediatría,0.5,Higiene Personal
1871,MED-2870,Higiene Personal,Sanofi,Cartagena,Promoción,Manual,9697.36,6957.0,2740.36,311,56,108,5.71,9.91,152,0,1,253,1,1,0,Pediatría,0.5,Higiene Personal
1872,MED-2871,Antigripales,Abbott,Medellín,Alta (Invierno),Proveedor Programado,10947.91,8255.54,2692.37,499,25,146,21.58,0.58,654,2,13,537,0,0,1,Pediatría,0.75,Pediatría
1873,MED-2872,Vitaminas,Pfizer,Cali,Alta (Invierno),Automático (ML),16018.53,12633.0,3385.53,104,70,240,20.58,7.92,628,2,2,340,1,0,0,Pediatría,0.5,Vitaminas
1874,MED-2873,Antigripales,Bayer,Bogotá,Normal,Automático (ML),74910.22,51833.65,23076.57,247,40,318,21.48,8.96,670,1,11,172,0,0,0,Gastrointestinales,0.5,Antigripales
1875,MED-2874,Antibióticos,Pfizer,Cali,Promoción,Manual,16728.58,13833.98,2894.6,304,57,277,18.58,5.81,538,2,14,139,1,1,1,Pediatría,0.75,Pediatría
1876,MED-2875,Analgésicos,Roche,Cali,Alta (Epidemia),Automático (ML),39023.09,25458.96,13564.13,73,24,173,34.75,5.36,1035,2,10,51,1,0,1,Pediatría,0.75,Pediatría
1877,MED-2876,Cardiovasculares,Roche,Cartagena,Promoción,Proveedor Programado,79493.09,65206.08,14287.01,338,60,158,16.82,3.68,514,0,5,818,0,1,0,Pediatría,0.5,Cardiovasculares
1878,MED-2877,Diabetes,La Santé,Cali,Normal,Automático (ML),70563.53,47573.86,22989.67,133,59,336,36.38,1.79,1120,3,2,685,1,1,0,Pediatría,0.75,Pediatría
1879,MED-2878,Cardiovasculares,Roche,Cartagena,Alta (Epidemia),Proveedor Programado,55627.43,36558.51,19068.92,41,65,441,19.18,8.88,567,2,2,841,1,0,1,Pediatría,0.5,Cardiovasculares
1880,MED-2879,Analgésicos,Abbott,Bogotá,Promoción,Automático (ML),9897.38,8117.38,1780.0,144,18,94,27.35,2.62,786,1,2,340,0,0,0,Pediatría,0.5,Analgésicos
1881,MED-2880,Antibióticos,Abbott,Barranquilla,Alta (Epidemia),Manual,73329.59,57551.95,15777.64,387,46,274,37.65,2.88,1155,2,9,341,1,0,1,Gastrointestinales,0.5,Antibióticos
1882,MED-2881,Dermatológicos,Novartis,Barranquilla,Alta (Invierno),Proveedor Programado,74009.0,48037.54,25971.46,126,55,372,1.58,1.17,60,0,12,641,1,0,0,Pediatría,0.5,Dermatológicos
1883,MED-2882,Vitaminas,Roche,Bogotá,Promoción,Manual,28860.44,17640.17,11220.27,107,35,175,35.61,5.72,1087,2,7,701,0,1,1,Pediatría,0.75,Pediatría
1884,MED-2883,Pediatría,Sanofi,Cartagena,Normal,Automático (ML),54270.11,35016.42,19253.69,466,52,330,29.73,0.66,878,3,7,526,0,1,0,Pediatría,0.75,Pediatría
1885,MED-2884,Diabetes,Tecnoquímicas,Medellín,Normal,Automático (ML),20198.75,16877.07,3321.68,479,38,347,1.47,3.66,6,4,4,356,1,1,0,Pediatría,0.75,Pediatría
1886,MED-2885,Vitaminas,Pfizer,Medellín,Promoción,Automático (ML),66587.76,53868.45,12719.31,79,20,220,39.34,9.62,1173,3,13,148,0,0,1,Pediatría,0.75,Pediatría
1887,MED-2886,Vitaminas,Sanofi,Bogotá,Alta (Epidemia),Manual,79461.62,51315.63,28145.99,4,55,243,39.04,9.89,1178,3,12,887,0,1,1,Pediatría,0.5,Vitaminas
1888,MED-2887,Antigripales,Abbott,Bogotá,Normal,Manual,28700.66,23353.19,5347.47,83,45,120,16.41,9.06,538,3,14,375,0,0,0,Pediatría,1.0,Pediatría
1889,MED-2888,Diabetes,Abbott,Cali,Promoción,Manual,10302.11,8439.75,1862.36,354,13,104,27.21,4.49,825,2,14,889,1,0,1,Pediatría,0.5,Diabetes
1890,MED-2889,Diabetes,Bayer,Cali,Promoción,Proveedor Programado,27252.86,18498.02,8754.84,8,38,293,4.06,8.34,155,3,8,155,1,0,0,Cardiovasculares,0.5,Diabetes
1891,MED-2890,Antibióticos,Tecnoquímicas,Cali,Promoción,Automático (ML),61728.42,37551.62,24176.8,495,26,199,13.23,4.81,394,1,4,580,0,0,0,Pediatría,0.5,Antibióticos
1892,MED-2891,Analgésicos,MK,Bogotá,Alta (Invierno),Proveedor Programado,17752.74,13099.46,4653.28,356,17,393,2.68,1.99,111,2,11,623,0,1,1,Pediatría,0.75,Pediatría
1893,MED-2892,Higiene Personal,Tecnoquímicas,Barranquilla,Normal,Proveedor Programado,18123.88,12233.74,5890.14,16,54,141,31.42,9.3,963,0,13,803,0,1,0,Dermatológicos,0.5,Higiene Personal
1894,MED-2893,Higiene Personal,Bayer,Medellín,Alta (Invierno),Manual,23591.96,18171.68,5420.28,131,78,262,1.58,3.05,38,0,12,726,1,0,1,Pediatría,0.75,Pediatría
1895,MED-2894,Analgésicos,La Santé,Bogotá,Normal,Manual,61765.62,40786.47,20979.15,455,50,430,39.46,10.0,1171,2,12,835,1,0,1,Gastrointestinales,0.5,Analgésicos
1896,MED-2895,Vitaminas,La Santé,Medellín,Promoción,Manual,44419.43,29072.5,15346.93,367,48,157,23.33,4.62,727,1,4,696,0,1,1,Pediatría,0.5,Vitaminas
1897,MED-2896,Diabetes,Genfar,Bogotá,Alta (Invierno),Automático (ML),9527.26,8039.38,1487.88,451,73,275,23.63,6.55,727,0,13,558,0,0,0,Dermatológicos,0.25,Diabetes
1898,MED-2897,Higiene Personal,MK,Bogotá,Promoción,Proveedor Programado,22483.43,13726.85,8756.58,495,77,376,25.61,1.42,736,1,1,710,0,0,0,Dermatológicos,0.5,Higiene Personal
1899,MED-2898,Cardiovasculares,La Santé,Medellín,Alta (Epidemia),Automático (ML),64382.71,53747.27,10635.44,279,20,104,7.37,0.71,206,1,12,781,0,1,0,Dermatológicos,0.25,Cardiovasculares
1900,MED-2899,Gastrointestinales,Sanofi,Bogotá,Alta (Invierno),Proveedor Programado,5416.72,3407.83,2008.89,208,68,172,31.52,1.05,948,2,12,543,1,1,1,Dermatológicos,0.5,Gastrointestinales
1901,MED-2900,Pediatría,Genfar,Medellín,Promoción,Proveedor Programado,35232.48,26282.0,8950.48,41,37,243,18.6,5.83,574,1,9,653,1,0,0,Pediatría,0.75,Pediatría
1902,MED-2901,Pediatría,Novartis,Cali,Promoción,Manual,4027.03,3421.91,605.12,259,62,451,32.29,3.18,951,1,7,211,1,0,1,Dermatológicos,0.25,Pediatría
1903,MED-2902,Antibióticos,Novartis,Bogotá,Alta (Invierno),Proveedor Programado,64404.77,52046.98,12357.79,265,36,336,9.27,7.52,277,2,5,348,0,1,1,Cardiovasculares,0.5,Antibióticos
1904,MED-2903,Cardiovasculares,Tecnoquímicas,Barranquilla,Alta (Epidemia),Automático (ML),77858.11,58690.72,19167.39,471,20,203,35.9,2.26,1071,0,2,492,1,1,1,Gastrointestinales,0.5,Cardiovasculares
1905,MED-2904,Higiene Personal,Abbott,Barranquilla,Alta (Invierno),Automático (ML),17687.73,12861.21,4826.52,392,49,398,2.99,5.23,80,0,9,788,1,0,1,Pediatría,0.75,Pediatría
1906,MED-2905,Gastrointestinales,Novartis,Cartagena,Normal,Automático (ML),35898.37,28820.46,7077.91,18,75,372,7.96,2.65,241,1,1,647,1,1,1,Pediatría,0.75,Pediatría
1907,MED-2906,Pediatría,Novartis,Medellín,Alta (Epidemia),Automático (ML),32453.6,24209.93,8243.67,244,75,352,9.41,8.73,284,0,2,686,0,0,1,Pediatría,0.5,Pediatría
1908,MED-2907,Dermatológicos,Genfar,Cali,Promoción,Automático (ML),16157.02,13689.33,2467.69,15,61,112,28.45,4.42,866,0,14,593,1,1,0,Pediatría,0.5,Dermatológicos
1909,MED-2908,Pediatría,MK,Cali,Alta (Invierno),Proveedor Programado,67672.6,41683.64,25988.96,50,57,117,20.82,0.61,620,1,2,234,1,1,0,Antigripales,0.25,Pediatría
1910,MED-2909,Diabetes,Roche,Cartagena,Alta (Invierno),Manual,46250.39,37101.01,9149.38,70,23,407,6.42,5.86,201,1,12,816,1,0,0,Pediatría,0.75,Pediatría
1911,MED-2910,Pediatría,La Santé,Medellín,Promoción,Automático (ML),12165.05,8544.41,3620.64,396,60,324,17.15,7.72,515,1,11,829,0,1,1,Pediatría,0.5,Pediatría
1912,MED-2911,Dermatológicos,Roche,Barranquilla,Alta (Epidemia),Manual,74875.02,51515.41,23359.61,410,50,338,39.38,9.1,1162,2,7,47,1,0,1,Dermatológicos,0.5,Dermatológicos
1913,MED-2912,Antibióticos,Sanofi,Cartagena,Promoción,Manual,55231.12,36598.37,18632.75,159,50,305,5.28,6.65,163,2,10,333,0,0,1,Pediatría,0.5,Antibióticos
1914,MED-2913,Diabetes,Abbott,Cartagena,Alta (Epidemia),Proveedor Programado,56112.71,33818.05,22294.66,77,77,357,33.1,8.08,984,3,9,517,1,0,1,Pediatría,0.5,Diabetes
1915,MED-2914,Analgésicos,Sanofi,Barranquilla,Normal,Automático (ML),20301.48,14537.19,5764.29,271,77,404,23.47,6.15,714,1,9,621,1,1,1,Dermatológicos,0.25,Analgésicos
1916,MED-2915,Antibióticos,MK,Medellín,Normal,Automático (ML),74853.59,54039.78,20813.81,316,44,162,20.69,1.85,606,1,13,840,0,0,0,Gastrointestinales,0.5,Antibióticos
1917,MED-2916,Dermatológicos,Pfizer,Cartagena,Alta (Epidemia),Manual,56924.79,44156.04,12768.75,391,31,323,24.03,6.69,737,0,1,130,0,1,0,Antigripales,0.25,Dermatológicos
1918,MED-2917,Analgésicos,Roche,Bogotá,Normal,Manual,3783.35,2847.75,935.6,210,46,372,36.57,7.57,1084,0,12,461,1,1,1,Dermatológicos,0.25,Analgésicos
1919,MED-2918,Cardiovasculares,Genfar,Medellín,Alta (Invierno),Proveedor Programado,22787.74,19123.29,3664.45,368,22,195,23.85,5.44,732,1,8,531,1,1,0,Pediatría,0.5,Cardiovasculares
1920,MED-2919,Vitaminas,Bayer,Cartagena,Alta (Epidemia),Manual,25139.06,15893.24,9245.82,48,41,421,6.87,1.5,225,0,4,474,0,1,0,Pediatría,0.5,Vitaminas
1921,MED-2920,Higiene Personal,Roche,Bogotá,Alta (Invierno),Manual,54176.3,33108.15,21068.15,205,41,417,39.59,6.3,1171,0,3,562,1,1,0,Antigripales,0.25,Higiene Personal
1922,MED-2921,Antibióticos,Genfar,Barranquilla,Alta (Invierno),Manual,61487.72,42194.48,19293.24,131,23,125,23.74,4.89,727,2,13,820,1,0,0,Pediatría,0.5,Antibióticos
1923,MED-2922,Antigripales,Tecnoquímicas,Bogotá,Normal,Manual,57578.08,48310.41,9267.67,7,25,228,26.83,5.26,805,0,1,380,1,1,1,Antigripales,0.25,Antigripales
1924,MED-2923,Diabetes,Genfar,Medellín,Normal,Manual,51705.1,38160.76,13544.34,29,69,427,36.19,7.04,1072,0,14,308,1,1,1,Gastrointestinales,0.25,Diabetes
1925,MED-2924,Vitaminas,Sanofi,Cartagena,Promoción,Manual,46611.97,38304.09,8307.88,451,53,115,30.18,6.22,899,1,7,189,1,0,1,Gastrointestinales,0.25,Vitaminas
1926,MED-2925,Cardiovasculares,Novartis,Cali,Alta (Epidemia),Manual,77801.25,47042.74,30758.51,97,43,432,12.32,4.83,363,3,9,623,1,1,1,Pediatría,0.5,Cardiovasculares
1927,MED-2926,Pediatría,Genfar,Cali,Alta (Invierno),Proveedor Programado,43713.06,35408.96,8304.1,170,55,161,12.06,9.19,335,0,6,486,0,1,0,Pediatría,0.75,Pediatría
1928,MED-2927,Cardiovasculares,Genfar,Medellín,Alta (Epidemia),Automático (ML),69948.18,43883.85,26064.33,165,48,405,23.05,5.74,707,1,13,188,1,1,0,Gastrointestinales,0.25,Cardiovasculares
1929,MED-2928,Dermatológicos,Genfar,Barranquilla,Promoción,Manual,39591.81,24606.44,14985.37,228,19,306,33.43,8.46,1010,0,9,898,0,0,1,Gastrointestinales,0.25,Dermatológicos
1930,MED-2929,Analgésicos,Sanofi,Cartagena,Alta (Epidemia),Automático (ML),68293.12,53319.43,14973.69,221,38,159,10.61,9.51,297,4,13,186,1,0,1,Dermatológicos,0.25,Analgésicos
1931,MED-2930,Cardiovasculares,Abbott,Barranquilla,Normal,Automático (ML),26930.82,17794.96,9135.86,496,74,417,15.08,0.68,454,1,4,486,1,1,0,Pediatría,0.5,Cardiovasculares
1932,MED-2931,Dermatológicos,La Santé,Cali,Promoción,Manual,40349.06,30336.73,10012.33,473,70,381,38.1,2.32,1122,0,13,774,0,0,0,Dermatológicos,0.25,Dermatológicos
1933,MED-2932,Analgésicos,Sanofi,Cali,Normal,Manual,69964.83,52463.72,17501.11,458,75,411,11.43,5.67,323,1,12,33,0,0,0,Pediatría,0.5,Analgésicos
1934,MED-2933,Pediatría,Novartis,Bogotá,Alta (Epidemia),Manual,56998.48,41585.5,15412.98,324,23,147,36.28,1.36,1076,1,14,182,1,1,0,Pediatría,0.5,Pediatría
1935,MED-2934,Dermatológicos,MK,Barranquilla,Alta (Epidemia),Manual,17733.12,11777.84,5955.28,398,41,110,2.26,1.77,92,3,1,736,0,1,1,Cardiovasculares,0.75,Cardiovasculares
1936,MED-2935,Vitaminas,Novartis,Bogotá,Alta (Invierno),Manual,23080.94,19113.19,3967.75,191,52,177,30.1,3.77,918,3,12,389,0,0,1,Pediatría,0.75,Pediatría
1937,MED-2936,Higiene Personal,Abbott,Barranquilla,Alta (Invierno),Manual,27511.04,18272.08,9238.96,393,61,318,39.77,1.82,1182,1,6,206,0,0,0,Dermatológicos,0.25,Higiene Personal
1938,MED-2937,Antibióticos,Pfizer,Cali,Alta (Invierno),Proveedor Programado,54570.61,43374.98,11195.63,270,53,324,29.79,7.09,896,0,3,59,0,1,1,Antigripales,0.25,Antibióticos
1939,MED-2938,Vitaminas,MK,Cartagena,Alta (Invierno),Manual,34902.54,23269.71,11632.83,247,65,367,33.24,0.52,1007,2,14,565,0,1,0,Dermatológicos,0.25,Vitaminas
1940,MED-2939,Dermatológicos,Novartis,Bogotá,Normal,Automático (ML),7574.03,6116.17,1457.86,414,61,279,24.41,5.08,725,0,9,853,0,0,0,Dermatológicos,0.5,Dermatológicos
1941,MED-2940,Diabetes,MK,Medellín,Alta (Invierno),Proveedor Programado,12489.96,10188.71,2301.25,340,41,427,6.74,7.78,218,0,2,552,1,1,1,Pediatría,0.5,Diabetes
1942,MED-2941,Antigripales,Abbott,Medellín,Normal,Proveedor Programado,52522.25,39615.6,12906.65,297,46,187,7.22,2.17,259,0,11,693,0,0,0,Dermatológicos,0.25,Antigripales
1943,MED-2942,Antibióticos,Sanofi,Medellín,Normal,Automático (ML),69742.27,51334.58,18407.69,338,37,229,32.88,7.4,1003,2,3,253,1,1,1,Antigripales,0.25,Antibióticos
1944,MED-2943,Higiene Personal,Novartis,Barranquilla,Promoción,Proveedor Programado,30368.0,22539.59,7828.41,369,56,445,5.79,3.56,185,0,11,652,1,1,1,Pediatría,0.75,Pediatría
1945,MED-2944,Higiene Personal,Sanofi,Medellín,Promoción,Manual,26123.96,21854.79,4269.17,303,41,242,6.41,6.37,189,1,8,820,0,0,0,Pediatría,0.75,Pediatría
1946,MED-2945,Pediatría,La Santé,Cali,Normal,Proveedor Programado,4479.21,3417.63,1061.58,226,26,350,16.48,4.62,464,2,13,601,1,1,1,Pediatría,1.0,Pediatría
1947,MED-2946,Dermatológicos,La Santé,Bogotá,Alta (Epidemia),Automático (ML),78633.5,65859.28,12774.22,103,53,337,1.68,6.49,25,1,5,268,0,0,0,Pediatría,0.5,Dermatológicos
1948,MED-2947,Cardiovasculares,MK,Barranquilla,Alta (Invierno),Proveedor Programado,49911.35,36859.74,13051.61,463,13,321,34.16,9.82,1031,4,9,515,1,1,0,Pediatría,1.0,Pediatría
1949,MED-2948,Vitaminas,Bayer,Medellín,Promoción,Automático (ML),6776.84,5485.17,1291.67,27,11,126,16.23,3.7,493,1,7,306,1,1,1,Pediatría,1.0,Pediatría
1950,MED-2949,Diabetes,La Santé,Medellín,Promoción,Manual,6577.53,3972.4,2605.13,194,52,190,30.59,6.82,926,0,12,98,1,0,0,Pediatría,0.75,Pediatría
1951,MED-2950,Vitaminas,Pfizer,Cali,Alta (Epidemia),Manual,67003.99,51496.8,15507.19,444,24,179,36.59,8.53,1087,1,3,314,1,1,1,Gastrointestinales,0.25,Vitaminas
1952,MED-2951,Cardiovasculares,Pfizer,Cartagena,Alta (Epidemia),Automático (ML),3668.45,2346.26,1322.19,419,23,328,9.19,6.86,281,2,1,764,1,0,1,Pediatría,0.75,Pediatría
1953,MED-2952,Antibióticos,La Santé,Cali,Alta (Invierno),Automático (ML),14833.42,11183.79,3649.63,356,20,352,4.21,6.87,143,1,12,558,0,0,0,Pediatría,0.75,Pediatría
1954,MED-2953,Vitaminas,Novartis,Cali,Normal,Manual,27632.53,22022.28,5610.25,246,13,153,14.33,2.03,424,0,6,72,0,1,0,Pediatría,0.5,Vitaminas
1955,MED-2954,Diabetes,Sanofi,Cali,Promoción,Automático (ML),67711.31,56576.12,11135.19,315,25,403,21.88,7.22,638,0,12,433,1,1,1,Gastrointestinales,0.25,Diabetes
1956,MED-2955,Analgésicos,Novartis,Cartagena,Normal,Automático (ML),23544.11,17280.15,6263.96,268,49,336,25.22,5.06,741,1,1,486,1,1,0,Dermatológicos,0.5,Analgésicos
1957,MED-2956,Higiene Personal,Roche,Cartagena,Normal,Manual,52247.47,32859.25,19388.22,60,58,305,33.12,3.77,1010,2,5,300,1,1,1,Antigripales,0.25,Higiene Personal
1958,MED-2957,Dermatológicos,MK,Medellín,Alta (Invierno),Manual,13442.81,9292.26,4150.55,394,51,193,2.98,8.67,74,1,13,457,1,1,1,Pediatría,0.5,Dermatológicos
1959,MED-2958,Antigripales,Bayer,Bogotá,Alta (Epidemia),Manual,69604.97,55311.23,14293.74,46,34,321,11.68,4.93,349,2,13,357,0,0,1,Dermatológicos,0.25,Antigripales
1960,MED-2959,Pediatría,Genfar,Barranquilla,Alta (Invierno),Automático (ML),28527.63,18366.28,10161.35,388,34,122,39.4,3.24,1145,1,8,33,1,0,0,Pediatría,0.75,Pediatría
1961,MED-2960,Antibióticos,MK,Bogotá,Alta (Epidemia),Proveedor Programado,67569.15,57253.96,10315.19,323,42,241,2.94,3.03,64,0,13,772,1,0,0,Pediatría,0.5,Antibióticos
1962,MED-2961,Diabetes,MK,Barranquilla,Normal,Manual,5097.26,3430.94,1666.32,189,24,335,16.95,0.71,522,1,2,867,1,1,1,Pediatría,1.0,Pediatría
1963,MED-2962,Diabetes,Tecnoquímicas,Cartagena,Alta (Epidemia),Proveedor Programado,39703.13,33666.83,6036.3,296,14,165,15.35,0.66,469,1,1,459,1,0,1,Pediatría,0.5,Diabetes
1964,MED-2963,Pediatría,Genfar,Medellín,Normal,Automático (ML),30353.7,22735.92,7617.78,295,59,362,27.97,2.36,836,3,4,809,1,1,1,Pediatría,0.5,Pediatría
1965,MED-2964,Higiene Personal,Tecnoquímicas,Barranquilla,Promoción,Manual,3932.88,2871.48,1061.4,104,42,372,14.83,9.22,486,2,4,387,1,1,0,Pediatría,0.75,Pediatría
1966,MED-2965,Vitaminas,Novartis,Medellín,Alta (Invierno),Manual,54528.71,34375.06,20153.65,402,39,392,36.25,5.62,1114,3,6,847,1,0,0,Pediatría,0.75,Pediatría
1967,MED-2966,Higiene Personal,Novartis,Cali,Promoción,Proveedor Programado,36092.66,25854.43,10238.23,161,10,363,25.87,8.37,802,2,10,65,1,1,1,Pediatría,1.0,Pediatría
1968,MED-2967,Dermatológicos,Pfizer,Medellín,Alta (Invierno),Proveedor Programado,34184.44,24892.98,9291.46,65,33,162,39.95,9.47,1180,2,9,795,1,0,1,Pediatría,0.75,Pediatría
1969,MED-2968,Analgésicos,Sanofi,Barranquilla,Promoción,Manual,25790.71,17548.88,8241.83,398,64,402,11.16,4.45,346,1,4,614,1,1,0,Pediatría,0.5,Analgésicos
1970,MED-2969,Gastrointestinales,La Santé,Bogotá,Alta (Epidemia),Manual,54134.06,39627.0,14507.06,338,69,220,12.53,7.86,340,2,13,508,1,1,1,Pediatría,0.5,Gastrointestinales
1971,MED-2970,Pediatría,Genfar,Barranquilla,Promoción,Manual,43768.79,26753.47,17015.32,271,36,217,35.0,8.55,1058,1,14,841,1,0,0,Gastrointestinales,0.25,Pediatría
1972,MED-2971,Gastrointestinales,MK,Cartagena,Alta (Epidemia),Proveedor Programado,53172.63,40005.32,13167.31,253,50,233,36.8,3.78,1090,1,5,721,1,0,0,Antigripales,0.25,Gastrointestinales
1973,MED-2972,Antibióticos,Pfizer,Bogotá,Alta (Invierno),Proveedor Programado,22957.87,17784.34,5173.53,467,79,332,4.81,4.95,165,1,14,338,1,1,0,Pediatría,0.75,Pediatría
1974,MED-2973,Vitaminas,Bayer,Bogotá,Promoción,Manual,43996.37,32640.22,11356.15,31,36,384,6.67,4.65,213,2,13,230,0,0,1,Pediatría,0.5,Vitaminas
1975,MED-2974,Gastrointestinales,La Santé,Cartagena,Normal,Manual,76268.75,46888.87,29379.88,470,48,373,30.74,1.79,922,1,12,175,0,1,1,Pediatría,0.5,Gastrointestinales
1976,MED-2975,Antibióticos,Bayer,Cartagena,Normal,Manual,37444.03,31363.37,6080.66,439,27,325,10.43,5.74,337,1,1,370,0,0,0,Pediatría,0.75,Pediatría
1977,MED-2976,Cardiovasculares,Abbott,Bogotá,Alta (Epidemia),Proveedor Programado,36914.83,25751.79,11163.04,16,20,198,29.52,9.31,862,2,4,356,1,0,1,Pediatría,0.5,Cardiovasculares
1978,MED-2977,Vitaminas,Pfizer,Barranquilla,Alta (Epidemia),Manual,58367.27,39279.01,19088.26,105,76,292,11.96,7.31,354,2,3,602,0,1,0,Pediatría,0.5,Vitaminas
1979,MED-2978,Dermatológicos,Bayer,Barranquilla,Alta (Epidemia),Proveedor Programado,40701.04,25329.13,15371.91,28,71,308,16.27,3.79,489,3,2,395,0,1,1,Cardiovasculares,0.75,Cardiovasculares
1980,MED-2979,Gastrointestinales,Novartis,Cali,Alta (Epidemia),Proveedor Programado,49947.04,41303.21,8643.83,357,25,180,36.63,6.98,1113,1,8,450,1,1,0,Pediatría,0.5,Gastrointestinales
1981,MED-2980,Dermatológicos,La Santé,Medellín,Alta (Invierno),Automático (ML),36001.63,23752.93,12248.7,230,54,317,18.73,7.97,539,5,9,751,0,0,0,Pediatría,0.75,Pediatría
1982,MED-2981,Antibióticos,Bayer,Cartagena,Normal,Manual,21948.05,18397.34,3550.71,267,44,260,20.01,5.88,616,2,1,184,0,1,0,Cardiovasculares,0.75,Cardiovasculares
1983,MED-2982,Vitaminas,Pfizer,Cali,Alta (Epidemia),Proveedor Programado,26259.61,19576.76,6682.85,162,41,257,14.57,2.74,459,3,6,649,1,0,1,Cardiovasculares,0.5,Vitaminas
1984,MED-2983,Cardiovasculares,Sanofi,Bogotá,Alta (Epidemia),Proveedor Programado,39732.85,31725.73,8007.12,65,30,395,26.14,9.12,801,4,4,130,0,1,0,Cardiovasculares,0.5,Cardiovasculares
1985,MED-2984,Gastrointestinales,MK,Barranquilla,Alta (Invierno),Automático (ML),31834.8,23601.07,8233.73,207,51,357,38.44,3.08,1161,2,9,164,0,0,0,Pediatría,0.75,Pediatría
1986,MED-2985,Dermatológicos,Sanofi,Medellín,Promoción,Automático (ML),45051.7,31253.95,13797.75,224,53,128,34.05,5.0,1051,3,1,99,1,1,1,Pediatría,0.5,Dermatológicos
1987,MED-2986,Vitaminas,La Santé,Barranquilla,Alta (Epidemia),Proveedor Programado,8486.15,6313.23,2172.92,18,73,188,5.93,7.83,206,1,10,453,0,0,0,Pediatría,0.5,Vitaminas
1988,MED-2987,Dermatológicos,Sanofi,Bogotá,Promoción,Automático (ML),61617.35,41017.94,20599.41,379,68,139,9.19,3.2,251,2,4,491,0,0,0,Pediatría,0.5,Dermatológicos
1989,MED-2988,Antigripales,Novartis,Cartagena,Promoción,Automático (ML),32139.73,21077.87,11061.86,283,11,215,18.81,7.36,577,1,4,280,0,0,1,Pediatría,0.75,Pediatría
1990,MED-2989,Analgésicos,Bayer,Cali,Alta (Epidemia),Proveedor Programado,75396.87,58796.79,16600.08,124,12,82,18.41,8.56,556,3,9,807,1,1,0,Dermatológicos,0.25,Analgésicos
1991,MED-2990,Antibióticos,Abbott,Cartagena,Alta (Invierno),Manual,21765.8,16455.26,5310.54,458,22,296,19.47,9.26,551,3,7,77,0,1,1,Cardiovasculares,0.5,Antibióticos
1992,MED-2991,Higiene Personal,Sanofi,Cartagena,Alta (Invierno),Automático (ML),58350.66,39577.33,18773.33,83,38,231,6.03,7.36,170,1,7,187,0,1,1,Dermatológicos,0.25,Higiene Personal
1993,MED-2992,Higiene Personal,Abbott,Bogotá,Alta (Epidemia),Automático (ML),43210.45,32981.84,10228.61,204,17,238,32.3,9.31,946,3,2,686,0,1,0,Pediatría,0.75,Pediatría
1994,MED-2993,Diabetes,Sanofi,Barranquilla,Alta (Invierno),Automático (ML),18699.06,11331.58,7367.48,397,36,222,10.07,9.64,301,2,4,672,0,1,1,Pediatría,0.75,Pediatría
1995,MED-2994,Dermatológicos,Bayer,Medellín,Alta (Epidemia),Automático (ML),35104.54,24359.92,10744.62,66,59,412,34.79,4.4,1063,1,11,509,1,0,0,Dermatológicos,0.5,Dermatológicos
1996,MED-2995,Analgésicos,Genfar,Barranquilla,Alta (Invierno),Automático (ML),31615.8,23631.88,7983.92,222,66,409,22.7,3.12,700,3,4,373,0,1,0,Cardiovasculares,0.5,Analgésicos
1997,MED-2996,Antibióticos,Tecnoquímicas,Cartagena,Promoción,Manual,23652.56,15885.99,7766.57,180,60,218,19.98,7.13,598,1,14,831,1,0,1,Cardiovasculares,0.5,Antibióticos
1998,MED-2997,Pediatría,Genfar,Cartagena,Alta (Epidemia),Manual,75042.69,49293.21,25749.48,420,70,343,23.15,5.45,672,0,6,762,0,1,1,Pediatría,0.75,Pediatría
1999,MED-2998,Vitaminas,Novartis,Medellín,Normal,Proveedor Programado,18198.7,13176.7,5022.0,105,21,264,14.29,0.95,386,3,1,510,1,0,1,Cardiovasculares,0.5,Vitaminas
2000,MED-2999,Antigripales,Abbott,Bogotá,Normal,Manual,36353.18,30194.25,6158.93,433,50,207,7.94,1.25,232,1,11,108,1,0,1,Pediatría,0.5,Antigripales
2001,MED-3000,Dermatológicos,Sanofi,Medellín,Promoción,Manual,19594.69,13713.9,5880.79,299,39,209,24.84,0.69,717,3,8,771,0,1,0,Pediatría,0.5,Dermatológicos
2002,MED-3001,Dermatológicos,Tecnoquímicas,Cartagena,Normal,Manual,63006.61,42886.43,20120.18,150,15,369,3.08,2.37,48,1,11,695,0,0,0,Dermatológicos,0.5,Dermatológicos
2003,MED-3002,Antigripales,Pfizer,Cali,Alta (Invierno),Manual,25268.47,17481.42,7787.05,24,56,383,30.99,8.7,909,1,6,305,1,1,0,Pediatría,0.5,Antigripales
2004,MED-3003,Higiene Personal,Novartis,Barranquilla,Normal,Automático (ML),17100.51,14084.32,3016.19,430,30,222,7.55,2.44,227,1,9,497,1,0,1,Pediatría,0.75,Pediatría
2005,MED-3004,Antibióticos,La Santé,Medellín,Promoción,Manual,44620.34,35330.07,9290.27,57,61,333,25.86,6.35,740,2,1,352,1,0,0,Antigripales,0.25,Antibióticos
2006,MED-3005,Antibióticos,MK,Medellín,Alta (Epidemia),Manual,42971.25,26319.48,16651.77,470,71,445,34.12,6.08,1008,0,6,810,0,1,1,Dermatológicos,0.5,Antibióticos
2007,MED-3006,Analgésicos,La Santé,Barranquilla,Promoción,Manual,56961.79,42011.31,14950.48,56,73,330,35.27,6.79,1040,2,2,682,1,0,0,Dermatológicos,0.5,Analgésicos
2008,MED-3007,Antigripales,Roche,Barranquilla,Normal,Proveedor Programado,42656.03,36227.08,6428.95,252,44,254,19.82,8.32,622,3,3,539,0,1,1,Pediatría,0.5,Antigripales
2009,MED-3008,Cardiovasculares,La Santé,Cali,Alta (Invierno),Manual,11829.07,9588.8,2240.27,277,74,436,27.81,7.5,853,0,3,169,0,1,0,Dermatológicos,0.25,Cardiovasculares
2010,MED-3009,Analgésicos,Roche,Cali,Normal,Proveedor Programado,77589.19,53420.65,24168.54,165,76,380,29.53,4.12,912,1,11,668,1,1,1,Gastrointestinales,0.5,Analgésicos
2011,MED-3010,Analgésicos,La Santé,Barranquilla,Normal,Manual,78054.74,59481.22,18573.52,308,18,200,10.01,9.68,326,1,1,132,0,0,0,Cardiovasculares,0.5,Analgésicos
2012,MED-3011,Diabetes,Abbott,Cartagena,Alta (Epidemia),Manual,8428.05,5654.27,2773.78,322,67,152,23.04,6.34,685,0,4,212,0,1,0,Dermatológicos,0.5,Diabetes
2013,MED-3012,Dermatológicos,Novartis,Barranquilla,Alta (Epidemia),Manual,72307.45,58333.65,13973.8,206,42,104,39.22,9.54,1170,1,4,777,0,0,1,Antigripales,0.25,Dermatológicos
2014,MED-3013,Vitaminas,Tecnoquímicas,Barranquilla,Alta (Invierno),Automático (ML),53525.52,35605.65,17919.87,213,69,175,36.8,2.13,1122,0,10,114,1,1,0,Gastrointestinales,0.25,Vitaminas
2015,MED-3014,Higiene Personal,La Santé,Bogotá,Promoción,Automático (ML),73644.82,60670.94,12973.88,376,58,281,15.85,4.78,423,1,2,427,1,1,0,Pediatría,0.5,Higiene Personal
2016,MED-3015,Analgésicos,Tecnoquímicas,Cali,Alta (Invierno),Proveedor Programado,15165.56,11804.19,3361.37,279,32,423,37.29,3.18,1152,1,5,282,0,0,0,Pediatría,0.75,Pediatría
2017,MED-3016,Gastrointestinales,Pfizer,Bogotá,Alta (Epidemia),Automático (ML),31028.85,23899.1,7129.75,163,62,450,18.86,4.68,576,2,9,104,1,0,0,Pediatría,0.75,Pediatría
2018,MED-3017,Pediatría,Genfar,Cartagena,Normal,Manual,3443.0,2500.37,942.63,341,57,381,20.29,4.41,587,0,5,350,0,1,1,Pediatría,0.5,Pediatría
2019,MED-3018,Higiene Personal,Novartis,Bogotá,Alta (Epidemia),Proveedor Programado,78172.77,59106.29,19066.48,69,68,376,16.84,1.72,522,1,5,368,1,0,1,Pediatría,0.5,Higiene Personal
2020,MED-3019,Analgésicos,Tecnoquímicas,Barranquilla,Normal,Proveedor Programado,60808.42,44174.18,16634.24,261,16,237,38.07,1.91,1165,2,13,752,1,1,0,Pediatría,0.5,Analgésicos
2021,MED-3020,Vitaminas,Pfizer,Bogotá,Normal,Manual,4821.39,4025.43,795.96,72,39,309,2.98,6.29,50,2,6,404,1,0,1,Pediatría,0.75,Pediatría
2022,MED-3021,Gastrointestinales,Sanofi,Cartagena,Normal,Automático (ML),24750.13,15179.16,9570.97,167,50,212,39.85,3.37,1195,2,12,483,0,0,0,Pediatría,0.75,Pediatría
2023,MED-3022,Gastrointestinales,MK,Medellín,Normal,Proveedor Programado,59856.2,49443.33,10412.87,471,15,73,28.15,9.78,832,3,3,128,0,1,0,Pediatría,0.5,Gastrointestinales
2024,MED-3023,Vitaminas,MK,Cartagena,Alta (Invierno),Automático (ML),24171.85,20171.34,4000.51,182,49,302,6.81,3.14,171,0,3,505,0,1,0,Pediatría,0.75,Pediatría
2025,MED-3024,Diabetes,Novartis,Medellín,Normal,Automático (ML),16878.22,14050.83,2827.39,276,12,107,2.77,6.07,84,4,5,177,0,1,0,Pediatría,0.5,Diabetes
2026,MED-3025,Higiene Personal,Tecnoquímicas,Cali,Alta (Invierno),Automático (ML),47519.74,29242.31,18277.43,365,47,312,2.44,6.85,76,5,9,503,1,1,1,Cardiovasculares,0.5,Higiene Personal
2027,MED-3026,Antigripales,Roche,Bogotá,Promoción,Automático (ML),69972.58,55061.04,14911.54,350,72,126,34.84,9.77,1029,0,4,683,1,0,0,Antigripales,0.25,Antigripales
2028,MED-3027,Cardiovasculares,Roche,Medellín,Alta (Epidemia),Proveedor Programado,22060.91,18103.3,3957.61,319,46,248,26.97,7.93,773,1,12,431,0,0,0,Dermatológicos,0.5,Cardiovasculares
2029,MED-3028,Antigripales,MK,Bogotá,Alta (Invierno),Manual,31092.76,26295.97,4796.79,50,41,178,14.92,3.3,461,1,10,184,0,0,1,Pediatría,0.5,Antigripales
2030,MED-3029,Vitaminas,Genfar,Cali,Normal,Proveedor Programado,24041.21,16842.52,7198.69,274,22,277,7.02,2.31,196,3,1,34,0,0,0,Cardiovasculares,0.25,Vitaminas
2031,MED-3030,Analgésicos,Sanofi,Bogotá,Alta (Epidemia),Manual,43993.62,37298.94,6694.68,470,13,385,36.73,0.6,1125,4,14,740,1,0,0,Pediatría,0.75,Pediatría
2032,MED-3031,Antibióticos,La Santé,Cali,Promoción,Automático (ML),33066.84,22739.38,10327.46,366,34,204,32.75,7.58,979,2,2,802,1,1,0,Pediatría,0.5,Antibióticos
2033,MED-3032,Vitaminas,Genfar,Barranquilla,Alta (Epidemia),Manual,66014.73,48646.39,17368.34,173,46,405,30.43,0.86,910,2,4,539,0,1,1,Pediatría,0.5,Vitaminas
2034,MED-3033,Dermatológicos,Sanofi,Bogotá,Alta (Epidemia),Manual,54006.01,36168.1,17837.91,60,76,351,37.92,8.27,1121,1,3,669,1,1,0,Dermatológicos,0.5,Dermatológicos
2035,MED-3034,Analgésicos,Bayer,Barranquilla,Alta (Epidemia),Manual,61536.21,41925.79,19610.42,124,51,135,16.97,2.7,512,1,14,338,1,0,1,Dermatológicos,0.25,Analgésicos
2036,MED-3035,Vitaminas,Tecnoquímicas,Cali,Alta (Invierno),Automático (ML),42073.83,25660.78,16413.05,105,27,102,24.78,6.01,743,1,5,190,0,1,0,Pediatría,0.5,Vitaminas
2037,MED-3036,Pediatría,Abbott,Cali,Alta (Epidemia),Proveedor Programado,47768.17,40314.91,7453.26,208,22,129,23.94,2.44,737,0,2,169,0,1,0,Antigripales,0.25,Pediatría
2038,MED-3037,Dermatológicos,Abbott,Barranquilla,Alta (Epidemia),Manual,41887.09,27595.58,14291.51,217,55,352,26.99,3.03,824,2,3,373,1,0,1,Dermatológicos,0.5,Dermatológicos
2039,MED-3038,Vitaminas,Bayer,Medellín,Promoción,Automático (ML),8334.94,6052.45,2282.49,60,14,100,9.93,3.1,307,2,8,168,0,0,0,Pediatría,1.0,Pediatría
2040,MED-3039,Dermatológicos,La Santé,Cartagena,Alta (Epidemia),Proveedor Programado,71445.17,60664.07,10781.1,230,22,177,5.62,4.82,147,0,7,520,0,1,1,Dermatológicos,0.25,Dermatológicos
2041,MED-3040,Cardiovasculares,Bayer,Bogotá,Normal,Manual,5050.64,3938.69,1111.95,224,14,285,9.64,6.81,273,2,5,347,1,1,0,Pediatría,0.75,Pediatría
2042,MED-3041,Higiene Personal,Roche,Cartagena,Alta (Invierno),Proveedor Programado,31221.41,20286.46,10934.95,207,12,224,27.63,8.57,803,0,6,559,1,0,0,Pediatría,0.75,Pediatría
2043,MED-3042,Analgésicos,La Santé,Cartagena,Promoción,Proveedor Programado,73434.34,58198.37,15235.97,346,75,316,31.45,3.18,938,1,6,274,1,0,1,Gastrointestinales,0.25,Analgésicos
2044,MED-3043,Antigripales,MK,Bogotá,Alta (Epidemia),Proveedor Programado,54956.75,43670.58,11286.17,355,66,219,12.85,8.63,334,1,8,790,1,1,1,Pediatría,0.5,Antigripales
2045,MED-3044,Pediatría,Genfar,Barranquilla,Alta (Epidemia),Manual,56261.16,45164.75,11096.41,305,67,117,31.19,1.6,901,0,5,45,1,1,0,Antigripales,0.25,Pediatría
2046,MED-3045,Antigripales,La Santé,Bogotá,Alta (Epidemia),Automático (ML),32167.92,24711.4,7456.52,484,79,360,24.12,6.08,706,0,2,105,1,0,1,Dermatológicos,0.25,Antigripales
2047,MED-3046,Diabetes,Genfar,Barranquilla,Normal,Proveedor Programado,19821.11,15857.22,3963.89,79,63,326,3.14,1.26,89,2,10,321,0,0,0,Pediatría,0.5,Diabetes
2048,MED-3047,Antigripales,Sanofi,Bogotá,Alta (Invierno),Automático (ML),29077.74,22582.18,6495.56,397,27,114,13.15,6.09,378,3,7,608,1,0,0,Pediatría,0.75,Pediatría
2049,MED-3048,Higiene Personal,Abbott,Medellín,Alta (Invierno),Proveedor Programado,47513.09,36228.07,11285.02,39,54,276,38.8,7.89,1113,1,1,887,0,0,1,Dermatológicos,0.5,Higiene Personal
2050,MED-3049,Antibióticos,Bayer,Cali,Normal,Proveedor Programado,33669.87,22972.24,10697.63,34,64,241,8.54,9.06,239,2,12,61,1,0,1,Pediatría,0.75,Pediatría
2051,MED-3050,Pediatría,Abbott,Medellín,Normal,Automático (ML),76291.48,52130.21,24161.27,254,32,269,34.24,4.43,1050,1,9,135,0,0,0,Gastrointestinales,0.25,Pediatría
2052,MED-3051,Dermatológicos,Roche,Cartagena,Alta (Invierno),Manual,51132.28,42974.02,8158.26,215,23,109,1.9,5.24,80,1,10,467,1,1,0,Dermatológicos,0.5,Dermatológicos
2053,MED-3052,Analgésicos,Abbott,Medellín,Promoción,Automático (ML),74757.94,53432.95,21324.99,328,30,89,19.42,4.37,598,5,6,759,0,0,0,Pediatría,0.5,Analgésicos
2054,MED-3053,Pediatría,Tecnoquímicas,Bogotá,Promoción,Proveedor Programado,28009.18,22731.39,5277.79,455,12,110,25.21,4.75,729,0,11,443,1,1,1,Pediatría,0.5,Pediatría
2055,MED-3054,Higiene Personal,MK,Bogotá,Normal,Proveedor Programado,62855.32,44812.22,18043.1,315,54,240,36.67,5.64,1079,2,8,133,0,1,0,Gastrointestinales,0.5,Higiene Personal
2056,MED-3055,Vitaminas,MK,Medellín,Normal,Proveedor Programado,10278.71,7382.48,2896.23,204,52,266,18.3,6.18,527,2,13,718,0,0,0,Pediatría,1.0,Pediatría
2057,MED-3056,Antigripales,MK,Cali,Promoción,Manual,63790.67,42985.71,20804.96,376,26,386,10.62,7.52,286,1,4,230,1,0,0,Pediatría,0.5,Antigripales
2058,MED-3057,Analgésicos,Pfizer,Medellín,Alta (Epidemia),Proveedor Programado,59643.06,36425.31,23217.75,180,77,456,7.33,2.45,191,0,1,431,1,1,0,Pediatría,0.75,Pediatría
2059,MED-3058,Antibióticos,MK,Barranquilla,Promoción,Manual,64707.87,47557.4,17150.47,394,49,216,8.6,4.43,279,0,6,770,0,1,0,Pediatría,0.5,Antibióticos
2060,MED-3059,Higiene Personal,MK,Barranquilla,Normal,Manual,11444.15,8342.61,3101.54,438,33,105,25.53,4.78,754,1,6,82,0,0,0,Pediatría,0.5,Higiene Personal
2061,MED-3060,Vitaminas,Sanofi,Bogotá,Promoción,Manual,11326.16,8344.29,2981.87,22,36,173,15.08,6.85,459,1,5,590,0,1,1,Pediatría,0.75,Pediatría
2062,MED-3061,Diabetes,MK,Cartagena,Alta (Invierno),Automático (ML),35003.3,24015.9,10987.4,200,10,184,29.27,9.94,899,5,9,303,1,0,1,Pediatría,1.0,Pediatría
2063,MED-3062,Dermatológicos,La Santé,Cali,Alta (Invierno),Proveedor Programado,9079.52,7097.32,1982.2,118,62,183,28.62,2.79,842,1,8,810,0,0,1,Dermatológicos,0.5,Dermatológicos
2064,MED-3063,Dermatológicos,Sanofi,Cartagena,Promoción,Manual,3692.56,2800.21,892.35,466,42,348,38.8,2.74,1179,3,9,611,0,0,0,Pediatría,0.5,Dermatológicos
2065,MED-3064,Antigripales,Novartis,Bogotá,Promoción,Automático (ML),34349.55,23506.41,10843.14,387,51,234,24.49,9.77,767,2,14,258,0,0,0,Dermatológicos,0.5,Antigripales
2066,MED-3065,Higiene Personal,Genfar,Medellín,Alta (Invierno),Manual,26260.07,17858.36,8401.71,395,73,457,11.59,8.36,337,1,13,535,0,0,0,Pediatría,0.5,Higiene Personal
2067,MED-3066,Gastrointestinales,Novartis,Cartagena,Normal,Automático (ML),69775.25,49166.27,20608.98,70,36,401,13.35,7.24,366,1,13,309,1,1,0,Pediatría,0.5,Gastrointestinales
2068,MED-3067,Vitaminas,Bayer,Barranquilla,Promoción,Manual,52073.15,36026.64,16046.51,40,49,109,34.16,3.43,1007,0,11,879,0,0,0,Antigripales,0.25,Vitaminas
2069,MED-3068,Higiene Personal,MK,Cartagena,Promoción,Manual,77022.0,50925.87,26096.13,264,10,258,12.47,5.01,368,2,10,666,1,0,1,Dermatológicos,0.25,Higiene Personal
2070,MED-3069,Diabetes,MK,Cali,Alta (Epidemia),Manual,9940.7,6477.46,3463.24,167,17,164,32.77,6.42,979,2,14,690,0,0,0,Pediatría,0.5,Diabetes
2071,MED-3070,Analgésicos,Bayer,Bogotá,Alta (Epidemia),Manual,48947.62,38142.87,10804.75,251,13,307,33.79,4.66,1037,1,8,541,0,0,0,Gastrointestinales,0.5,Analgésicos
2072,MED-3071,Diabetes,Pfizer,Barranquilla,Alta (Epidemia),Manual,32497.69,27253.17,5244.52,95,23,299,3.28,4.31,101,1,13,191,0,0,1,Pediatría,0.5,Diabetes
2073,MED-3072,Gastrointestinales,Sanofi,Bogotá,Alta (Epidemia),Automático (ML),60884.12,49337.07,11547.05,435,22,412,33.99,8.71,1022,0,1,211,1,0,0,Pediatría,0.5,Gastrointestinales
2074,MED-3073,Higiene Personal,MK,Cartagena,Promoción,Automático (ML),24658.44,17976.04,6682.4,355,47,336,35.39,6.78,1029,2,12,671,1,0,0,Dermatológicos,0.25,Higiene Personal
2075,MED-3074,Vitaminas,Tecnoquímicas,Cartagena,Normal,Automático (ML),25295.3,18701.65,6593.65,160,36,258,10.83,7.96,333,0,9,429,1,1,0,Pediatría,0.75,Pediatría
2076,MED-3075,Higiene Personal,Sanofi,Barranquilla,Normal,Manual,31126.02,20564.8,10561.22,392,49,241,1.25,1.85,11,1,4,687,0,0,1,Pediatría,0.75,Pediatría
2077,MED-3076,Antigripales,Sanofi,Cali,Alta (Epidemia),Manual,34594.3,21406.78,13187.52,92,13,147,14.43,7.98,414,0,8,280,1,1,0,Pediatría,0.75,Pediatría
2078,MED-3077,Cardiovasculares,Sanofi,Cartagena,Normal,Manual,66786.66,47630.31,19156.35,478,60,174,35.84,0.96,1081,1,8,503,1,0,1,Gastrointestinales,0.5,Cardiovasculares
2079,MED-3078,Higiene Personal,Genfar,Cali,Alta (Epidemia),Proveedor Programado,30598.78,25286.44,5312.34,414,25,154,5.79,5.42,196,0,11,294,0,1,1,Pediatría,0.5,Higiene Personal
2080,MED-3079,Vitaminas,Roche,Barranquilla,Normal,Proveedor Programado,14175.76,10441.42,3734.34,303,49,189,6.54,6.9,166,2,14,675,0,1,0,Pediatría,0.75,Pediatría
2081,MED-3080,Cardiovasculares,Genfar,Medellín,Promoción,Proveedor Programado,58875.47,42761.12,16114.35,247,47,241,24.69,6.35,737,1,11,249,1,1,0,Gastrointestinales,0.5,Cardiovasculares
2082,MED-3081,Pediatría,Novartis,Medellín,Alta (Invierno),Manual,30627.9,21531.79,9096.11,245,21,366,31.65,6.59,959,1,12,507,0,1,0,Pediatría,0.5,Pediatría
2083,MED-3082,Antibióticos,Sanofi,Cali,Normal,Proveedor Programado,23468.18,14629.57,8838.61,407,71,391,27.12,2.92,846,3,7,320,0,1,1,Pediatría,0.75,Pediatría
2084,MED-3083,Vitaminas,Novartis,Barranquilla,Promoción,Manual,12417.43,8123.59,4293.84,434,32,368,38.11,1.22,1121,4,12,38,0,1,0,Pediatría,0.75,Pediatría
2085,MED-3084,Higiene Personal,Pfizer,Barranquilla,Alta (Epidemia),Manual,16816.32,10949.88,5866.44,270,17,293,4.58,3.55,125,0,7,66,0,0,0,Pediatría,0.5,Higiene Personal
2086,MED-3085,Cardiovasculares,Roche,Cali,Alta (Invierno),Proveedor Programado,77765.97,57342.19,20423.78,310,37,379,16.41,9.04,484,1,2,708,1,1,1,Pediatría,0.75,Pediatría
2087,MED-3086,Vitaminas,Bayer,Medellín,Promoción,Proveedor Programado,71731.38,58618.12,13113.26,268,50,276,16.73,9.77,496,2,13,215,0,1,1,Gastrointestinales,0.5,Vitaminas
2088,MED-3087,Antigripales,Pfizer,Cali,Alta (Epidemia),Manual,68563.27,49834.59,18728.68,299,14,357,32.23,7.3,996,3,13,723,1,0,1,Pediatría,0.5,Antigripales
2089,MED-3088,Dermatológicos,Sanofi,Medellín,Alta (Epidemia),Automático (ML),51256.87,40650.23,10606.64,497,20,98,31.36,8.4,975,1,11,804,1,0,0,Dermatológicos,0.5,Dermatológicos
2090,MED-3089,Cardiovasculares,Genfar,Cali,Alta (Epidemia),Proveedor Programado,42976.33,30376.86,12599.47,84,56,186,1.81,1.13,43,1,2,103,0,1,0,Pediatría,0.5,Cardiovasculares
2091,MED-3090,Analgésicos,Pfizer,Barranquilla,Promoción,Automático (ML),23917.15,15737.52,8179.63,96,58,117,14.75,7.42,446,2,9,705,1,1,1,Pediatría,0.5,Analgésicos
2092,MED-3091,Higiene Personal,Roche,Cartagena,Normal,Manual,58914.81,46113.52,12801.29,113,26,195,20.16,6.95,591,1,2,360,0,1,0,Antigripales,0.25,Higiene Personal
2093,MED-3092,Higiene Personal,Novartis,Cartagena,Alta (Invierno),Automático (ML),27565.1,19982.58,7582.52,13,65,359,32.13,1.76,975,0,5,160,1,0,1,Dermatológicos,0.5,Higiene Personal
2094,MED-3093,Pediatría,Bayer,Cali,Normal,Automático (ML),17468.11,12949.7,4518.41,132,33,273,2.64,1.82,74,1,12,574,0,1,0,Pediatría,0.5,Pediatría
2095,MED-3094,Antigripales,Genfar,Medellín,Alta (Epidemia),Manual,41388.94,28662.48,12726.46,398,61,336,34.86,5.93,1062,0,9,133,1,1,0,Gastrointestinales,0.25,Antigripales
2096,MED-3095,Cardiovasculares,Genfar,Medellín,Normal,Manual,18135.61,15318.59,2817.02,382,62,152,38.74,1.42,1155,1,7,237,0,1,1,Pediatría,0.5,Cardiovasculares
2097,MED-3096,Antibióticos,Novartis,Bogotá,Alta (Invierno),Manual,70723.16,46888.4,23834.76,317,62,412,7.07,1.92,210,2,9,135,0,0,1,Pediatría,0.75,Pediatría
2098,MED-3097,Antigripales,MK,Barranquilla,Alta (Epidemia),Manual,46170.24,36284.04,9886.2,302,23,139,20.93,1.05,605,3,6,551,0,1,0,Pediatría,0.75,Pediatría
2099,MED-3098,Antibióticos,Pfizer,Cartagena,Promoción,Automático (ML),13856.49,10432.8,3423.69,352,26,407,13.96,9.68,422,0,7,363,1,0,1,Pediatría,0.75,Pediatría
2100,MED-3099,Higiene Personal,Sanofi,Cartagena,Normal,Manual,38983.05,32634.16,6348.89,354,35,331,5.36,8.01,178,0,5,101,0,0,0,Pediatría,0.5,Higiene Personal
2101,MED-3100,Analgésicos,Roche,Bogotá,Alta (Epidemia),Automático (ML),62263.68,45893.9,16369.78,313,39,136,1.43,3.64,26,1,4,319,0,0,0,Cardiovasculares,0.5,Analgésicos
2102,MED-3101,Antigripales,Sanofi,Cali,Promoción,Proveedor Programado,39655.94,30208.53,9447.41,64,44,257,28.71,2.5,897,4,8,298,1,1,1,Pediatría,1.0,Pediatría
2103,MED-3102,Pediatría,Pfizer,Barranquilla,Normal,Proveedor Programado,50808.51,35694.88,15113.63,36,68,138,7.59,7.58,254,0,11,825,0,1,1,Pediatría,0.5,Pediatría
2104,MED-3103,Pediatría,La Santé,Medellín,Normal,Manual,10663.23,8575.75,2087.48,152,60,300,5.28,5.4,163,2,10,818,1,0,0,Pediatría,0.75,Pediatría
2105,MED-3104,Higiene Personal,Roche,Cali,Normal,Proveedor Programado,58988.99,46820.44,12168.55,154,32,301,10.09,3.5,320,1,7,537,1,0,0,Dermatológicos,0.25,Higiene Personal
2106,MED-3105,Cardiovasculares,Novartis,Barranquilla,Alta (Epidemia),Manual,10346.06,8514.39,1831.67,375,22,107,8.95,1.89,228,2,12,342,0,1,0,Pediatría,0.75,Pediatría
2107,MED-3106,Vitaminas,MK,Medellín,Alta (Invierno),Manual,68294.88,50844.02,17450.86,24,46,114,16.22,4.87,439,3,14,547,0,1,1,Dermatológicos,0.25,Vitaminas
2108,MED-3107,Gastrointestinales,La Santé,Barranquilla,Normal,Manual,33279.44,26770.07,6509.37,279,30,395,39.7,6.64,1184,6,3,807,1,0,1,Pediatría,1.0,Pediatría
2109,MED-3108,Vitaminas,Novartis,Cartagena,Promoción,Proveedor Programado,34710.06,27678.74,7031.32,102,13,361,17.12,5.17,527,3,8,831,0,1,0,Pediatría,0.75,Pediatría
2110,MED-3109,Gastrointestinales,Genfar,Barranquilla,Promoción,Automático (ML),54060.91,43212.43,10848.48,362,22,322,26.65,9.74,739,0,14,621,1,0,0,Gastrointestinales,0.5,Gastrointestinales
2111,MED-3110,Antibióticos,MK,Barranquilla,Normal,Manual,15900.08,12805.33,3094.75,258,13,197,38.38,5.15,1124,2,11,103,0,0,0,Pediatría,0.75,Pediatría
2112,MED-3111,Gastrointestinales,Sanofi,Barranquilla,Normal,Manual,27507.96,21335.71,6172.25,221,49,160,39.87,8.75,1192,1,10,116,1,0,1,Pediatría,0.75,Pediatría
2113,MED-3112,Antibióticos,La Santé,Medellín,Normal,Manual,65958.0,47412.98,18545.02,48,25,147,37.11,7.85,1096,3,1,629,0,1,1,Pediatría,0.5,Antibióticos
2114,MED-3113,Gastrointestinales,Bayer,Barranquilla,Alta (Invierno),Automático (ML),23200.29,16581.91,6618.38,210,68,273,9.81,3.82,289,3,3,603,0,1,1,Pediatría,0.5,Gastrointestinales
2115,MED-3114,Cardiovasculares,Novartis,Medellín,Alta (Invierno),Proveedor Programado,44642.98,37072.69,7570.29,279,50,147,6.17,5.56,182,2,9,398,1,1,0,Pediatría,0.5,Cardiovasculares
2116,MED-3115,Antibióticos,Genfar,Cali,Normal,Proveedor Programado,72070.82,60796.33,11274.49,452,31,273,18.36,7.96,572,3,7,135,1,0,1,Dermatológicos,0.25,Antibióticos
2117,MED-3116,Dermatológicos,Genfar,Barranquilla,Alta (Invierno),Automático (ML),24470.42,17376.96,7093.46,99,69,455,26.03,7.71,778,1,4,413,0,0,0,Cardiovasculares,0.5,Dermatológicos
2118,MED-3117,Gastrointestinales,Roche,Bogotá,Normal,Manual,58006.12,42547.62,15458.5,425,21,287,31.57,9.34,962,1,8,57,1,1,0,Gastrointestinales,0.5,Gastrointestinales
2119,MED-3118,Pediatría,Bayer,Cartagena,Alta (Epidemia),Proveedor Programado,18781.74,15843.82,2937.92,4,55,206,2.73,4.01,70,2,1,764,0,1,1,Pediatría,0.75,Pediatría
2120,MED-3119,Pediatría,MK,Bogotá,Promoción,Automático (ML),48228.99,39793.02,8435.97,482,13,177,37.16,1.38,1105,2,5,257,0,1,1,Pediatría,0.75,Pediatría
2121,MED-3120,Pediatría,Roche,Barranquilla,Alta (Epidemia),Proveedor Programado,28136.71,21390.89,6745.82,49,24,125,10.05,9.21,286,1,9,473,1,0,1,Pediatría,0.75,Pediatría
2122,MED-3121,Vitaminas,Novartis,Cali,Promoción,Proveedor Programado,52252.14,42712.03,9540.11,71,63,416,15.94,6.22,462,4,3,601,0,0,1,Cardiovasculares,0.5,Vitaminas
2123,MED-3122,Pediatría,Pfizer,Cali,Normal,Proveedor Programado,31629.59,20281.07,11348.52,274,35,205,10.01,4.33,315,2,7,743,1,0,0,Pediatría,0.5,Pediatría
2124,MED-3123,Antigripales,Pfizer,Medellín,Alta (Invierno),Automático (ML),33051.47,25448.68,7602.79,443,46,412,37.58,3.2,1123,2,12,151,0,1,1,Pediatría,0.5,Antigripales
2125,MED-3124,Pediatría,Novartis,Bogotá,Promoción,Proveedor Programado,24582.33,20189.26,4393.07,448,66,443,4.74,9.94,182,0,9,229,0,1,0,Pediatría,0.5,Pediatría
2126,MED-3125,Cardiovasculares,Pfizer,Barranquilla,Promoción,Manual,41138.23,34256.14,6882.09,480,56,454,22.51,4.44,653,1,10,283,1,0,0,Dermatológicos,0.25,Cardiovasculares
2127,MED-3126,Dermatológicos,Novartis,Medellín,Alta (Invierno),Automático (ML),64693.92,47644.1,17049.82,144,46,439,9.08,3.81,251,1,10,198,1,0,0,Pediatría,0.5,Dermatológicos
2128,MED-3127,Higiene Personal,Bayer,Cali,Normal,Automático (ML),41150.43,34492.54,6657.89,66,13,411,1.8,2.53,34,0,8,240,1,0,0,Pediatría,0.5,Higiene Personal
2129,MED-3128,Pediatría,Roche,Barranquilla,Alta (Epidemia),Manual,27741.29,19935.71,7805.58,231,10,78,18.98,4.88,580,1,1,644,0,1,1,Pediatría,0.5,Pediatría
2130,MED-3129,Higiene Personal,MK,Barranquilla,Alta (Epidemia),Manual,29910.19,23029.28,6880.91,267,18,293,25.78,4.41,786,4,12,474,1,1,1,Pediatría,0.75,Pediatría
2131,MED-3130,Cardiovasculares,Pfizer,Medellín,Normal,Proveedor Programado,11164.96,9026.84,2138.12,420,50,304,22.99,8.71,717,0,5,136,1,1,0,Dermatológicos,0.5,Cardiovasculares
2132,MED-3131,Vitaminas,Genfar,Cartagena,Alta (Epidemia),Proveedor Programado,52218.61,43778.14,8440.47,498,11,393,32.87,7.12,994,2,3,608,1,0,1,Pediatría,0.5,Vitaminas
2133,MED-3132,Antigripales,Tecnoquímicas,Barranquilla,Alta (Invierno),Manual,32059.12,25583.85,6475.27,32,40,125,35.75,4.64,1059,3,9,206,1,1,0,Pediatría,1.0,Pediatría
2134,MED-3133,Analgésicos,MK,Barranquilla,Alta (Invierno),Manual,76539.96,51063.18,25476.78,225,24,139,10.08,5.4,309,1,12,466,0,1,1,Dermatológicos,0.25,Analgésicos
2135,MED-3134,Cardiovasculares,Pfizer,Bogotá,Normal,Automático (ML),51483.84,38261.64,13222.2,281,22,196,8.17,7.64,246,1,3,810,0,0,0,Cardiovasculares,0.5,Cardiovasculares
2136,MED-3135,Antigripales,Roche,Cali,Normal,Manual,59503.27,43108.58,16394.69,419,78,164,33.64,1.08,1045,0,3,829,0,1,0,Antigripales,0.25,Antigripales
2137,MED-3136,Pediatría,Tecnoquímicas,Bogotá,Alta (Epidemia),Proveedor Programado,42403.84,31381.06,11022.78,216,29,136,12.74,9.44,385,2,13,783,0,1,0,Pediatría,0.75,Pediatría
2138,MED-3137,Diabetes,Sanofi,Medellín,Alta (Invierno),Proveedor Programado,77558.6,61724.07,15834.53,41,14,115,26.13,2.22,783,0,3,728,1,1,0,Antigripales,0.25,Diabetes
2139,MED-3138,Analgésicos,La Santé,Medellín,Alta (Epidemia),Automático (ML),30270.99,19041.6,11229.39,191,77,347,33.06,1.26,967,1,7,725,0,1,1,Dermatológicos,0.5,Analgésicos
2140,MED-3139,Diabetes,Roche,Cali,Promoción,Manual,12826.12,10151.49,2674.63,308,77,174,17.0,5.04,556,3,3,60,0,1,0,Cardiovasculares,0.5,Diabetes
2141,MED-3140,Cardiovasculares,Sanofi,Medellín,Alta (Invierno),Automático (ML),43876.2,36870.95,7005.25,454,77,153,13.66,2.58,410,2,5,421,0,0,1,Cardiovasculares,0.75,Cardiovasculares
2142,MED-3141,Diabetes,Sanofi,Bogotá,Alta (Invierno),Proveedor Programado,46988.07,38932.69,8055.38,182,35,274,30.05,9.51,938,0,14,111,0,1,0,Pediatría,0.5,Diabetes
2143,MED-3142,Cardiovasculares,Novartis,Cartagena,Alta (Epidemia),Manual,20886.98,13691.9,7195.08,461,39,119,28.05,5.79,873,0,6,344,0,0,0,Pediatría,0.5,Cardiovasculares
2144,MED-3143,Diabetes,Genfar,Bogotá,Alta (Invierno),Automático (ML),45603.05,36760.81,8842.24,112,75,143,10.13,9.76,314,0,3,220,1,0,0,Pediatría,0.5,Diabetes
2145,MED-3144,Gastrointestinales,Sanofi,Bogotá,Promoción,Proveedor Programado,44058.02,28249.74,15808.28,186,48,164,9.08,3.93,269,1,5,331,0,1,0,Dermatológicos,0.5,Gastrointestinales
2146,MED-3145,Antigripales,MK,Bogotá,Normal,Proveedor Programado,65264.56,41584.68,23679.88,441,44,235,9.64,4.21,273,2,12,252,0,0,1,Dermatológicos,0.25,Antigripales
2147,MED-3146,Antibióticos,Genfar,Barranquilla,Alta (Invierno),Proveedor Programado,75878.41,52030.68,23847.73,460,11,80,32.42,4.1,978,0,5,284,1,0,1,Gastrointestinales,0.5,Antibióticos
2148,MED-3147,Diabetes,Novartis,Cartagena,Alta (Epidemia),Automático (ML),66707.41,52940.35,13767.06,227,44,161,13.44,4.05,411,0,10,72,0,0,0,Diabetes,0.5,Diabetes
2149,MED-3148,Diabetes,Pfizer,Cartagena,Alta (Epidemia),Automático (ML),25657.28,19158.8,6498.48,51,28,112,14.61,4.35,422,2,14,795,1,0,0,Pediatría,0.5,Diabetes
2150,MED-3149,Pediatría,La Santé,Bogotá,Alta (Invierno),Automático (ML),8291.92,5802.69,2489.23,351,59,190,37.95,8.33,1150,0,10,820,1,0,0,Dermatológicos,0.5,Pediatría
2151,MED-3150,Cardiovasculares,Tecnoquímicas,Cali,Normal,Manual,19440.92,11746.53,7694.39,210,10,134,23.12,8.04,716,1,7,478,1,0,1,Pediatría,0.75,Pediatría
2152,MED-3151,Antibióticos,Sanofi,Barranquilla,Normal,Manual,56802.06,35045.23,21756.83,468,53,125,29.31,6.99,886,2,7,446,1,1,0,Pediatría,0.5,Antibióticos
2153,MED-3152,Vitaminas,Pfizer,Bogotá,Alta (Invierno),Proveedor Programado,69918.84,44788.4,25130.44,350,78,241,12.99,4.06,444,1,5,416,0,1,0,Pediatría,0.5,Vitaminas
2154,MED-3153,Antibióticos,Genfar,Cali,Promoción,Manual,79167.29,65315.09,13852.2,176,13,250,26.62,5.99,779,1,13,372,1,1,1,Gastrointestinales,0.75,Gastrointestinales
2155,MED-3154,Antigripales,Sanofi,Medellín,Alta (Invierno),Manual,39545.09,25706.96,13838.13,187,24,407,21.51,5.43,620,0,11,270,0,1,1,Gastrointestinales,0.25,Antigripales
2156,MED-3155,Analgésicos,La Santé,Medellín,Promoción,Proveedor Programado,44943.82,33182.75,11761.07,384,22,109,1.82,4.26,38,1,2,671,0,1,1,Pediatría,0.5,Analgésicos
2157,MED-3156,Cardiovasculares,Pfizer,Barranquilla,Promoción,Proveedor Programado,21738.3,13585.18,8153.12,58,35,187,15.83,8.62,509,1,6,740,0,1,1,Pediatría,0.75,Pediatría
2158,MED-3157,Antigripales,Sanofi,Cartagena,Alta (Invierno),Manual,28125.83,17379.32,10746.51,335,44,281,36.02,6.52,1093,5,3,523,1,0,1,Pediatría,1.0,Pediatría
2159,MED-3158,Higiene Personal,MK,Bogotá,Alta (Invierno),Manual,26725.73,19423.1,7302.63,451,56,403,8.26,6.73,220,1,9,83,0,1,1,Pediatría,0.5,Higiene Personal
2160,MED-3159,Vitaminas,Pfizer,Barranquilla,Alta (Epidemia),Manual,70398.5,50827.03,19571.47,468,45,408,21.13,3.27,646,4,13,591,1,1,0,Pediatría,0.75,Pediatría
2161,MED-3160,Dermatológicos,Sanofi,Cartagena,Alta (Invierno),Proveedor Programado,8033.52,5710.85,2322.67,343,76,161,36.45,8.96,1082,3,8,86,0,0,0,Dermatológicos,0.5,Dermatológicos
2162,MED-3161,Pediatría,MK,Cali,Promoción,Automático (ML),31597.36,25748.26,5849.1,213,23,155,5.32,8.23,158,1,6,870,0,1,0,Pediatría,0.75,Pediatría
2163,MED-3162,Cardiovasculares,Roche,Cartagena,Alta (Epidemia),Proveedor Programado,61552.09,47012.01,14540.08,491,11,120,36.82,9.81,1085,1,7,804,0,0,0,Dermatológicos,0.5,Cardiovasculares
2164,MED-3163,Analgésicos,La Santé,Bogotá,Alta (Invierno),Proveedor Programado,38117.22,30668.97,7448.25,131,43,179,27.82,3.53,877,1,4,854,1,1,1,Antigripales,0.25,Analgésicos
2165,MED-3164,Vitaminas,Tecnoquímicas,Cartagena,Alta (Epidemia),Proveedor Programado,20591.42,13403.65,7187.77,48,39,170,29.1,7.14,844,2,3,633,0,0,1,Pediatría,0.75,Pediatría
2166,MED-3165,Gastrointestinales,Abbott,Cartagena,Promoción,Manual,12799.44,8711.05,4088.39,372,77,280,11.05,2.04,325,2,9,480,1,0,1,Pediatría,0.75,Pediatría
2167,MED-3166,Vitaminas,Genfar,Cartagena,Promoción,Automático (ML),30449.05,25866.14,4582.91,34,68,155,16.05,2.35,448,0,10,129,1,1,0,Pediatría,0.5,Vitaminas
2168,MED-3167,Higiene Personal,MK,Bogotá,Promoción,Automático (ML),26965.39,19608.45,7356.94,339,43,279,12.52,8.56,366,2,3,805,1,0,0,Pediatría,0.5,Higiene Personal
2169,MED-3168,Diabetes,Abbott,Cartagena,Promoción,Automático (ML),48734.79,39884.94,8849.85,422,29,287,1.3,1.24,24,1,10,535,0,1,1,Cardiovasculares,0.5,Diabetes
2170,MED-3169,Vitaminas,MK,Cali,Alta (Invierno),Automático (ML),16503.32,10969.88,5533.44,331,50,302,39.38,8.85,1180,1,13,106,0,1,0,Dermatológicos,0.25,Vitaminas
2171,MED-3170,Cardiovasculares,MK,Medellín,Alta (Epidemia),Manual,28906.46,17345.33,11561.13,77,73,247,6.03,4.09,178,1,9,322,1,0,1,Pediatría,0.5,Cardiovasculares
2172,MED-3171,Cardiovasculares,Sanofi,Cartagena,Alta (Epidemia),Proveedor Programado,50839.87,31095.44,19744.43,102,74,289,22.81,3.15,689,1,12,467,1,0,0,Pediatría,0.5,Cardiovasculares
2173,MED-3172,Antibióticos,MK,Cali,Alta (Invierno),Proveedor Programado,72184.06,48789.44,23394.62,51,60,387,11.06,3.83,355,0,6,609,1,1,1,Pediatría,0.5,Antibióticos
2174,MED-3173,Dermatológicos,MK,Cartagena,Promoción,Automático (ML),6709.05,5336.51,1372.54,42,78,199,25.75,4.59,764,0,13,412,1,0,0,Pediatría,0.5,Dermatológicos
2175,MED-3174,Gastrointestinales,Roche,Cali,Alta (Invierno),Proveedor Programado,74546.16,49847.7,24698.46,109,32,212,5.46,3.1,191,3,10,849,0,0,1,Dermatológicos,0.5,Gastrointestinales
2176,MED-3175,Cardiovasculares,Genfar,Medellín,Normal,Automático (ML),20345.46,13030.19,7315.27,446,62,364,17.69,8.94,540,3,2,151,1,0,1,Cardiovasculares,0.5,Cardiovasculares
2177,MED-3176,Antibióticos,La Santé,Medellín,Alta (Epidemia),Proveedor Programado,20620.16,13175.72,7444.44,226,36,199,32.24,3.86,967,0,9,155,1,0,1,Pediatría,0.75,Pediatría
2178,MED-3177,Cardiovasculares,MK,Cartagena,Alta (Invierno),Automático (ML),71925.63,57354.15,14571.48,135,76,174,29.3,4.69,871,3,9,246,0,0,1,Pediatría,0.5,Cardiovasculares
2179,MED-3178,Higiene Personal,Roche,Cali,Normal,Manual,68997.93,56281.26,12716.67,458,57,173,25.94,4.74,780,3,9,421,0,1,1,Pediatría,0.5,Higiene Personal
2180,MED-3179,Gastrointestinales,Bayer,Barranquilla,Alta (Epidemia),Automático (ML),36059.39,22459.25,13600.14,214,78,154,26.95,5.55,803,2,6,472,1,0,1,Dermatológicos,0.5,Gastrointestinales
2181,MED-3180,Diabetes,Tecnoquímicas,Cali,Alta (Invierno),Manual,78586.96,61629.89,16957.07,67,25,150,38.22,6.38,1164,0,8,621,0,1,0,Gastrointestinales,0.5,Diabetes
2182,MED-3181,Higiene Personal,Roche,Bogotá,Normal,Automático (ML),30404.81,19003.6,11401.21,486,40,232,24.65,2.11,769,3,10,79,1,0,0,Pediatría,0.75,Pediatría
2183,MED-3182,Antigripales,Novartis,Cali,Alta (Invierno),Automático (ML),69306.18,50054.54,19251.64,90,39,94,35.6,4.42,1053,0,4,428,0,0,1,Antigripales,0.25,Antigripales
2184,MED-3183,Antigripales,Sanofi,Cali,Normal,Automático (ML),19903.17,16005.52,3897.65,62,78,261,11.79,9.47,353,2,14,294,1,1,0,Pediatría,0.5,Antigripales
2185,MED-3184,Gastrointestinales,La Santé,Medellín,Normal,Manual,74977.49,52682.61,22294.88,405,27,134,14.99,7.31,447,4,8,704,0,1,0,Pediatría,0.5,Gastrointestinales
2186,MED-3185,Cardiovasculares,Abbott,Cartagena,Normal,Manual,76167.29,47736.63,28430.66,225,52,389,36.7,9.07,1109,3,12,234,1,1,1,Gastrointestinales,0.5,Cardiovasculares
2187,MED-3186,Analgésicos,Bayer,Cartagena,Alta (Epidemia),Manual,17630.72,13734.82,3895.9,161,61,213,1.95,2.06,84,2,6,701,0,1,0,Pediatría,0.5,Analgésicos
2188,MED-3187,Analgésicos,La Santé,Medellín,Promoción,Automático (ML),3349.4,2763.0,586.4,499,23,114,17.15,3.67,521,1,1,138,0,1,0,Pediatría,0.5,Analgésicos
2189,MED-3188,Pediatría,MK,Barranquilla,Normal,Automático (ML),64409.31,41255.92,23153.39,243,23,288,3.33,6.54,89,1,13,409,1,0,0,Dermatológicos,0.25,Pediatría
2190,MED-3189,Higiene Personal,Novartis,Cartagena,Alta (Epidemia),Automático (ML),46076.87,28945.4,17131.47,111,71,226,9.37,1.39,333,2,1,545,0,0,1,Pediatría,0.5,Higiene Personal
2191,MED-3190,Higiene Personal,Sanofi,Barranquilla,Normal,Automático (ML),40708.38,28873.29,11835.09,89,65,134,11.29,8.38,344,2,7,656,1,1,1,Pediatría,0.5,Higiene Personal
2192,MED-3191,Dermatológicos,Tecnoquímicas,Medellín,Alta (Invierno),Automático (ML),34649.09,27630.33,7018.76,447,64,331,38.7,1.7,1147,1,4,887,1,1,1,Dermatológicos,0.5,Dermatológicos
2193,MED-3192,Higiene Personal,La Santé,Cartagena,Promoción,Automático (ML),76031.47,58922.25,17109.22,354,58,307,2.41,9.8,84,3,4,657,1,1,0,Pediatría,0.5,Higiene Personal
2194,MED-3193,Higiene Personal,MK,Cali,Normal,Manual,20842.82,13925.98,6916.84,41,14,111,34.87,7.85,1075,1,8,475,1,1,0,Pediatría,0.75,Pediatría
2195,MED-3194,Vitaminas,Bayer,Bogotá,Normal,Manual,61316.39,48950.38,12366.01,328,65,312,28.83,0.73,857,0,9,260,1,1,0,Gastrointestinales,0.25,Vitaminas
2196,MED-3195,Pediatría,Genfar,Bogotá,Alta (Invierno),Manual,57966.25,48252.36,9713.89,343,19,152,29.22,9.25,898,0,7,56,0,1,1,Gastrointestinales,0.5,Pediatría
2197,MED-3196,Antibióticos,Genfar,Bogotá,Alta (Epidemia),Automático (ML),36136.91,28781.36,7355.55,313,39,161,2.08,3.47,54,0,4,367,1,0,0,Pediatría,0.5,Antibióticos
2198,MED-3197,Cardiovasculares,Novartis,Medellín,Normal,Automático (ML),58575.14,48041.62,10533.52,101,47,339,1.22,1.81,18,2,6,884,1,1,1,Pediatría,0.5,Cardiovasculares
2199,MED-3198,Cardiovasculares,Roche,Cartagena,Promoción,Manual,13656.1,9416.07,4240.03,135,35,91,39.9,9.77,1181,3,9,638,1,0,1,Pediatría,0.75,Pediatría
2200,MED-3199,Diabetes,Abbott,Cali,Promoción,Manual,42118.1,31209.76,10908.34,466,64,224,37.53,8.15,1146,2,4,69,0,0,1,Dermatológicos,0.5,Diabetes
2201,MED-3200,Higiene Personal,MK,Cali,Alta (Epidemia),Manual,17591.11,14364.64,3226.47,122,10,150,3.95,9.14,131,0,8,416,0,0,0,Pediatría,0.75,Pediatría
2202,MED-3201,Higiene Personal,Pfizer,Medellín,Alta (Invierno),Manual,66909.51,44682.46,22227.05,357,20,269,5.9,1.82,182,2,5,407,0,0,0,Pediatría,0.5,Higiene Personal
2203,MED-3202,Analgésicos,Tecnoquímicas,Cartagena,Normal,Manual,10722.87,7232.42,3490.45,169,29,394,7.24,4.34,218,1,13,318,1,0,0,Pediatría,0.75,Pediatría
2204,MED-3203,Higiene Personal,Genfar,Barranquilla,Alta (Epidemia),Automático (ML),54889.48,42709.33,12180.15,233,16,351,10.77,7.1,316,1,8,735,0,0,1,Pediatría,0.5,Higiene Personal
2205,MED-3204,Gastrointestinales,Bayer,Cartagena,Alta (Invierno),Automático (ML),24220.4,17963.92,6256.48,344,45,268,7.83,9.09,251,1,10,339,1,0,1,Pediatría,0.75,Pediatría
2206,MED-3205,Vitaminas,MK,Cali,Promoción,Automático (ML),73489.76,48335.2,25154.56,114,29,256,34.52,9.42,1047,1,1,149,1,1,1,Dermatológicos,0.5,Vitaminas
2207,MED-3206,Higiene Personal,Tecnoquímicas,Barranquilla,Alta (Invierno),Automático (ML),77739.38,58254.16,19485.22,292,37,391,32.54,3.86,982,3,14,890,0,0,1,Pediatría,0.5,Higiene Personal
2208,MED-3207,Vitaminas,Roche,Bogotá,Promoción,Automático (ML),10437.22,8358.67,2078.55,487,73,429,26.45,3.4,789,1,8,197,0,0,1,Dermatológicos,0.25,Vitaminas
2209,MED-3208,Analgésicos,Novartis,Medellín,Promoción,Manual,40245.18,33771.81,6473.37,54,41,430,25.56,0.73,752,2,14,630,1,0,0,Dermatológicos,0.25,Analgésicos
2210,MED-3209,Diabetes,Genfar,Medellín,Promoción,Proveedor Programado,48978.85,39907.59,9071.26,45,37,110,10.74,4.64,341,0,1,32,0,0,0,Dermatológicos,0.5,Diabetes
2211,MED-3210,Gastrointestinales,MK,Medellín,Alta (Invierno),Proveedor Programado,39456.29,30875.67,8580.62,392,21,350,31.88,4.69,990,1,6,34,0,1,0,Pediatría,0.75,Pediatría
2212,MED-3211,Antibióticos,Sanofi,Cali,Normal,Proveedor Programado,62166.89,44079.12,18087.77,299,60,307,17.56,8.42,510,2,4,765,1,0,0,Pediatría,0.5,Antibióticos
2213,MED-3212,Antigripales,MK,Cali,Alta (Epidemia),Proveedor Programado,56953.85,46441.13,10512.72,382,72,222,39.21,9.84,1173,1,14,109,0,0,1,Gastrointestinales,0.25,Antigripales
2214,MED-3213,Higiene Personal,Tecnoquímicas,Cali,Promoción,Manual,50648.09,41778.38,8869.71,139,67,137,15.92,9.59,472,0,11,570,1,1,1,Pediatría,0.5,Higiene Personal
2215,MED-3214,Antigripales,MK,Barranquilla,Alta (Epidemia),Manual,32631.91,22567.47,10064.44,139,32,144,22.71,8.43,697,1,7,552,0,1,1,Pediatría,0.75,Pediatría
2216,MED-3215,Dermatológicos,Roche,Barranquilla,Normal,Manual,59470.56,43144.3,16326.26,94,57,314,5.99,5.91,184,3,13,890,1,1,0,Pediatría,0.5,Dermatológicos
2217,MED-3216,Vitaminas,Roche,Medellín,Promoción,Manual,38091.37,27760.87,10330.5,414,77,423,21.73,6.46,674,2,10,184,0,0,1,Pediatría,0.5,Vitaminas
2218,MED-3217,Antigripales,Roche,Barranquilla,Promoción,Proveedor Programado,50483.59,36641.39,13842.2,31,53,121,22.99,7.23,692,3,2,570,0,0,1,Pediatría,0.5,Antigripales
2219,MED-3218,Gastrointestinales,MK,Cartagena,Alta (Invierno),Manual,26800.99,16736.6,10064.39,34,39,341,33.62,8.79,998,1,11,302,0,0,0,Pediatría,0.5,Gastrointestinales
2220,MED-3219,Vitaminas,La Santé,Barranquilla,Normal,Proveedor Programado,67991.15,52976.53,15014.62,118,20,318,5.41,2.92,147,2,9,474,0,0,0,Dermatológicos,0.5,Vitaminas
2221,MED-3220,Analgésicos,Tecnoquímicas,Cartagena,Promoción,Proveedor Programado,59302.83,39594.25,19708.58,458,16,223,5.7,6.05,183,1,4,855,1,1,1,Pediatría,0.5,Analgésicos
2222,MED-3221,Antigripales,La Santé,Cartagena,Alta (Epidemia),Manual,41500.57,32136.23,9364.34,127,23,96,37.51,1.57,1127,4,5,776,0,1,0,Pediatría,0.75,Pediatría
2223,MED-3222,Analgésicos,Genfar,Bogotá,Alta (Epidemia),Automático (ML),78679.7,57680.0,20999.7,143,60,198,15.45,9.59,496,2,9,868,0,1,0,Pediatría,0.5,Analgésicos
2224,MED-3223,Pediatría,Roche,Cali,Normal,Automático (ML),74886.28,56108.54,18777.74,395,50,293,17.81,5.89,489,2,5,330,0,1,0,Dermatológicos,0.25,Pediatría
2225,MED-3224,Antigripales,Roche,Bogotá,Normal,Manual,76630.25,62851.3,13778.95,103,42,335,17.45,7.44,547,1,2,469,0,1,0,Cardiovasculares,0.5,Antigripales
2226,MED-3225,Antibióticos,Tecnoquímicas,Medellín,Promoción,Automático (ML),46048.22,30680.13,15368.09,272,10,161,1.39,8.76,52,1,5,437,0,0,0,Pediatría,0.5,Antibióticos
2227,MED-3226,Analgésicos,Roche,Barranquilla,Promoción,Manual,77599.38,65422.47,12176.91,421,62,254,2.61,6.99,66,1,4,136,0,1,0,Pediatría,0.5,Analgésicos
2228,MED-3227,Pediatría,Pfizer,Medellín,Promoción,Manual,67518.04,42432.89,25085.15,421,37,421,18.55,2.8,557,1,1,530,0,0,0,Pediatría,0.75,Pediatría
2229,MED-3228,Antigripales,MK,Bogotá,Promoción,Automático (ML),61251.63,47328.47,13923.16,93,46,420,26.03,9.66,762,0,7,611,1,0,0,Antigripales,0.25,Antigripales
2230,MED-3229,Antibióticos,Roche,Bogotá,Normal,Manual,58664.39,45578.15,13086.24,160,52,133,4.0,9.16,89,1,4,454,1,1,0,Cardiovasculares,0.5,Antibióticos
2231,MED-3230,Vitaminas,MK,Bogotá,Normal,Proveedor Programado,34849.09,27130.44,7718.65,240,73,134,27.77,3.85,805,4,3,885,0,1,0,Pediatría,0.5,Vitaminas
2232,MED-3231,Gastrointestinales,Novartis,Barranquilla,Alta (Invierno),Manual,67090.12,43192.18,23897.94,238,46,277,24.27,6.83,719,1,14,134,0,0,1,Gastrointestinales,0.5,Gastrointestinales
2233,MED-3232,Pediatría,Genfar,Barranquilla,Promoción,Automático (ML),37351.86,29642.55,7709.31,194,29,377,10.81,2.54,289,1,10,379,0,0,0,Pediatría,0.5,Pediatría
2234,MED-3233,Diabetes,Tecnoquímicas,Cartagena,Normal,Manual,14119.29,10716.13,3403.16,378,51,158,37.45,8.4,1117,3,14,140,1,0,0,Pediatría,0.75,Pediatría
2235,MED-3234,Antibióticos,Tecnoquímicas,Bogotá,Promoción,Proveedor Programado,30316.15,24965.39,5350.76,223,68,168,15.53,4.17,471,1,8,150,0,1,0,Pediatría,0.5,Antibióticos
2236,MED-3235,Pediatría,La Santé,Medellín,Alta (Invierno),Proveedor Programado,34438.59,23707.68,10730.91,472,16,316,36.89,0.88,1128,0,1,406,1,1,0,Pediatría,0.75,Pediatría
2237,MED-3236,Analgésicos,Roche,Medellín,Alta (Epidemia),Automático (ML),37272.44,26664.73,10607.71,127,14,154,1.95,5.64,73,0,1,165,1,0,0,Pediatría,0.5,Analgésicos
2238,MED-3237,Antigripales,Roche,Cartagena,Alta (Epidemia),Manual,53645.76,42464.62,11181.14,78,42,292,34.91,6.44,1067,1,9,533,1,0,0,Pediatría,0.5,Antigripales
2239,MED-3238,Antigripales,Abbott,Bogotá,Alta (Invierno),Automático (ML),63262.07,46686.88,16575.19,73,40,103,33.29,7.51,1003,2,14,567,0,1,1,Pediatría,0.5,Antigripales
2240,MED-3239,Higiene Personal,La Santé,Cartagena,Alta (Epidemia),Automático (ML),65137.26,41284.68,23852.58,229,32,161,12.44,5.91,360,0,11,439,1,0,0,Dermatológicos,0.25,Higiene Personal
2241,MED-3240,Analgésicos,Tecnoquímicas,Bogotá,Alta (Invierno),Manual,78914.59,61441.77,17472.82,340,20,186,1.09,3.14,9,0,3,160,0,1,0,Cardiovasculares,0.5,Analgésicos
2242,MED-3241,Cardiovasculares,Pfizer,Cali,Alta (Invierno),Automático (ML),18524.34,12754.36,5769.98,160,66,307,34.41,2.59,1046,2,1,413,0,1,1,Cardiovasculares,0.5,Cardiovasculares
2243,MED-3242,Analgésicos,MK,Cartagena,Normal,Automático (ML),47935.7,32236.7,15699.0,471,25,242,10.43,4.49,329,0,9,167,0,1,1,Dermatológicos,0.25,Analgésicos
2244,MED-3243,Pediatría,Bayer,Barranquilla,Alta (Invierno),Manual,18232.68,13119.0,5113.68,339,18,172,27.6,4.04,859,0,14,408,0,1,0,Pediatría,0.5,Pediatría
2245,MED-3244,Gastrointestinales,La Santé,Cali,Alta (Invierno),Proveedor Programado,48007.26,40202.31,7804.95,180,65,201,20.27,6.37,602,2,8,547,0,0,1,Cardiovasculares,0.5,Gastrointestinales
2246,MED-3245,Analgésicos,Genfar,Bogotá,Normal,Manual,79434.42,48113.84,31320.58,341,65,409,25.92,1.46,811,1,9,412,1,1,1,Gastrointestinales,0.5,Analgésicos
2247,MED-3246,Pediatría,Abbott,Cali,Promoción,Automático (ML),32523.81,21695.35,10828.46,461,35,114,34.98,2.12,1058,2,7,191,0,1,1,Pediatría,0.75,Pediatría
2248,MED-3247,Pediatría,La Santé,Cali,Alta (Epidemia),Automático (ML),74369.16,47989.54,26379.62,499,20,178,35.64,8.32,1069,3,13,62,0,0,1,Gastrointestinales,0.5,Pediatría
2249,MED-3248,Diabetes,Pfizer,Medellín,Alta (Epidemia),Automático (ML),58554.38,36420.9,22133.48,175,45,253,35.55,4.19,1051,1,13,457,1,0,0,Gastrointestinales,0.5,Diabetes
2250,MED-3249,Analgésicos,Novartis,Bogotá,Normal,Proveedor Programado,22548.67,13809.19,8739.48,490,62,279,15.94,4.39,461,0,4,628,0,0,0,Pediatría,0.5,Analgésicos
2251,MED-3250,Analgésicos,Sanofi,Cartagena,Alta (Invierno),Manual,24149.24,19631.08,4518.16,27,62,228,12.2,6.8,385,4,14,655,1,1,1,Cardiovasculares,0.5,Analgésicos
2252,MED-3251,Antibióticos,Abbott,Medellín,Promoción,Proveedor Programado,19551.34,16207.04,3344.3,159,78,247,25.85,9.54,765,0,10,567,0,0,0,Dermatológicos,0.5,Antibióticos
2253,MED-3252,Gastrointestinales,Abbott,Bogotá,Alta (Invierno),Proveedor Programado,49522.78,41674.86,7847.92,406,34,303,9.63,2.83,330,0,2,231,0,0,1,Pediatría,0.5,Gastrointestinales
2254,MED-3253,Analgésicos,Abbott,Bogotá,Alta (Invierno),Proveedor Programado,7166.89,5350.92,1815.97,221,22,253,18.85,9.4,569,2,8,871,0,1,1,Pediatría,1.0,Pediatría
2255,MED-3254,Antibióticos,Genfar,Bogotá,Promoción,Proveedor Programado,74665.86,54463.39,20202.47,122,70,371,36.51,1.48,1132,4,14,743,0,1,0,Pediatría,0.5,Antibióticos
2256,MED-3255,Analgésicos,Tecnoquímicas,Cali,Alta (Epidemia),Automático (ML),37717.32,29168.52,8548.8,125,71,132,13.43,7.39,409,0,7,883,1,0,1,Pediatría,0.5,Analgésicos
2257,MED-3256,Vitaminas,Pfizer,Medellín,Normal,Manual,45327.53,28908.98,16418.55,123,67,301,24.24,4.98,723,1,7,113,1,0,1,Antigripales,0.25,Vitaminas
2258,MED-3257,Higiene Personal,Novartis,Cali,Promoción,Automático (ML),8461.69,5985.68,2476.01,279,51,384,18.39,9.99,559,0,9,378,1,1,1,Dermatológicos,0.25,Higiene Personal
2259,MED-3258,Analgésicos,Genfar,Bogotá,Normal,Automático (ML),35303.13,21767.02,13536.11,73,17,80,8.53,9.56,245,2,14,522,0,0,1,Pediatría,0.75,Pediatría
2260,MED-3259,Vitaminas,Abbott,Cali,Promoción,Automático (ML),52084.7,43770.9,8313.8,369,63,183,9.05,9.34,294,2,7,231,1,0,0,Pediatría,0.5,Vitaminas
2261,MED-3260,Gastrointestinales,Roche,Bogotá,Alta (Invierno),Manual,48429.64,29671.0,18758.64,177,17,249,14.87,2.48,445,3,14,714,1,0,0,Dermatológicos,0.25,Gastrointestinales
2262,MED-3261,Analgésicos,Tecnoquímicas,Barranquilla,Promoción,Automático (ML),72367.27,54307.79,18059.48,219,58,392,4.09,6.03,93,0,13,752,0,1,1,Pediatría,0.5,Analgésicos
2263,MED-3262,Pediatría,Bayer,Bogotá,Normal,Manual,51580.3,37072.08,14508.22,160,57,399,36.78,4.27,1092,2,14,326,1,1,1,Gastrointestinales,0.5,Pediatría
2264,MED-3263,Antibióticos,Tecnoquímicas,Bogotá,Normal,Proveedor Programado,46680.36,30099.11,16581.25,30,47,154,16.96,3.19,498,3,4,377,1,0,0,Cardiovasculares,0.5,Antibióticos
2265,MED-3264,Pediatría,Tecnoquímicas,Cartagena,Normal,Automático (ML),11692.05,7434.74,4257.31,60,50,373,2.79,8.97,111,1,11,493,0,0,1,Pediatría,0.75,Pediatría
2266,MED-3265,Vitaminas,Bayer,Cali,Normal,Proveedor Programado,17624.74,11542.83,6081.91,65,56,129,2.44,5.58,106,0,8,635,1,1,1,Pediatría,0.5,Vitaminas
2267,MED-3266,Pediatría,Novartis,Barranquilla,Alta (Invierno),Proveedor Programado,36705.93,28160.82,8545.11,248,61,381,11.32,9.32,333,4,8,276,0,0,1,Cardiovasculares,0.5,Pediatría
2268,MED-3267,Pediatría,Abbott,Bogotá,Promoción,Automático (ML),15148.75,9218.83,5929.92,410,34,280,11.14,0.96,330,4,6,164,1,0,1,Cardiovasculares,0.5,Pediatría
2269,MED-3268,Cardiovasculares,Pfizer,Medellín,Alta (Invierno),Automático (ML),58725.24,47620.65,11104.59,342,61,221,16.07,5.5,465,3,6,307,1,0,1,Pediatría,0.75,Pediatría
2270,MED-3269,Diabetes,Roche,Cali,Alta (Invierno),Manual,17848.0,13728.17,4119.83,287,45,110,14.53,8.16,462,2,11,504,0,1,1,Pediatría,0.5,Diabetes
2271,MED-3270,Vitaminas,Genfar,Cartagena,Alta (Epidemia),Proveedor Programado,19893.55,14552.35,5341.2,290,18,410,38.9,9.24,1181,0,3,290,0,1,0,Pediatría,0.5,Vitaminas
2272,MED-3271,Antibióticos,Tecnoquímicas,Medellín,Promoción,Proveedor Programado,11288.47,8599.09,2689.38,255,18,298,10.69,3.51,293,2,6,184,0,0,0,Pediatría,0.75,Pediatría
2273,MED-3272,Diabetes,Bayer,Cartagena,Promoción,Proveedor Programado,28167.34,19694.03,8473.31,369,29,230,13.84,3.6,445,3,8,570,0,0,0,Cardiovasculares,0.5,Diabetes
2274,MED-3273,Cardiovasculares,Bayer,Medellín,Normal,Proveedor Programado,59583.85,36336.64,23247.21,349,47,365,4.71,2.8,136,1,2,426,1,0,0,Pediatría,0.75,Pediatría
2275,MED-3274,Antigripales,La Santé,Cartagena,Promoción,Manual,20522.32,16304.11,4218.21,260,27,267,12.03,6.42,370,2,9,896,0,0,1,Pediatría,1.0,Pediatría
2276,MED-3275,Analgésicos,Novartis,Cartagena,Alta (Epidemia),Proveedor Programado,32237.3,20605.22,11632.08,358,31,225,4.15,2.3,121,1,13,509,0,0,1,Pediatría,0.5,Analgésicos
2277,MED-3276,Dermatológicos,Tecnoquímicas,Cartagena,Alta (Invierno),Manual,36947.78,25493.96,11453.82,111,57,114,25.99,3.48,772,3,2,272,0,1,1,Pediatría,0.5,Dermatológicos
2278,MED-3277,Higiene Personal,Novartis,Medellín,Promoción,Proveedor Programado,24752.95,15426.62,9326.33,149,70,131,9.05,2.66,280,2,10,425,1,1,0,Pediatría,0.5,Higiene Personal
2279,MED-3278,Higiene Personal,MK,Bogotá,Normal,Automático (ML),22823.03,18354.29,4468.74,211,61,285,18.97,9.05,555,3,1,298,0,1,1,Cardiovasculares,0.75,Cardiovasculares
2280,MED-3279,Gastrointestinales,Abbott,Bogotá,Alta (Invierno),Manual,66170.29,41952.4,24217.89,79,44,360,23.48,2.27,714,0,11,890,1,0,1,Gastrointestinales,0.5,Gastrointestinales
2281,MED-3280,Pediatría,Sanofi,Bogotá,Normal,Manual,42531.34,26259.96,16271.38,418,64,250,12.91,1.11,396,0,8,717,1,1,0,Pediatría,0.5,Pediatría
2282,MED-3281,Pediatría,Sanofi,Cartagena,Alta (Invierno),Automático (ML),9409.85,7867.07,1542.78,39,28,165,9.7,9.42,276,3,7,170,1,1,0,Cardiovasculares,0.5,Pediatría
2283,MED-3282,Dermatológicos,Bayer,Cartagena,Alta (Epidemia),Manual,75006.3,52921.81,22084.49,138,58,222,27.62,2.15,815,1,3,245,0,1,0,Antigripales,0.25,Dermatológicos
2284,MED-3283,Pediatría,Sanofi,Bogotá,Alta (Epidemia),Automático (ML),71482.88,54944.74,16538.14,120,21,261,3.69,1.45,96,1,11,146,0,1,0,Dermatológicos,0.5,Pediatría
2285,MED-3284,Vitaminas,Abbott,Cali,Alta (Invierno),Automático (ML),38901.78,29823.05,9078.73,270,25,290,29.66,9.86,908,2,12,863,1,1,0,Pediatría,0.5,Vitaminas
2286,MED-3285,Diabetes,Roche,Barranquilla,Alta (Invierno),Automático (ML),48467.83,29755.21,18712.62,17,77,417,34.88,7.1,1054,0,13,795,0,1,1,Dermatológicos,0.5,Diabetes
2287,MED-3286,Pediatría,Sanofi,Barranquilla,Alta (Invierno),Proveedor Programado,33069.65,27127.18,5942.47,236,13,368,17.42,6.69,538,0,4,448,1,1,0,Pediatría,0.75,Pediatría
2288,MED-3287,Dermatológicos,Abbott,Cartagena,Alta (Epidemia),Manual,28366.33,20117.51,8248.82,121,73,367,23.32,9.56,708,5,10,51,0,1,0,Pediatría,0.75,Pediatría
2289,MED-3288,Vitaminas,Novartis,Cali,Normal,Automático (ML),62501.66,43857.97,18643.69,73,50,418,36.69,4.55,1099,2,13,356,0,0,1,Gastrointestinales,0.5,Vitaminas
2290,MED-3289,Pediatría,Genfar,Barranquilla,Alta (Epidemia),Proveedor Programado,19158.9,13490.38,5668.52,93,13,222,39.6,6.86,1179,3,13,67,0,0,0,Pediatría,0.75,Pediatría
2291,MED-3290,Dermatológicos,Novartis,Barranquilla,Alta (Invierno),Proveedor Programado,23660.31,19986.96,3673.35,98,11,88,24.03,7.21,738,0,6,538,0,1,0,Pediatría,0.75,Pediatría
2292,MED-3291,Dermatológicos,Sanofi,Barranquilla,Alta (Invierno),Proveedor Programado,30063.59,18894.07,11169.52,397,79,331,38.92,2.71,1163,1,3,877,1,0,1,Dermatológicos,0.5,Dermatológicos
2293,MED-3292,Analgésicos,Roche,Bogotá,Normal,Automático (ML),79474.57,62714.17,16760.4,30,51,144,15.3,2.14,459,5,13,248,0,0,0,Pediatría,0.5,Analgésicos
2294,MED-3293,Pediatría,Genfar,Cali,Alta (Invierno),Manual,51383.51,32255.17,19128.34,457,67,146,22.96,7.74,681,0,1,654,1,0,0,Cardiovasculares,0.5,Pediatría
2295,MED-3294,Antigripales,Abbott,Barranquilla,Normal,Automático (ML),43463.9,35396.55,8067.35,243,28,399,32.37,1.35,950,2,12,353,0,0,0,Pediatría,0.5,Antigripales
2296,MED-3295,Dermatológicos,La Santé,Cartagena,Normal,Automático (ML),36439.83,28173.34,8266.49,23,34,287,14.04,4.48,434,1,9,529,1,0,0,Pediatría,0.5,Dermatológicos
2297,MED-3296,Gastrointestinales,Tecnoquímicas,Cali,Promoción,Manual,64626.21,49596.99,15029.22,80,69,428,3.33,3.2,86,1,4,526,1,0,0,Pediatría,0.5,Gastrointestinales
2298,MED-3297,Cardiovasculares,La Santé,Bogotá,Alta (Invierno),Proveedor Programado,73894.21,58512.68,15381.53,145,47,199,26.12,9.25,811,1,10,400,1,1,0,Gastrointestinales,0.5,Cardiovasculares
2299,MED-3298,Pediatría,Sanofi,Barranquilla,Normal,Automático (ML),32491.84,21818.41,10673.43,485,51,347,34.54,1.08,1029,2,9,254,1,0,0,Pediatría,0.5,Pediatría
2300,MED-3299,Dermatológicos,Roche,Cartagena,Normal,Proveedor Programado,69309.76,42089.37,27220.39,263,51,353,27.53,6.55,836,3,8,560,0,1,1,Pediatría,0.75,Pediatría
2301,MED-3300,Higiene Personal,MK,Bogotá,Alta (Epidemia),Manual,48194.81,30794.54,17400.27,313,37,223,35.1,1.86,1021,1,2,547,1,1,1,Antigripales,0.25,Higiene Personal
2302,MED-3301,Higiene Personal,Pfizer,Medellín,Alta (Epidemia),Proveedor Programado,42005.43,28919.5,13085.93,174,36,380,27.19,6.24,802,3,9,432,0,1,1,Pediatría,1.0,Pediatría
2303,MED-3302,Dermatológicos,Novartis,Barranquilla,Alta (Invierno),Proveedor Programado,68283.54,55855.61,12427.93,251,74,148,38.33,9.74,1172,0,11,590,1,1,1,Gastrointestinales,0.5,Dermatológicos
2304,MED-3303,Higiene Personal,Sanofi,Cartagena,Alta (Epidemia),Proveedor Programado,25375.86,21477.84,3898.02,289,14,289,39.93,1.46,1188,2,2,490,0,1,1,Pediatría,0.5,Higiene Personal
2305,MED-3304,Pediatría,Tecnoquímicas,Cali,Normal,Manual,4346.21,3024.71,1321.5,58,57,352,16.89,9.16,509,0,13,848,0,0,0,Pediatría,0.5,Pediatría
2306,MED-3305,Analgésicos,Abbott,Cali,Alta (Invierno),Proveedor Programado,5170.28,3299.17,1871.11,404,53,323,3.09,1.7,84,1,4,603,1,0,1,Pediatría,0.75,Pediatría
2307,MED-3306,Antibióticos,Pfizer,Barranquilla,Normal,Automático (ML),58992.87,46805.54,12187.33,366,59,311,4.69,1.32,124,0,7,553,0,0,1,Pediatría,0.5,Antibióticos
2308,MED-3307,Antigripales,Sanofi,Cali,Alta (Invierno),Automático (ML),77323.6,54619.25,22704.35,305,23,324,19.07,7.44,586,0,5,607,0,0,1,Pediatría,0.5,Antigripales
2309,MED-3308,Gastrointestinales,La Santé,Cartagena,Normal,Automático (ML),39869.34,32027.21,7842.13,60,25,266,27.54,7.54,829,2,12,456,1,0,0,Pediatría,1.0,Pediatría
2310,MED-3309,Analgésicos,Roche,Cartagena,Alta (Epidemia),Manual,39364.49,26661.66,12702.83,99,42,152,35.8,4.67,1056,0,8,548,1,1,0,Pediatría,0.5,Analgésicos
2311,MED-3310,Analgésicos,Tecnoquímicas,Barranquilla,Promoción,Proveedor Programado,54771.01,33215.7,21555.31,156,29,148,14.25,7.62,427,1,3,263,1,1,1,Dermatológicos,0.25,Analgésicos
2312,MED-3311,Diabetes,Sanofi,Bogotá,Alta (Epidemia),Automático (ML),32682.26,19828.82,12853.44,7,37,357,7.49,3.57,234,3,13,656,1,0,0,Cardiovasculares,0.5,Diabetes
2313,MED-3312,Dermatológicos,La Santé,Barranquilla,Alta (Epidemia),Automático (ML),16354.14,11758.8,4595.34,378,51,216,32.01,8.42,951,1,5,591,1,1,0,Dermatológicos,0.5,Dermatológicos
2314,MED-3313,Pediatría,Abbott,Cali,Alta (Epidemia),Manual,25940.7,21092.82,4847.88,186,36,373,11.12,1.99,342,1,7,124,0,0,1,Pediatría,0.5,Pediatría
2315,MED-3314,Vitaminas,Genfar,Cali,Alta (Epidemia),Automático (ML),53466.35,35731.07,17735.28,57,59,118,34.37,5.23,1008,4,9,858,1,0,0,Pediatría,0.5,Vitaminas
2316,MED-3315,Cardiovasculares,La Santé,Cali,Normal,Manual,58514.16,44282.95,14231.21,266,76,291,2.72,1.92,110,1,12,331,1,1,1,Pediatría,0.5,Cardiovasculares
2317,MED-3316,Antigripales,Bayer,Bogotá,Promoción,Manual,29981.49,18673.48,11308.01,190,19,128,3.68,8.75,130,0,14,331,0,0,0,Pediatría,0.75,Pediatría
2318,MED-3317,Vitaminas,Tecnoquímicas,Medellín,Promoción,Automático (ML),18133.84,11835.24,6298.6,367,57,299,21.76,0.85,639,1,1,496,1,1,1,Pediatría,0.5,Vitaminas
2319,MED-3318,Cardiovasculares,MK,Cali,Normal,Automático (ML),39099.18,27940.4,11158.78,246,30,403,14.59,9.64,455,2,3,175,0,0,0,Cardiovasculares,0.5,Cardiovasculares
2320,MED-3319,Vitaminas,Tecnoquímicas,Bogotá,Normal,Automático (ML),57603.17,44934.13,12669.04,186,26,224,32.16,9.74,933,3,12,483,1,1,0,Pediatría,1.0,Pediatría
2321,MED-3320,Analgésicos,Novartis,Bogotá,Normal,Automático (ML),63985.65,39347.68,24637.97,409,49,152,38.34,8.85,1168,1,10,70,1,1,1,Diabetes,0.5,Analgésicos
2322,MED-3321,Higiene Personal,MK,Medellín,Normal,Manual,33270.22,27030.19,6240.03,354,59,254,9.01,4.77,236,3,8,511,1,1,0,Cardiovasculares,0.5,Higiene Personal
2323,MED-3322,Dermatológicos,Abbott,Medellín,Promoción,Automático (ML),54639.11,39576.68,15062.43,67,68,241,28.85,6.9,858,1,10,594,0,1,0,Antigripales,0.25,Dermatológicos
2324,MED-3323,Vitaminas,Pfizer,Medellín,Normal,Manual,69659.49,50464.1,19195.39,418,78,425,13.03,8.54,368,1,6,724,1,0,1,Pediatría,0.5,Vitaminas
2325,MED-3324,Gastrointestinales,Genfar,Barranquilla,Alta (Epidemia),Proveedor Programado,57413.89,39151.93,18261.96,52,39,328,20.86,4.46,631,3,14,881,1,0,1,Pediatría,0.5,Gastrointestinales
2326,MED-3325,Higiene Personal,La Santé,Medellín,Alta (Epidemia),Automático (ML),23943.46,19461.68,4481.78,332,38,309,30.48,5.72,892,2,13,273,0,1,0,Pediatría,0.75,Pediatría
2327,MED-3326,Antibióticos,Novartis,Medellín,Alta (Epidemia),Automático (ML),52084.96,38303.16,13781.8,154,31,196,35.87,2.44,1091,0,11,321,1,1,0,Pediatría,0.5,Antibióticos
2328,MED-3327,Analgésicos,Sanofi,Cali,Alta (Epidemia),Proveedor Programado,33163.01,27414.96,5748.05,336,13,240,34.26,5.55,1071,5,6,587,1,1,1,Pediatría,0.75,Pediatría
2329,MED-3328,Gastrointestinales,MK,Medellín,Normal,Manual,20674.3,16872.21,3802.09,173,42,277,16.34,4.68,449,3,12,441,0,0,0,Cardiovasculares,0.5,Gastrointestinales
2330,MED-3329,Diabetes,Tecnoquímicas,Cartagena,Promoción,Proveedor Programado,33364.96,26985.06,6379.9,192,44,146,32.31,6.01,964,1,6,729,0,1,1,Pediatría,0.5,Diabetes
2331,MED-3330,Cardiovasculares,Genfar,Medellín,Alta (Epidemia),Proveedor Programado,78261.98,63126.96,15135.02,170,43,251,33.02,1.33,988,0,5,331,0,1,0,Antigripales,0.25,Cardiovasculares
2332,MED-3331,Analgésicos,Genfar,Cartagena,Promoción,Proveedor Programado,59244.36,41424.62,17819.74,245,48,261,10.44,3.58,347,1,9,180,0,0,1,Diabetes,0.5,Analgésicos
2333,MED-3332,Gastrointestinales,Bayer,Cartagena,Normal,Manual,36338.72,22096.55,14242.17,104,67,181,2.52,1.88,94,0,5,171,1,0,0,Pediatría,0.5,Gastrointestinales
2334,MED-3333,Dermatológicos,La Santé,Medellín,Normal,Automático (ML),52365.61,33138.43,19227.18,198,78,142,20.5,2.52,606,0,3,98,0,1,0,Antigripales,0.25,Dermatológicos
2335,MED-3334,Dermatológicos,Roche,Medellín,Alta (Epidemia),Manual,17631.83,13341.52,4290.31,419,57,337,24.13,5.62,708,1,11,81,1,0,0,Dermatológicos,0.25,Dermatológicos
2336,MED-3335,Antibióticos,Novartis,Bogotá,Promoción,Automático (ML),67571.26,53372.63,14198.63,104,12,207,17.52,5.7,524,2,5,567,1,1,0,Dermatológicos,0.25,Antibióticos
2337,MED-3336,Cardiovasculares,La Santé,Medellín,Alta (Epidemia),Automático (ML),77401.22,51392.23,26008.99,127,22,217,33.43,6.81,1009,5,7,612,1,1,1,Pediatría,0.5,Cardiovasculares
2338,MED-3337,Dermatológicos,Sanofi,Bogotá,Alta (Invierno),Proveedor Programado,38117.1,29987.66,8129.44,403,28,375,14.28,3.52,427,2,12,865,1,0,1,Pediatría,0.75,Pediatría
2339,MED-3338,Pediatría,Roche,Medellín,Promoción,Proveedor Programado,6717.64,5014.27,1703.37,345,16,334,14.5,1.05,436,2,2,807,0,0,1,Pediatría,1.0,Pediatría
2340,MED-3339,Antigripales,Roche,Bogotá,Alta (Invierno),Proveedor Programado,65878.84,44182.55,21696.29,15,22,104,27.51,0.66,822,1,1,841,1,1,1,Dermatológicos,0.5,Antigripales
2341,MED-3340,Pediatría,Roche,Cartagena,Promoción,Proveedor Programado,21462.09,16065.45,5396.64,17,26,383,30.14,3.31,895,2,9,526,0,0,1,Pediatría,1.0,Pediatría
2342,MED-3341,Gastrointestinales,Abbott,Cartagena,Alta (Invierno),Automático (ML),30271.07,25367.34,4903.73,478,51,356,30.54,1.08,936,1,3,719,0,1,1,Dermatológicos,0.25,Gastrointestinales
2343,MED-3342,Vitaminas,Tecnoquímicas,Barranquilla,Alta (Invierno),Manual,34640.25,27551.53,7088.72,167,47,99,1.0,1.1,26,2,2,699,0,1,1,Cardiovasculares,0.5,Vitaminas
2344,MED-3343,Vitaminas,Tecnoquímicas,Medellín,Alta (Invierno),Proveedor Programado,42449.43,35141.84,7307.59,132,62,340,36.69,5.32,1104,1,7,489,0,1,0,Dermatológicos,0.5,Vitaminas
2345,MED-3344,Higiene Personal,Genfar,Medellín,Normal,Manual,24543.64,16822.03,7721.61,154,16,220,38.62,8.74,1181,2,9,827,0,1,0,Pediatría,0.75,Pediatría
2346,MED-3345,Cardiovasculares,MK,Cartagena,Alta (Invierno),Manual,11010.75,7301.91,3708.84,139,23,201,27.61,4.17,820,2,4,861,0,0,0,Pediatría,0.75,Pediatría
2347,MED-3346,Vitaminas,Pfizer,Bogotá,Normal,Manual,43158.81,26149.87,17008.94,29,46,303,13.85,8.14,406,2,10,871,0,0,0,Pediatría,0.75,Pediatría
2348,MED-3347,Analgésicos,Bayer,Bogotá,Promoción,Automático (ML),6369.06,3835.97,2533.09,461,17,130,15.32,1.9,495,2,4,590,1,1,0,Pediatría,0.5,Analgésicos
2349,MED-3348,Analgésicos,Bayer,Cartagena,Promoción,Proveedor Programado,36828.45,31095.76,5732.69,218,38,376,2.19,7.1,61,0,10,399,1,0,0,Pediatría,0.75,Pediatría
2350,MED-3349,Higiene Personal,Pfizer,Cali,Alta (Invierno),Automático (ML),71685.79,55960.01,15725.78,154,49,336,29.91,1.75,896,3,11,309,1,0,1,Pediatría,0.5,Higiene Personal
2351,MED-3350,Analgésicos,Genfar,Cartagena,Alta (Epidemia),Automático (ML),55125.76,40101.0,15024.76,456,14,273,5.54,6.34,142,3,14,759,0,0,0,Dermatológicos,0.25,Analgésicos
2352,MED-3351,Diabetes,Tecnoquímicas,Barranquilla,Alta (Invierno),Manual,13499.08,11356.92,2142.16,324,57,367,29.88,1.21,919,0,12,696,1,1,1,Dermatológicos,0.25,Diabetes
2353,MED-3352,Pediatría,La Santé,Bogotá,Normal,Manual,37539.82,24506.76,13033.06,438,25,86,11.78,1.72,369,4,12,446,0,0,1,Cardiovasculares,0.5,Pediatría
2354,MED-3353,Cardiovasculares,MK,Bogotá,Alta (Epidemia),Automático (ML),28646.83,17599.61,11047.22,388,18,196,20.54,6.64,619,1,6,177,1,1,1,Pediatría,0.5,Cardiovasculares
2355,MED-3354,Antibióticos,La Santé,Bogotá,Normal,Automático (ML),35971.52,23728.35,12243.17,336,40,203,37.51,2.75,1129,1,7,258,1,1,1,Pediatría,0.75,Pediatría
2356,MED-3355,Dermatológicos,Pfizer,Bogotá,Normal,Proveedor Programado,16076.25,12254.36,3821.89,394,24,317,19.15,9.0,557,1,7,218,1,1,1,Pediatría,0.75,Pediatría
2357,MED-3356,Antibióticos,Pfizer,Medellín,Alta (Epidemia),Manual,8183.1,5756.66,2426.44,206,72,204,2.59,1.94,104,0,5,516,1,1,0,Pediatría,0.5,Antibióticos
2358,MED-3357,Cardiovasculares,Roche,Cartagena,Alta (Epidemia),Proveedor Programado,35270.32,29842.8,5427.52,422,65,408,38.58,7.01,1164,1,10,156,1,0,0,Dermatológicos,0.25,Cardiovasculares
2359,MED-3358,Gastrointestinales,Novartis,Medellín,Promoción,Automático (ML),35938.45,29787.49,6150.96,144,20,180,3.21,7.45,65,3,1,136,0,1,0,Pediatría,0.5,Gastrointestinales
2360,MED-3359,Cardiovasculares,Novartis,Cartagena,Promoción,Manual,71939.27,56329.57,15609.7,129,70,453,18.88,9.05,574,0,10,250,1,1,0,Pediatría,0.5,Cardiovasculares
2361,MED-3360,Higiene Personal,Genfar,Cartagena,Promoción,Proveedor Programado,65462.4,54585.85,10876.55,353,35,219,24.81,8.31,764,1,4,636,0,1,1,Antigripales,0.25,Higiene Personal
2362,MED-3361,Pediatría,Pfizer,Cali,Normal,Automático (ML),4042.91,3231.4,811.51,433,43,143,7.9,8.15,250,2,10,823,1,0,1,Pediatría,0.5,Pediatría
2363,MED-3362,Diabetes,Pfizer,Cartagena,Promoción,Automático (ML),47347.3,36419.54,10927.76,208,79,136,14.43,3.59,440,1,10,86,0,0,0,Pediatría,0.5,Diabetes
2364,MED-3363,Analgésicos,Pfizer,Medellín,Promoción,Proveedor Programado,70616.68,51843.54,18773.14,302,44,271,9.59,7.76,317,1,6,96,1,1,0,Cardiovasculares,0.5,Analgésicos
2365,MED-3364,Cardiovasculares,Bayer,Cali,Normal,Proveedor Programado,12869.47,10713.19,2156.28,79,44,282,28.12,0.56,845,2,8,575,0,1,0,Pediatría,0.75,Pediatría
2366,MED-3365,Antibióticos,Abbott,Cali,Alta (Epidemia),Proveedor Programado,30352.94,25622.82,4730.12,446,11,100,16.62,7.8,493,2,2,231,1,0,1,Pediatría,0.5,Antibióticos
2367,MED-3366,Diabetes,Abbott,Cali,Normal,Proveedor Programado,24440.23,16325.71,8114.52,369,49,310,6.69,7.52,194,0,4,221,0,1,1,Pediatría,0.5,Diabetes
2368,MED-3367,Cardiovasculares,Roche,Medellín,Normal,Manual,76264.33,62001.46,14262.87,400,46,385,8.0,9.39,283,1,9,407,0,1,0,Pediatría,0.5,Cardiovasculares
2369,MED-3368,Pediatría,Roche,Barranquilla,Alta (Invierno),Automático (ML),71918.41,49124.57,22793.84,248,67,349,7.43,1.48,233,2,14,790,1,0,0,Pediatría,0.5,Pediatría
2370,MED-3369,Vitaminas,Roche,Barranquilla,Alta (Epidemia),Proveedor Programado,54610.43,39179.91,15430.52,132,60,275,9.84,7.24,330,2,9,203,0,1,0,Pediatría,0.75,Pediatría
2371,MED-3370,Dermatológicos,La Santé,Cali,Alta (Invierno),Manual,42763.56,32791.52,9972.04,237,27,152,24.47,9.85,700,2,12,66,1,1,1,Pediatría,0.75,Pediatría
2372,MED-3371,Diabetes,Bayer,Cali,Promoción,Proveedor Programado,37843.71,25726.04,12117.67,276,52,408,17.44,3.72,538,0,5,244,0,0,0,Pediatría,0.5,Diabetes
2373,MED-3372,Vitaminas,La Santé,Barranquilla,Normal,Proveedor Programado,20701.8,15113.81,5587.99,236,22,364,15.43,4.27,450,0,1,303,0,0,0,Pediatría,0.75,Pediatría
2374,MED-3373,Cardiovasculares,Genfar,Cali,Promoción,Automático (ML),3694.27,2949.67,744.6,264,61,342,36.22,2.48,1076,0,5,622,0,1,0,Dermatológicos,0.25,Cardiovasculares
2375,MED-3374,Antigripales,MK,Cali,Promoción,Manual,18096.19,14964.93,3131.26,458,45,222,24.15,5.86,734,0,7,787,0,1,1,Dermatológicos,0.5,Antigripales
2376,MED-3375,Analgésicos,Bayer,Bogotá,Promoción,Proveedor Programado,12271.64,7465.42,4806.22,491,47,343,17.8,5.28,536,1,5,136,0,0,1,Pediatría,0.5,Analgésicos
2377,MED-3376,Diabetes,Genfar,Bogotá,Alta (Invierno),Automático (ML),66669.67,54165.72,12503.95,206,66,350,4.1,3.6,113,4,10,129,0,1,1,Pediatría,0.75,Pediatría
2378,MED-3377,Analgésicos,Abbott,Bogotá,Normal,Automático (ML),19684.53,15534.19,4150.34,348,25,157,31.14,2.71,924,1,3,412,0,0,0,Pediatría,0.5,Analgésicos
2379,MED-3378,Pediatría,La Santé,Bogotá,Alta (Invierno),Automático (ML),8883.24,6647.44,2235.8,69,12,73,28.39,5.62,880,3,2,37,0,0,1,Pediatría,1.0,Pediatría
2380,MED-3379,Vitaminas,Sanofi,Bogotá,Normal,Proveedor Programado,5959.49,3794.81,2164.68,18,66,131,24.79,0.94,783,2,7,698,1,0,1,Pediatría,0.5,Vitaminas
2381,MED-3380,Analgésicos,Roche,Medellín,Alta (Invierno),Manual,62394.9,50870.27,11524.63,109,11,325,22.86,4.32,663,1,2,416,0,1,0,Antigripales,0.25,Analgésicos
2382,MED-3381,Cardiovasculares,Roche,Cali,Normal,Manual,35837.63,23610.58,12227.05,103,46,406,19.98,4.38,584,0,8,51,1,1,0,Pediatría,0.5,Cardiovasculares
2383,MED-3382,Higiene Personal,Roche,Cali,Alta (Epidemia),Proveedor Programado,70525.48,53032.51,17492.97,352,56,126,24.38,7.16,726,4,13,585,1,0,0,Pediatría,0.5,Higiene Personal
2384,MED-3383,Pediatría,Novartis,Barranquilla,Promoción,Proveedor Programado,12179.09,10187.94,1991.15,136,70,309,15.14,6.81,441,2,12,253,0,1,1,Pediatría,0.75,Pediatría
2385,MED-3384,Vitaminas,Roche,Cali,Alta (Epidemia),Automático (ML),42080.09,32285.94,9794.15,3,65,327,39.05,3.82,1160,2,4,534,0,1,0,Pediatría,0.5,Vitaminas
2386,MED-3385,Pediatría,Novartis,Medellín,Promoción,Manual,70094.41,53304.83,16789.58,462,61,296,30.24,2.67,898,5,7,524,1,0,0,Pediatría,0.75,Pediatría
2387,MED-3386,Antibióticos,Bayer,Cali,Alta (Epidemia),Manual,21831.09,16346.55,5484.54,370,79,142,7.34,0.94,203,4,14,486,0,1,1,Cardiovasculares,0.5,Antibióticos
2388,MED-3387,Antigripales,MK,Bogotá,Promoción,Automático (ML),58896.38,43088.49,15807.89,300,17,302,26.26,4.13,732,4,5,74,0,1,1,Pediatría,0.75,Pediatría
2389,MED-3388,Dermatológicos,Novartis,Medellín,Alta (Epidemia),Manual,52349.22,39439.29,12909.93,259,59,196,6.52,7.49,217,0,2,587,1,0,1,Pediatría,0.5,Dermatológicos
2390,MED-3389,Dermatológicos,Novartis,Barranquilla,Normal,Proveedor Programado,12446.17,9287.03,3159.14,226,58,350,22.26,8.63,700,3,7,676,1,1,0,Dermatológicos,0.5,Dermatológicos
2391,MED-3390,Pediatría,Novartis,Medellín,Alta (Epidemia),Automático (ML),10381.96,7219.0,3162.96,95,18,224,30.13,7.47,906,1,7,826,0,1,0,Pediatría,0.75,Pediatría
2392,MED-3391,Gastrointestinales,Genfar,Barranquilla,Alta (Epidemia),Automático (ML),57896.74,44198.01,13698.73,179,24,163,17.89,0.72,558,2,9,530,0,0,1,Dermatológicos,0.25,Gastrointestinales
2393,MED-3392,Gastrointestinales,Bayer,Barranquilla,Promoción,Automático (ML),59539.03,36046.12,23492.91,388,18,334,11.29,4.59,354,1,10,231,0,1,1,Dermatológicos,0.25,Gastrointestinales
2394,MED-3393,Diabetes,Roche,Cali,Alta (Epidemia),Manual,26795.53,19741.23,7054.3,6,21,222,31.02,2.87,923,2,14,708,1,1,0,Pediatría,0.75,Pediatría
2395,MED-3394,Antigripales,Roche,Medellín,Normal,Proveedor Programado,46805.67,33444.05,13361.62,123,78,393,11.51,1.45,363,1,2,64,0,1,1,Pediatría,0.5,Antigripales
2396,MED-3395,Antibióticos,Bayer,Barranquilla,Alta (Epidemia),Proveedor Programado,71762.15,46596.11,25166.04,34,41,92,9.6,5.17,299,2,3,480,0,0,0,Dermatológicos,0.25,Antibióticos
2397,MED-3396,Antibióticos,Pfizer,Bogotá,Promoción,Proveedor Programado,77255.17,60594.22,16660.95,407,62,175,27.28,4.84,846,0,12,113,1,0,0,Diabetes,0.5,Antibióticos
2398,MED-3397,Vitaminas,La Santé,Cali,Promoción,Proveedor Programado,43882.67,32531.47,11351.2,74,33,92,39.17,2.81,1190,1,10,573,1,0,0,Pediatría,0.5,Vitaminas
2399,MED-3398,Vitaminas,Bayer,Barranquilla,Alta (Epidemia),Manual,67162.07,41884.97,25277.1,9,25,241,31.84,2.08,940,5,8,274,1,1,0,Pediatría,0.5,Vitaminas
2400,MED-3399,Vitaminas,Bayer,Bogotá,Alta (Invierno),Manual,30642.84,22316.73,8326.11,148,64,119,20.57,6.67,608,2,10,445,1,1,1,Cardiovasculares,0.75,Cardiovasculares
2401,MED-3400,Analgésicos,Bayer,Medellín,Promoción,Proveedor Programado,39684.12,33228.76,6455.36,81,54,438,8.86,8.94,276,2,6,896,0,0,1,Pediatría,0.5,Analgésicos
2402,MED-3401,Antibióticos,La Santé,Medellín,Alta (Invierno),Automático (ML),79134.07,50515.1,28618.97,351,42,384,29.92,9.86,880,0,2,334,1,1,1,Pediatría,0.5,Antibióticos
2403,MED-3402,Analgésicos,Abbott,Cali,Normal,Automático (ML),35962.35,27507.8,8454.55,220,27,354,8.62,0.58,206,1,10,193,0,1,0,Pediatría,0.5,Analgésicos
2404,MED-3403,Vitaminas,Abbott,Cartagena,Normal,Automático (ML),53723.76,36998.9,16724.86,435,15,87,28.5,9.93,841,2,5,587,1,0,0,Pediatría,0.5,Vitaminas
2405,MED-3404,Antibióticos,Bayer,Bogotá,Promoción,Automático (ML),16100.3,11732.61,4367.69,149,74,283,4.98,1.24,147,1,6,899,0,1,0,Pediatría,0.75,Pediatría
2406,MED-3405,Antigripales,Roche,Bogotá,Normal,Automático (ML),53720.33,35268.9,18451.43,1,14,153,13.11,3.53,380,4,13,384,1,0,0,Dermatológicos,0.25,Antigripales
2407,MED-3406,Antigripales,Sanofi,Bogotá,Alta (Epidemia),Manual,50525.56,34899.41,15626.15,169,11,217,26.67,9.22,789,2,9,707,0,1,0,Pediatría,0.5,Antigripales
2408,MED-3407,Antigripales,La Santé,Cartagena,Alta (Invierno),Proveedor Programado,57718.16,43316.4,14401.76,343,55,346,2.55,3.16,61,0,1,847,1,1,0,Pediatría,0.5,Antigripales
2409,MED-3408,Gastrointestinales,Roche,Cali,Alta (Invierno),Manual,12546.72,9826.16,2720.56,147,25,333,27.96,6.76,872,2,4,64,1,1,0,Pediatría,0.75,Pediatría
2410,MED-3409,Analgésicos,Bayer,Barranquilla,Promoción,Proveedor Programado,78715.76,52993.25,25722.51,233,38,310,38.6,5.78,1153,2,14,865,0,0,1,Gastrointestinales,0.5,Analgésicos
2411,MED-3410,Pediatría,Sanofi,Cartagena,Normal,Manual,42007.38,33402.13,8605.25,422,34,422,1.97,2.98,30,1,7,243,1,1,1,Pediatría,0.75,Pediatría
2412,MED-3411,Dermatológicos,Bayer,Medellín,Promoción,Proveedor Programado,3065.38,2569.09,496.29,246,18,358,27.03,9.41,826,0,1,113,1,0,0,Pediatría,0.75,Pediatría
2413,MED-3412,Antigripales,Roche,Cali,Alta (Epidemia),Proveedor Programado,47634.51,35033.94,12600.57,468,68,130,8.1,8.57,238,2,3,210,1,0,0,Cardiovasculares,0.5,Antigripales
2414,MED-3413,Analgésicos,Sanofi,Barranquilla,Promoción,Automático (ML),66229.78,42033.53,24196.25,51,59,403,26.38,1.36,814,0,12,757,0,1,1,Gastrointestinales,0.5,Analgésicos
2415,MED-3414,Analgésicos,Genfar,Medellín,Alta (Epidemia),Manual,22424.9,16029.38,6395.52,340,11,166,7.45,7.92,231,1,14,239,0,1,0,Pediatría,0.5,Analgésicos
2416,MED-3415,Cardiovasculares,La Santé,Cali,Alta (Invierno),Automático (ML),61695.84,46409.66,15286.18,106,75,451,32.12,0.85,964,0,5,313,0,1,0,Dermatológicos,0.5,Cardiovasculares
2417,MED-3416,Diabetes,Novartis,Cali,Alta (Invierno),Proveedor Programado,53575.82,33200.53,20375.29,194,69,165,22.74,1.7,662,0,2,516,0,0,0,Cardiovasculares,0.5,Diabetes
2418,MED-3417,Antigripales,Genfar,Cali,Alta (Epidemia),Manual,29940.91,24918.19,5022.72,485,46,314,8.03,9.02,225,2,13,710,0,0,0,Pediatría,0.75,Pediatría
2419,MED-3418,Pediatría,Bayer,Barranquilla,Normal,Automático (ML),33233.67,21284.62,11949.05,296,72,399,36.14,6.81,1079,2,11,346,0,0,1,Dermatológicos,0.25,Pediatría
2420,MED-3419,Higiene Personal,Tecnoquímicas,Medellín,Normal,Manual,66161.8,50716.57,15445.23,112,14,389,30.85,6.13,911,0,14,566,0,0,1,Gastrointestinales,0.75,Gastrointestinales
2421,MED-3420,Cardiovasculares,Abbott,Medellín,Alta (Invierno),Proveedor Programado,64819.38,52222.28,12597.1,360,27,254,32.37,1.82,992,0,7,317,0,1,1,Gastrointestinales,0.25,Cardiovasculares
2422,MED-3421,Diabetes,La Santé,Cartagena,Promoción,Automático (ML),66533.94,41486.38,25047.56,13,23,397,25.62,1.74,785,1,13,118,0,0,0,Dermatológicos,0.5,Diabetes
2423,MED-3422,Pediatría,Roche,Barranquilla,Alta (Epidemia),Manual,51875.33,39754.49,12120.84,147,26,81,21.83,2.98,651,1,13,134,1,0,0,Pediatría,0.5,Pediatría
2424,MED-3423,Antigripales,Sanofi,Medellín,Normal,Proveedor Programado,8990.61,5577.12,3413.49,360,72,187,9.88,7.6,313,1,11,788,0,1,1,Pediatría,0.5,Antigripales
2425,MED-3424,Gastrointestinales,Novartis,Medellín,Normal,Automático (ML),28520.73,21286.39,7234.34,257,36,104,35.5,8.36,1103,3,4,846,1,1,0,Pediatría,0.5,Gastrointestinales
2426,MED-3425,Pediatría,MK,Bogotá,Promoción,Manual,65337.67,51626.32,13711.35,87,57,417,12.53,5.33,394,1,5,798,0,1,0,Pediatría,0.5,Pediatría
2427,MED-3426,Antigripales,Novartis,Bogotá,Alta (Invierno),Manual,23386.73,18162.06,5224.67,367,55,291,15.53,7.18,476,1,8,274,1,0,0,Pediatría,0.5,Antigripales
2428,MED-3427,Pediatría,MK,Bogotá,Alta (Epidemia),Proveedor Programado,37460.6,28867.12,8593.48,211,59,261,31.44,4.75,972,3,8,316,0,1,0,Pediatría,0.75,Pediatría
2429,MED-3428,Gastrointestinales,Roche,Bogotá,Promoción,Manual,26007.26,20352.7,5654.56,41,50,405,2.21,0.59,73,2,1,390,0,1,0,Pediatría,0.5,Gastrointestinales
2430,MED-3429,Higiene Personal,La Santé,Cali,Normal,Proveedor Programado,51296.15,38217.84,13078.31,79,65,293,14.73,7.74,433,3,2,321,1,1,1,Cardiovasculares,0.5,Higiene Personal
2431,MED-3430,Vitaminas,Pfizer,Barranquilla,Normal,Proveedor Programado,57415.87,48298.31,9117.56,168,63,455,24.49,4.16,744,3,9,171,0,1,0,Pediatría,0.75,Pediatría
2432,MED-3431,Diabetes,Novartis,Cartagena,Alta (Invierno),Manual,4113.49,2547.72,1565.77,414,38,425,10.2,3.54,306,3,14,752,1,0,1,Pediatría,1.0,Pediatría
2433,MED-3432,Vitaminas,Novartis,Cali,Alta (Epidemia),Automático (ML),43424.44,34590.11,8834.33,90,47,125,20.82,1.76,628,1,13,288,0,0,0,Pediatría,0.5,Vitaminas
2434,MED-3433,Vitaminas,Abbott,Medellín,Normal,Manual,26736.56,19296.1,7440.46,27,25,87,30.77,4.3,925,1,12,310,0,0,1,Pediatría,0.75,Pediatría
2435,MED-3434,Higiene Personal,MK,Medellín,Alta (Invierno),Proveedor Programado,74595.0,61988.13,12606.87,266,30,206,14.03,0.76,436,2,14,414,0,0,1,Dermatológicos,0.25,Higiene Personal
2436,MED-3435,Antibióticos,Tecnoquímicas,Cali,Promoción,Automático (ML),17930.41,12300.75,5629.66,61,42,227,9.46,5.79,283,2,1,120,0,0,0,Analgésicos,0.5,Antibióticos
2437,MED-3436,Antibióticos,Sanofi,Cali,Alta (Invierno),Proveedor Programado,44288.11,34001.73,10286.38,446,66,335,2.44,4.24,77,0,6,761,0,0,0,Pediatría,0.5,Antibióticos
2438,MED-3437,Vitaminas,Bayer,Medellín,Normal,Automático (ML),33541.73,20747.46,12794.27,360,74,368,32.3,8.06,985,1,5,315,0,0,0,Dermatológicos,0.5,Vitaminas
2439,MED-3438,Vitaminas,Abbott,Barranquilla,Alta (Epidemia),Manual,57919.41,40098.6,17820.81,475,39,431,14.79,6.33,452,2,14,96,0,0,1,Pediatría,0.5,Vitaminas
2440,MED-3439,Antigripales,Bayer,Medellín,Normal,Automático (ML),54587.79,35771.98,18815.81,304,27,151,2.13,4.65,97,3,14,170,1,0,1,Dermatológicos,0.25,Antigripales
2441,MED-3440,Dermatológicos,Sanofi,Medellín,Normal,Proveedor Programado,7343.91,4848.37,2495.54,86,61,452,11.05,9.47,324,0,14,142,0,1,0,Pediatría,0.75,Pediatría
2442,MED-3441,Diabetes,Abbott,Barranquilla,Alta (Epidemia),Automático (ML),76574.0,57689.21,18884.79,254,55,324,33.53,4.91,1002,1,13,511,0,0,0,Gastrointestinales,0.5,Diabetes
2443,MED-3442,Antibióticos,Bayer,Medellín,Normal,Automático (ML),71335.87,54347.91,16987.96,425,43,270,30.44,5.77,923,5,10,549,0,1,1,Pediatría,0.75,Pediatría
2444,MED-3443,Cardiovasculares,Roche,Bogotá,Alta (Invierno),Proveedor Programado,15235.88,10413.56,4822.32,17,35,90,19.65,5.87,593,5,6,363,0,0,0,Pediatría,0.75,Pediatría
2445,MED-3444,Dermatológicos,Genfar,Cartagena,Alta (Epidemia),Manual,19160.58,15933.56,3227.02,120,46,408,19.22,4.08,536,3,2,218,1,1,0,Cardiovasculares,0.5,Dermatológicos
2446,MED-3445,Vitaminas,Roche,Bogotá,Alta (Invierno),Manual,71046.84,52509.01,18537.83,141,29,194,6.2,6.01,145,4,14,334,1,1,0,Dermatológicos,0.25,Vitaminas
2447,MED-3446,Higiene Personal,Bayer,Cali,Promoción,Proveedor Programado,33401.74,25593.92,7807.82,221,60,419,32.74,9.81,928,2,7,738,1,1,1,Pediatría,0.5,Higiene Personal
2448,MED-3447,Diabetes,Bayer,Barranquilla,Alta (Invierno),Proveedor Programado,18665.88,15416.81,3249.07,188,43,435,20.23,4.06,628,0,12,734,1,0,0,Dermatológicos,0.25,Diabetes
2449,MED-3448,Pediatría,Novartis,Barranquilla,Alta (Epidemia),Automático (ML),38239.94,28991.34,9248.6,175,58,205,22.06,3.14,680,1,12,128,0,1,1,Pediatría,0.75,Pediatría
2450,MED-3449,Dermatológicos,Tecnoquímicas,Bogotá,Promoción,Automático (ML),75928.18,49378.27,26549.91,215,24,399,31.19,1.73,933,2,6,584,1,0,1,Pediatría,0.75,Pediatría
2451,MED-3450,Pediatría,Genfar,Medellín,Promoción,Automático (ML),57293.64,41583.7,15709.94,77,30,280,5.33,6.11,188,0,12,331,0,1,1,Dermatológicos,0.25,Pediatría
2452,MED-3451,Vitaminas,Abbott,Medellín,Alta (Invierno),Manual,67421.07,51519.43,15901.64,229,71,360,9.44,5.25,279,0,2,678,1,0,1,Pediatría,0.5,Vitaminas
2453,MED-3452,Antibióticos,Pfizer,Cali,Alta (Invierno),Automático (ML),6351.2,3832.09,2519.11,42,27,115,32.35,9.97,955,4,1,585,0,1,0,Pediatría,1.0,Pediatría
2454,MED-3453,Gastrointestinales,Novartis,Cali,Alta (Epidemia),Proveedor Programado,68899.92,53816.1,15083.82,441,37,148,2.31,6.87,73,1,7,272,0,0,0,Cardiovasculares,0.5,Gastrointestinales
2455,MED-3454,Higiene Personal,Abbott,Cartagena,Normal,Proveedor Programado,40954.04,31349.64,9604.4,159,10,261,27.9,1.26,829,2,7,99,1,0,0,Pediatría,1.0,Pediatría
2456,MED-3455,Dermatológicos,Pfizer,Cartagena,Promoción,Automático (ML),24977.93,16048.01,8929.92,409,73,337,15.2,2.13,478,2,9,640,0,0,1,Pediatría,0.75,Pediatría
2457,MED-3456,Antigripales,MK,Cali,Promoción,Manual,19504.49,15030.15,4474.34,396,36,151,12.94,1.09,403,0,3,279,1,0,1,Pediatría,0.5,Antigripales
2458,MED-3457,Higiene Personal,Genfar,Medellín,Alta (Invierno),Automático (ML),62839.32,43917.37,18921.95,8,10,203,3.6,0.71,104,0,10,446,0,0,0,Dermatológicos,0.5,Higiene Personal
2459,MED-3458,Antibióticos,Pfizer,Cali,Promoción,Automático (ML),4312.89,2746.68,1566.21,458,71,451,3.55,5.24,122,2,12,433,0,1,1,Pediatría,0.75,Pediatría
2460,MED-3459,Gastrointestinales,Abbott,Barranquilla,Alta (Epidemia),Automático (ML),74721.51,54181.47,20540.04,396,32,373,36.21,9.14,1075,2,13,369,1,1,1,Gastrointestinales,0.75,Gastrointestinales
2461,MED-3460,Pediatría,Tecnoquímicas,Cali,Alta (Invierno),Automático (ML),53744.85,37406.22,16338.63,112,74,132,36.87,6.81,1104,0,14,383,0,1,1,Gastrointestinales,0.5,Pediatría
2462,MED-3461,Pediatría,Abbott,Cali,Promoción,Automático (ML),71106.66,48684.28,22422.38,83,67,343,39.7,1.48,1220,2,3,894,1,0,1,Dermatológicos,0.5,Pediatría
2463,MED-3462,Antigripales,Tecnoquímicas,Medellín,Normal,Manual,48978.82,41600.63,7378.19,284,45,392,2.75,8.66,70,1,9,796,1,1,1,Pediatría,0.75,Pediatría
2464,MED-3463,Analgésicos,Novartis,Bogotá,Alta (Epidemia),Proveedor Programado,49601.69,39750.89,9850.8,448,19,307,11.84,2.92,329,1,8,108,1,0,1,Dermatológicos,0.5,Analgésicos
2465,MED-3464,Vitaminas,Sanofi,Cartagena,Alta (Invierno),Automático (ML),76315.34,54129.12,22186.22,431,62,176,1.47,1.06,23,0,9,232,1,1,1,Dermatológicos,0.25,Vitaminas
2466,MED-3465,Dermatológicos,Abbott,Medellín,Normal,Manual,15273.67,12820.39,2453.28,405,47,133,29.3,3.19,872,0,12,345,0,1,1,Pediatría,0.5,Dermatológicos
2467,MED-3466,Vitaminas,Genfar,Cali,Normal,Automático (ML),34145.2,20770.87,13374.33,54,24,393,14.24,1.65,444,2,9,475,0,1,0,Pediatría,0.75,Pediatría
2468,MED-3467,Dermatológicos,Bayer,Cali,Alta (Invierno),Manual,76599.45,47318.02,29281.43,403,76,449,35.04,8.45,1059,1,4,122,0,1,0,Dermatológicos,0.5,Dermatológicos
2469,MED-3468,Dermatológicos,La Santé,Cali,Alta (Invierno),Proveedor Programado,4441.91,3712.27,729.64,180,69,147,36.4,5.5,1091,2,12,57,0,1,1,Pediatría,0.75,Pediatría
2470,MED-3469,Antigripales,Abbott,Medellín,Normal,Proveedor Programado,5400.93,3694.64,1706.29,375,54,327,21.41,7.94,615,2,2,177,0,0,0,Cardiovasculares,0.5,Antigripales
2471,MED-3470,Diabetes,Novartis,Cali,Alta (Invierno),Manual,59730.45,48357.95,11372.5,102,32,313,13.2,5.02,388,0,10,307,0,0,1,Dermatológicos,0.25,Diabetes
2472,MED-3471,Higiene Personal,Abbott,Bogotá,Alta (Epidemia),Automático (ML),64137.57,48812.27,15325.3,323,26,336,3.88,1.56,137,3,9,487,0,0,1,Dermatológicos,0.25,Higiene Personal
2473,MED-3472,Dermatológicos,MK,Barranquilla,Promoción,Automático (ML),78738.69,53469.66,25269.03,48,51,342,12.53,0.59,369,2,8,725,1,1,0,Pediatría,0.5,Dermatológicos
2474,MED-3473,Antibióticos,Abbott,Medellín,Alta (Invierno),Proveedor Programado,63739.27,46278.21,17461.06,490,24,138,9.28,1.24,264,1,6,753,0,1,1,Dermatológicos,0.25,Antibióticos
2475,MED-3474,Vitaminas,Genfar,Barranquilla,Promoción,Automático (ML),53633.81,34701.31,18932.5,332,11,238,27.38,3.98,808,0,4,831,0,1,1,Pediatría,0.5,Vitaminas
2476,MED-3475,Gastrointestinales,Sanofi,Medellín,Alta (Invierno),Automático (ML),60921.09,48899.06,12022.03,100,28,282,1.45,4.44,76,1,14,763,0,0,1,Dermatológicos,0.25,Gastrointestinales
2477,MED-3476,Analgésicos,Bayer,Cali,Alta (Invierno),Automático (ML),25692.14,16994.02,8698.12,87,51,250,10.19,3.01,298,4,11,873,0,0,1,Cardiovasculares,0.5,Analgésicos
2478,MED-3477,Gastrointestinales,Novartis,Bogotá,Normal,Manual,71626.39,48861.9,22764.49,340,66,278,25.41,6.43,787,0,14,430,0,1,0,Diabetes,0.5,Gastrointestinales
2479,MED-3478,Vitaminas,Pfizer,Cali,Alta (Invierno),Automático (ML),37414.2,28048.27,9365.93,23,32,140,37.0,0.96,1081,1,1,601,1,0,0,Antigripales,0.25,Vitaminas
2480,MED-3479,Cardiovasculares,Bayer,Cartagena,Alta (Epidemia),Manual,52227.25,35136.47,17090.78,324,17,226,39.23,9.16,1183,1,4,143,0,0,1,Pediatría,0.5,Cardiovasculares
2481,MED-3480,Higiene Personal,Pfizer,Barranquilla,Alta (Invierno),Manual,5136.8,3295.2,1841.6,4,10,218,17.12,1.11,527,0,6,58,0,0,0,Pediatría,1.0,Pediatría
2482,MED-3481,Cardiovasculares,Roche,Cali,Alta (Epidemia),Proveedor Programado,7727.21,6214.88,1512.33,57,66,202,2.17,3.39,96,2,5,343,0,1,0,Pediatría,0.5,Cardiovasculares
2483,MED-3482,Analgésicos,Roche,Medellín,Promoción,Manual,58211.1,38349.63,19861.47,32,49,267,2.25,4.6,112,2,2,556,1,0,1,Pediatría,0.5,Analgésicos
2484,MED-3483,Pediatría,La Santé,Medellín,Alta (Invierno),Manual,31490.37,18930.31,12560.06,385,30,155,21.23,6.41,638,2,11,141,0,0,1,Pediatría,0.75,Pediatría
2485,MED-3484,Antigripales,Roche,Medellín,Alta (Invierno),Manual,4700.14,3548.29,1151.85,446,18,252,26.34,5.91,776,3,12,742,1,1,1,Pediatría,0.75,Pediatría
2486,MED-3485,Antigripales,La Santé,Medellín,Alta (Invierno),Manual,43378.8,33625.88,9752.92,14,32,250,12.89,6.54,358,1,14,141,1,1,0,Dermatológicos,0.5,Antigripales
2487,MED-3486,Higiene Personal,La Santé,Bogotá,Promoción,Automático (ML),21232.98,17828.47,3404.51,426,37,350,13.1,5.07,353,0,10,59,0,0,1,Pediatría,0.75,Pediatría
2488,MED-3487,Analgésicos,Novartis,Medellín,Promoción,Proveedor Programado,74476.14,60915.11,13561.03,155,76,242,33.67,4.8,1006,1,5,874,1,0,0,Antigripales,0.25,Analgésicos
2489,MED-3488,Antigripales,Sanofi,Bogotá,Normal,Manual,17423.16,12017.07,5406.09,318,59,403,26.21,4.66,793,0,12,516,1,0,0,Dermatológicos,0.25,Antigripales
2490,MED-3489,Cardiovasculares,Pfizer,Cali,Alta (Invierno),Proveedor Programado,75213.65,51033.17,24180.48,131,53,423,6.55,1.71,184,1,8,785,0,0,1,Pediatría,0.5,Cardiovasculares
2491,MED-3490,Cardiovasculares,Tecnoquímicas,Cartagena,Alta (Epidemia),Automático (ML),59504.29,36408.41,23095.88,207,33,377,15.72,6.75,459,2,10,548,1,0,1,Pediatría,0.5,Cardiovasculares
2492,MED-3491,Diabetes,Tecnoquímicas,Medellín,Alta (Invierno),Manual,67135.1,48887.01,18248.09,192,68,240,18.17,7.23,534,0,3,559,0,0,0,Pediatría,0.5,Diabetes
2493,MED-3492,Vitaminas,Novartis,Bogotá,Normal,Proveedor Programado,31536.31,20458.9,11077.41,307,52,168,12.21,7.2,382,0,12,208,1,1,0,Pediatría,0.5,Vitaminas
2494,MED-3493,Gastrointestinales,Novartis,Cartagena,Alta (Invierno),Proveedor Programado,9499.06,6663.0,2836.06,424,63,267,27.63,8.35,833,2,9,99,0,0,1,Dermatológicos,0.5,Gastrointestinales
2495,MED-3494,Cardiovasculares,Bayer,Barranquilla,Alta (Invierno),Proveedor Programado,15896.2,11184.59,4711.61,418,36,430,9.05,1.92,287,2,14,463,1,0,1,Pediatría,0.75,Pediatría
2496,MED-3495,Analgésicos,Sanofi,Medellín,Promoción,Manual,4894.66,3107.5,1787.16,31,50,162,13.58,3.45,385,2,7,652,0,0,0,Pediatría,0.75,Pediatría
2497,MED-3496,Dermatológicos,Sanofi,Barranquilla,Alta (Epidemia),Manual,54002.27,38438.19,15564.08,287,19,221,29.9,2.88,890,5,13,458,0,0,1,Pediatría,0.5,Dermatológicos
2498,MED-3497,Gastrointestinales,Genfar,Cartagena,Alta (Epidemia),Manual,67556.59,47044.16,20512.43,425,28,117,5.53,5.52,171,1,4,587,1,0,0,Cardiovasculares,0.5,Gastrointestinales
2499,MED-3498,Antibióticos,Genfar,Barranquilla,Alta (Invierno),Automático (ML),65317.44,40305.53,25011.91,284,35,111,1.54,3.86,38,2,12,399,0,1,1,Dermatológicos,0.25,Antibióticos
2500,MED-3499,Antigripales,Roche,Barranquilla,Alta (Epidemia),Automático (ML),45084.82,32060.22,13024.6,481,19,93,30.57,4.65,924,3,3,880,0,1,1,Pediatría,0.75,Pediatría
2501,MED-3500,Diabetes,Bayer,Cali,Alta (Epidemia),Automático (ML),30686.25,23966.59,6719.66,431,23,166,6.29,8.23,187,3,7,70,0,0,0,Pediatría,0.5,Diabetes
2502,MED-3501,Gastrointestinales,Pfizer,Barranquilla,Alta (Epidemia),Manual,29604.08,19406.96,10197.12,228,11,77,20.35,7.37,609,1,14,36,0,1,1,Pediatría,0.75,Pediatría
2503,MED-3502,Cardiovasculares,Tecnoquímicas,Bogotá,Normal,Proveedor Programado,42619.34,36141.15,6478.19,180,34,392,16.0,2.03,482,2,13,367,1,0,1,Pediatría,0.5,Cardiovasculares
2504,MED-3503,Diabetes,Novartis,Barranquilla,Alta (Epidemia),Manual,36482.55,23587.69,12894.86,386,78,442,22.85,7.68,704,2,9,381,0,1,0,Pediatría,0.5,Diabetes
2505,MED-3504,Vitaminas,Bayer,Cali,Alta (Invierno),Automático (ML),10564.98,8163.15,2401.83,458,78,145,26.02,8.42,783,0,10,863,0,0,0,Dermatológicos,0.5,Vitaminas
2506,MED-3505,Pediatría,Abbott,Bogotá,Alta (Invierno),Proveedor Programado,21218.92,14824.87,6394.05,395,11,231,21.37,7.92,636,4,5,75,0,0,1,Cardiovasculares,0.5,Pediatría
2507,MED-3506,Antibióticos,Genfar,Cartagena,Alta (Invierno),Proveedor Programado,59242.84,39809.57,19433.27,412,78,415,26.3,8.12,809,0,1,208,1,1,1,Dermatológicos,0.5,Antibióticos
2508,MED-3507,Higiene Personal,Roche,Barranquilla,Promoción,Manual,73473.64,61084.05,12389.59,16,54,232,31.03,5.52,927,1,6,81,1,0,0,Dermatológicos,0.5,Higiene Personal
2509,MED-3508,Vitaminas,Sanofi,Barranquilla,Promoción,Manual,17865.17,13056.62,4808.55,90,15,294,20.78,4.11,589,0,13,72,0,0,0,Pediatría,1.0,Pediatría
2510,MED-3509,Diabetes,Sanofi,Bogotá,Promoción,Automático (ML),77459.41,51606.91,25852.5,101,73,468,28.69,7.26,846,2,14,892,1,1,1,Gastrointestinales,0.5,Diabetes
2511,MED-3510,Antigripales,Genfar,Cartagena,Alta (Epidemia),Manual,36077.85,24010.08,12067.77,129,21,259,5.7,2.07,180,1,7,194,0,0,1,Pediatría,0.5,Antigripales
2512,MED-3511,Gastrointestinales,Tecnoquímicas,Medellín,Normal,Proveedor Programado,28192.62,19880.31,8312.31,208,22,265,5.24,5.43,181,0,4,550,1,0,0,Pediatría,0.75,Pediatría
2513,MED-3512,Antibióticos,MK,Bogotá,Alta (Invierno),Manual,11504.39,8152.26,3352.13,61,11,391,38.71,2.3,1145,2,8,529,0,1,0,Pediatría,1.0,Pediatría
2514,MED-3513,Gastrointestinales,Abbott,Barranquilla,Alta (Epidemia),Automático (ML),18090.79,12702.99,5387.8,118,41,199,28.63,7.64,892,1,9,424,1,1,1,Pediatría,0.75,Pediatría
2515,MED-3514,Analgésicos,Bayer,Bogotá,Alta (Invierno),Automático (ML),32339.02,26020.58,6318.44,45,37,330,35.45,4.82,1056,0,2,435,1,1,1,Pediatría,0.75,Pediatría
2516,MED-3515,Dermatológicos,Novartis,Barranquilla,Promoción,Automático (ML),26845.32,19814.6,7030.72,156,71,332,23.46,6.42,695,3,7,559,1,1,1,Pediatría,0.75,Pediatría
2517,MED-3516,Dermatológicos,Pfizer,Barranquilla,Alta (Invierno),Automático (ML),13252.09,8615.37,4636.72,338,75,206,16.96,9.81,472,2,6,492,1,1,0,Dermatológicos,0.25,Dermatológicos
2518,MED-3517,Dermatológicos,La Santé,Bogotá,Normal,Automático (ML),17417.01,12719.93,4697.08,252,58,343,36.54,1.19,1071,0,14,614,0,1,1,Dermatológicos,0.25,Dermatológicos
2519,MED-3518,Antigripales,Abbott,Medellín,Normal,Proveedor Programado,49286.42,38266.01,11020.41,85,59,139,26.78,9.26,761,3,5,69,1,1,1,Pediatría,0.5,Antigripales
2520,MED-3519,Pediatría,MK,Barranquilla,Promoción,Manual,74677.52,54661.28,20016.24,23,44,379,1.63,0.77,46,0,14,760,0,1,0,Pediatría,0.5,Pediatría
2521,MED-3520,Pediatría,Sanofi,Medellín,Alta (Epidemia),Manual,48048.24,33732.17,14316.07,235,38,179,29.23,2.87,888,3,11,131,0,1,1,Pediatría,0.75,Pediatría
2522,MED-3521,Analgésicos,MK,Cali,Alta (Epidemia),Manual,62400.34,43769.27,18631.07,389,51,219,13.1,4.34,399,1,14,497,0,0,1,Dermatológicos,0.25,Analgésicos
2523,MED-3522,Cardiovasculares,Genfar,Barranquilla,Alta (Epidemia),Manual,20301.25,15184.27,5116.98,209,20,106,9.13,4.16,286,1,4,546,0,1,1,Pediatría,0.75,Pediatría
2524,MED-3523,Higiene Personal,Roche,Cartagena,Alta (Epidemia),Proveedor Programado,11464.96,9016.85,2448.11,153,59,390,6.78,2.28,192,2,1,311,1,1,1,Pediatría,0.5,Higiene Personal
2525,MED-3524,Cardiovasculares,Sanofi,Medellín,Alta (Epidemia),Automático (ML),31150.65,23904.35,7246.3,125,79,429,16.97,6.33,516,2,8,74,1,1,0,Pediatría,0.75,Pediatría
2526,MED-3525,Dermatológicos,Tecnoquímicas,Bogotá,Alta (Epidemia),Proveedor Programado,68115.27,57556.78,10558.49,229,53,394,27.51,7.58,816,0,6,671,0,1,0,Antigripales,0.25,Dermatológicos
2527,MED-3526,Pediatría,Genfar,Cali,Alta (Epidemia),Proveedor Programado,50487.48,41620.98,8866.5,365,74,369,28.2,4.2,837,1,13,187,1,1,0,Gastrointestinales,0.25,Pediatría
2528,MED-3527,Pediatría,Tecnoquímicas,Barranquilla,Alta (Epidemia),Manual,57834.2,40626.21,17207.99,137,31,121,1.4,3.21,90,0,14,338,0,0,0,Dermatológicos,0.25,Pediatría
2529,MED-3528,Analgésicos,Roche,Cali,Promoción,Manual,59092.7,38994.55,20098.15,385,70,174,20.12,0.55,615,1,10,804,1,0,1,Pediatría,0.5,Analgésicos
2530,MED-3529,Antibióticos,Genfar,Medellín,Normal,Manual,22773.83,16534.24,6239.59,84,41,137,27.44,5.42,808,1,12,187,1,0,0,Pediatría,0.75,Pediatría
2531,MED-3530,Vitaminas,Pfizer,Barranquilla,Normal,Automático (ML),65350.08,54005.88,11344.2,222,77,179,20.94,8.85,619,3,12,883,1,1,1,Pediatría,0.5,Vitaminas
2532,MED-3531,Antigripales,Tecnoquímicas,Barranquilla,Alta (Epidemia),Automático (ML),45425.3,36904.32,8520.98,387,21,194,5.32,9.0,176,1,4,504,1,0,0,Pediatría,0.75,Pediatría
2533,MED-3532,Analgésicos,Genfar,Bogotá,Normal,Automático (ML),19059.82,15530.71,3529.11,370,74,235,27.86,1.82,797,0,11,472,1,1,1,Dermatológicos,0.25,Analgésicos
2534,MED-3533,Cardiovasculares,Pfizer,Medellín,Alta (Invierno),Proveedor Programado,44183.74,30785.16,13398.58,135,74,128,25.2,4.65,778,1,10,584,0,0,0,Antigripales,0.25,Cardiovasculares
2535,MED-3534,Gastrointestinales,Pfizer,Medellín,Normal,Manual,68272.07,46534.42,21737.65,370,35,212,35.3,1.93,1062,3,10,38,1,1,1,Pediatría,0.5,Gastrointestinales
2536,MED-3535,Gastrointestinales,Novartis,Cartagena,Promoción,Manual,24805.11,18601.22,6203.89,229,57,256,27.6,1.03,837,0,5,268,1,1,1,Dermatológicos,0.25,Gastrointestinales
2537,MED-3536,Analgésicos,Novartis,Barranquilla,Normal,Proveedor Programado,59204.86,48602.06,10602.8,292,50,104,35.93,9.75,1053,2,10,529,0,0,1,Pediatría,0.5,Analgésicos
2538,MED-3537,Gastrointestinales,Novartis,Cali,Alta (Invierno),Automático (ML),53329.9,32522.09,20807.81,426,49,99,36.7,6.08,1077,2,8,616,1,1,1,Pediatría,0.5,Gastrointestinales
2539,MED-3538,Antigripales,Pfizer,Bogotá,Alta (Invierno),Proveedor Programado,24888.69,19465.58,5423.11,498,75,243,5.06,7.39,151,2,8,568,1,0,0,Pediatría,0.5,Antigripales
2540,MED-3539,Dermatológicos,MK,Medellín,Promoción,Manual,67208.86,42809.25,24399.61,19,54,225,13.48,1.85,381,2,5,879,0,0,0,Pediatría,0.5,Dermatológicos
2541,MED-3540,Antigripales,Tecnoquímicas,Barranquilla,Alta (Epidemia),Manual,67805.64,44644.59,23161.05,139,14,326,36.08,9.08,1074,3,10,538,1,1,0,Pediatría,0.5,Antigripales
2542,MED-3541,Antibióticos,Bayer,Cali,Alta (Invierno),Proveedor Programado,10407.38,7487.23,2920.15,24,48,101,35.81,3.77,1047,0,1,568,1,1,1,Pediatría,0.5,Antibióticos
2543,MED-3542,Higiene Personal,Bayer,Bogotá,Alta (Epidemia),Proveedor Programado,22674.01,15685.72,6988.29,51,34,285,21.14,0.6,649,1,3,662,0,1,1,Pediatría,0.75,Pediatría
2544,MED-3543,Pediatría,Bayer,Medellín,Normal,Proveedor Programado,14922.01,12630.3,2291.71,147,39,98,32.3,9.83,957,0,13,670,1,1,1,Pediatría,0.5,Pediatría
2545,MED-3544,Antibióticos,Abbott,Cali,Alta (Invierno),Manual,7436.48,5232.51,2203.97,402,13,138,24.32,1.09,708,3,6,809,1,0,1,Pediatría,0.5,Antibióticos
2546,MED-3545,Analgésicos,MK,Medellín,Alta (Epidemia),Manual,24999.61,16310.24,8689.37,435,57,273,13.88,7.97,400,1,6,440,0,0,1,Pediatría,0.5,Analgésicos
2547,MED-3546,Cardiovasculares,Sanofi,Cali,Alta (Invierno),Automático (ML),62526.45,43271.9,19254.55,322,76,305,15.61,3.69,480,0,6,409,1,0,0,Pediatría,0.5,Cardiovasculares
2548,MED-3547,Antigripales,MK,Cartagena,Alta (Invierno),Proveedor Programado,15919.04,13488.41,2430.63,252,52,323,39.87,9.04,1240,1,14,231,0,0,0,Dermatológicos,0.25,Antigripales
2549,MED-3548,Analgésicos,MK,Cali,Promoción,Proveedor Programado,28158.11,17389.86,10768.25,371,67,169,30.52,3.82,942,1,5,378,0,0,0,Dermatológicos,0.5,Analgésicos
2550,MED-3549,Analgésicos,Genfar,Bogotá,Alta (Invierno),Manual,33926.73,25650.27,8276.46,118,15,189,21.02,1.58,638,1,9,810,1,1,1,Pediatría,0.5,Analgésicos
2551,MED-3550,Diabetes,Pfizer,Bogotá,Promoción,Automático (ML),30210.58,21843.02,8367.56,257,47,298,26.96,1.47,827,1,12,400,1,0,1,Pediatría,0.5,Diabetes
2552,MED-3551,Cardiovasculares,MK,Barranquilla,Alta (Epidemia),Automático (ML),58671.69,43300.34,15371.35,179,71,469,15.93,1.88,444,2,2,358,0,0,0,Pediatría,0.5,Cardiovasculares
2553,MED-3552,Dermatológicos,La Santé,Medellín,Normal,Manual,20986.45,16960.42,4026.03,467,32,108,2.05,7.1,62,1,10,344,0,0,1,Pediatría,0.5,Dermatológicos
2554,MED-3553,Diabetes,MK,Medellín,Normal,Manual,60732.08,42940.3,17791.78,71,65,281,29.77,7.45,887,2,3,257,1,0,0,Dermatológicos,0.5,Diabetes
2555,MED-3554,Vitaminas,Novartis,Cali,Promoción,Manual,38689.21,29420.39,9268.82,404,25,264,6.22,8.44,207,0,5,715,0,0,1,Pediatría,0.75,Pediatría
2556,MED-3555,Vitaminas,MK,Medellín,Alta (Epidemia),Manual,45050.26,36027.03,9023.23,178,63,308,16.69,0.7,460,3,14,566,1,0,1,Cardiovasculares,0.75,Cardiovasculares
2557,MED-3556,Cardiovasculares,Tecnoquímicas,Cartagena,Promoción,Proveedor Programado,23296.37,19250.29,4046.08,164,54,374,24.77,8.21,709,1,4,789,0,1,1,Dermatológicos,0.5,Cardiovasculares
2558,MED-3557,Gastrointestinales,Tecnoquímicas,Barranquilla,Normal,Proveedor Programado,77594.41,56458.93,21135.48,57,48,360,24.48,6.56,701,1,6,105,0,1,0,Antigripales,0.25,Gastrointestinales
2559,MED-3558,Cardiovasculares,La Santé,Cartagena,Alta (Invierno),Proveedor Programado,49114.04,35704.0,13410.04,389,27,354,18.72,3.23,548,1,9,704,1,0,1,Dermatológicos,0.25,Cardiovasculares
2560,MED-3559,Vitaminas,La Santé,Cartagena,Normal,Manual,78363.96,65291.5,13072.46,16,60,337,18.74,9.46,539,2,12,416,0,1,0,Pediatría,0.5,Vitaminas
2561,MED-3560,Pediatría,La Santé,Barranquilla,Promoción,Proveedor Programado,56082.31,36534.07,19548.24,51,62,142,3.88,9.88,146,4,6,631,1,1,0,Pediatría,0.5,Pediatría
2562,MED-3561,Antigripales,Abbott,Medellín,Alta (Invierno),Automático (ML),10575.03,6348.06,4226.97,127,57,420,2.64,2.73,77,1,7,471,0,0,0,Pediatría,0.75,Pediatría
2563,MED-3562,Vitaminas,Pfizer,Bogotá,Normal,Manual,77979.79,60304.79,17675.0,139,57,415,12.59,1.93,402,1,11,623,1,0,0,Pediatría,0.5,Vitaminas
2564,MED-3563,Gastrointestinales,Novartis,Barranquilla,Normal,Proveedor Programado,39036.05,29711.86,9324.19,102,64,297,23.87,4.2,722,0,7,53,0,1,0,Antigripales,0.25,Gastrointestinales
2565,MED-3564,Diabetes,Tecnoquímicas,Bogotá,Alta (Invierno),Proveedor Programado,22783.21,16096.68,6686.53,25,19,79,38.65,1.48,1195,5,14,801,0,1,0,Pediatría,0.75,Pediatría
2566,MED-3565,Pediatría,Roche,Cartagena,Alta (Epidemia),Proveedor Programado,67124.32,55738.42,11385.9,5,51,353,23.87,2.37,686,1,12,246,1,0,1,Gastrointestinales,0.25,Pediatría
2567,MED-3566,Antibióticos,Abbott,Bogotá,Alta (Invierno),Manual,74092.27,58494.51,15597.76,483,54,157,17.98,3.7,536,1,13,251,0,1,1,Diabetes,0.5,Antibióticos
2568,MED-3567,Dermatológicos,Genfar,Medellín,Promoción,Manual,29892.98,19239.55,10653.43,376,33,147,28.24,7.73,846,1,8,266,0,0,1,Pediatría,0.5,Dermatológicos
2569,MED-3568,Dermatológicos,MK,Medellín,Normal,Automático (ML),47984.1,30504.99,17479.11,374,19,317,38.65,1.94,1149,0,9,700,0,1,1,Gastrointestinales,0.5,Dermatológicos
2570,MED-3569,Dermatológicos,Roche,Barranquilla,Alta (Invierno),Manual,38976.89,28930.11,10046.78,296,35,213,3.44,4.05,131,1,12,482,0,0,0,Pediatría,0.5,Dermatológicos
2571,MED-3570,Dermatológicos,Tecnoquímicas,Cali,Promoción,Manual,14814.65,9269.16,5545.49,199,34,365,36.79,2.64,1093,0,4,604,1,1,1,Pediatría,0.75,Pediatría
2572,MED-3571,Analgésicos,Tecnoquímicas,Barranquilla,Normal,Manual,64433.62,46642.5,17791.12,133,22,245,15.47,2.09,454,0,14,348,0,1,1,Dermatológicos,0.25,Analgésicos
2573,MED-3572,Higiene Personal,La Santé,Bogotá,Alta (Epidemia),Manual,34015.57,24130.15,9885.42,126,33,187,37.01,8.68,1069,3,14,603,1,1,1,Pediatría,0.75,Pediatría
2574,MED-3573,Pediatría,MK,Barranquilla,Promoción,Proveedor Programado,7442.38,5412.23,2030.15,435,63,220,5.04,4.26,157,0,7,627,0,0,1,Pediatría,0.5,Pediatría
2575,MED-3574,Cardiovasculares,Genfar,Cali,Alta (Invierno),Automático (ML),55716.95,39262.23,16454.72,77,64,385,34.43,6.07,1016,2,12,715,1,1,1,Pediatría,0.5,Cardiovasculares
2576,MED-3575,Vitaminas,MK,Cali,Alta (Invierno),Manual,65381.13,52812.91,12568.22,378,62,443,3.46,6.15,156,0,5,791,1,0,1,Pediatría,0.5,Vitaminas
2577,MED-3576,Gastrointestinales,Novartis,Bogotá,Alta (Invierno),Proveedor Programado,53219.28,39203.66,14015.62,480,39,316,1.84,8.21,81,0,3,701,0,0,1,Pediatría,0.5,Gastrointestinales
2578,MED-3577,Pediatría,MK,Medellín,Alta (Epidemia),Manual,27016.97,19175.83,7841.14,39,68,436,11.65,8.29,346,0,4,72,0,1,1,Pediatría,0.5,Pediatría
2579,MED-3578,Antigripales,Bayer,Medellín,Alta (Epidemia),Automático (ML),20896.25,17182.31,3713.94,40,34,133,24.22,6.47,747,3,5,435,1,0,1,Pediatría,1.0,Pediatría
2580,MED-3579,Antigripales,Abbott,Medellín,Promoción,Manual,53680.58,35548.4,18132.18,298,62,241,31.67,2.41,944,0,2,653,1,0,0,Antigripales,0.25,Antigripales
2581,MED-3580,Cardiovasculares,Sanofi,Bogotá,Alta (Epidemia),Proveedor Programado,29567.28,24059.72,5507.56,316,65,383,2.24,5.66,62,0,11,859,1,0,1,Pediatría,0.75,Pediatría
2582,MED-3581,Antibióticos,Genfar,Medellín,Normal,Manual,15315.33,12393.94,2921.39,399,21,158,19.74,8.17,599,1,14,752,0,0,1,Pediatría,0.5,Antibióticos
2583,MED-3582,Pediatría,Novartis,Medellín,Alta (Invierno),Manual,51995.93,40330.47,11665.46,309,37,137,17.9,4.14,538,3,5,98,0,0,0,Pediatría,0.5,Pediatría
2584,MED-3583,Antibióticos,MK,Bogotá,Alta (Epidemia),Proveedor Programado,51107.59,41757.15,9350.44,102,33,418,23.85,3.2,713,0,8,129,1,0,1,Antigripales,0.25,Antibióticos
2585,MED-3584,Higiene Personal,MK,Barranquilla,Promoción,Proveedor Programado,48432.0,35722.04,12709.96,294,12,129,36.81,7.96,1102,2,13,218,1,1,1,Pediatría,0.5,Higiene Personal
2586,MED-3585,Analgésicos,Pfizer,Cartagena,Normal,Proveedor Programado,68426.33,54717.47,13708.86,336,69,328,16.81,9.7,505,1,1,444,1,1,0,Pediatría,0.5,Analgésicos
2587,MED-3586,Cardiovasculares,Tecnoquímicas,Cali,Alta (Invierno),Proveedor Programado,19777.77,15640.84,4136.93,367,52,194,13.89,6.84,403,0,14,92,0,0,1,Pediatría,0.5,Cardiovasculares
2588,MED-3587,Vitaminas,Roche,Cartagena,Promoción,Automático (ML),28063.57,21801.11,6262.46,316,70,415,21.32,2.96,641,1,9,614,1,0,1,Pediatría,0.5,Vitaminas
2589,MED-3588,Higiene Personal,La Santé,Barranquilla,Promoción,Automático (ML),12687.95,8810.45,3877.5,57,31,104,17.82,1.77,548,2,8,93,1,1,0,Pediatría,1.0,Pediatría
2590,MED-3589,Pediatría,Sanofi,Medellín,Alta (Invierno),Automático (ML),38405.76,30006.08,8399.68,275,34,126,31.6,6.99,949,1,12,694,0,0,0,Pediatría,0.5,Pediatría
2591,MED-3590,Cardiovasculares,MK,Medellín,Normal,Manual,55633.3,41865.24,13768.06,20,59,380,5.82,4.59,172,2,1,127,0,0,1,Pediatría,0.5,Cardiovasculares
2592,MED-3591,Antibióticos,Bayer,Cali,Alta (Invierno),Proveedor Programado,30196.96,23832.39,6364.57,211,52,440,21.88,9.77,684,0,14,296,1,0,0,Dermatológicos,0.25,Antibióticos
2593,MED-3592,Dermatológicos,Abbott,Cartagena,Normal,Manual,48290.72,29181.17,19109.55,168,40,408,15.34,5.3,463,2,4,325,1,1,0,Pediatría,0.75,Pediatría
2594,MED-3593,Cardiovasculares,Roche,Cartagena,Alta (Epidemia),Proveedor Programado,32172.66,23971.23,8201.43,41,33,245,39.9,4.36,1196,0,11,112,0,0,0,Pediatría,0.75,Pediatría
2595,MED-3594,Antibióticos,Novartis,Bogotá,Normal,Manual,29730.59,19020.12,10710.47,157,78,389,36.57,9.05,1090,1,8,505,1,1,1,Dermatológicos,0.25,Antibióticos
2596,MED-3595,Analgésicos,MK,Bogotá,Normal,Manual,78829.57,48712.34,30117.23,361,56,241,29.81,7.38,908,1,8,330,1,0,0,Diabetes,0.5,Analgésicos
2597,MED-3596,Higiene Personal,La Santé,Medellín,Promoción,Manual,32416.55,27196.19,5220.36,380,67,299,25.66,4.56,752,2,14,329,0,0,1,Pediatría,0.5,Higiene Personal
2598,MED-3597,Analgésicos,La Santé,Medellín,Alta (Epidemia),Manual,75840.63,51655.2,24185.43,76,21,148,39.17,0.93,1187,2,4,112,0,0,1,Antigripales,0.25,Analgésicos
2599,MED-3598,Higiene Personal,MK,Barranquilla,Alta (Invierno),Proveedor Programado,23131.72,17147.33,5984.39,284,76,270,35.8,9.94,1028,4,1,466,0,0,1,Dermatológicos,0.5,Higiene Personal
2600,MED-3599,Cardiovasculares,Novartis,Barranquilla,Alta (Invierno),Automático (ML),37583.57,25782.2,11801.37,60,41,364,26.69,9.31,783,1,7,305,1,0,0,Pediatría,0.5,Cardiovasculares
2601,MED-3600,Vitaminas,Novartis,Medellín,Promoción,Proveedor Programado,12346.56,7764.89,4581.67,284,41,263,30.89,4.0,916,0,1,389,0,0,1,Pediatría,0.5,Vitaminas
2602,MED-3601,Cardiovasculares,Pfizer,Cartagena,Alta (Epidemia),Proveedor Programado,59576.9,48837.96,10738.94,206,63,188,28.67,1.15,892,1,4,537,0,1,0,Antigripales,0.25,Cardiovasculares
2603,MED-3602,Cardiovasculares,Abbott,Bogotá,Alta (Invierno),Automático (ML),9092.45,7613.41,1479.04,450,34,148,16.53,3.27,480,1,10,486,1,0,0,Pediatría,0.75,Pediatría
2604,MED-3603,Antibióticos,Genfar,Medellín,Alta (Invierno),Manual,24827.06,15428.14,9398.92,499,74,364,26.0,8.52,819,1,10,291,0,0,0,Dermatológicos,0.25,Antibióticos
2605,MED-3604,Higiene Personal,Novartis,Medellín,Alta (Epidemia),Manual,36516.44,28436.7,8079.74,412,55,135,30.49,2.1,948,1,12,689,1,0,1,Pediatría,0.5,Higiene Personal
2606,MED-3605,Gastrointestinales,Bayer,Barranquilla,Promoción,Automático (ML),65124.56,44458.52,20666.04,120,57,241,11.72,8.94,368,2,12,783,1,0,0,Pediatría,0.5,Gastrointestinales
2607,MED-3606,Cardiovasculares,La Santé,Cartagena,Alta (Invierno),Manual,35025.99,26957.96,8068.03,145,39,140,26.21,2.44,786,1,7,515,0,1,0,Pediatría,0.5,Cardiovasculares
2608,MED-3607,Antibióticos,Roche,Medellín,Promoción,Proveedor Programado,42709.51,32515.94,10193.57,110,56,212,37.78,6.89,1131,1,7,302,1,1,0,Pediatría,0.5,Antibióticos
2609,MED-3608,Diabetes,Novartis,Bogotá,Alta (Epidemia),Proveedor Programado,6063.02,4985.33,1077.69,219,25,181,3.41,6.33,121,4,2,866,1,0,1,Pediatría,0.5,Diabetes
2610,MED-3609,Gastrointestinales,Abbott,Medellín,Normal,Proveedor Programado,74874.62,45940.63,28933.99,173,72,250,33.09,2.55,1036,1,2,627,0,1,1,Pediatría,0.5,Gastrointestinales
2611,MED-3610,Gastrointestinales,Sanofi,Cartagena,Promoción,Manual,4921.09,4097.73,823.36,227,63,214,5.24,3.25,163,4,10,254,1,0,0,Cardiovasculares,0.5,Gastrointestinales
2612,MED-3611,Gastrointestinales,Abbott,Medellín,Alta (Epidemia),Proveedor Programado,54666.47,35993.89,18672.58,474,40,93,23.8,1.01,689,1,6,409,0,1,1,Gastrointestinales,0.25,Gastrointestinales
2613,MED-3612,Antigripales,Roche,Cali,Promoción,Proveedor Programado,9779.16,7628.82,2150.34,328,70,245,36.71,3.81,1105,2,12,289,0,1,1,Dermatológicos,0.25,Antigripales
2614,MED-3613,Vitaminas,Roche,Cartagena,Normal,Automático (ML),61828.11,46879.4,14948.71,349,40,169,4.05,1.16,122,3,6,741,1,1,0,Dermatológicos,0.25,Vitaminas
2615,MED-3614,Pediatría,Sanofi,Barranquilla,Alta (Epidemia),Manual,19133.76,11518.87,7614.89,348,19,116,10.15,6.08,325,1,4,728,1,1,1,Pediatría,1.0,Pediatría
2616,MED-3615,Analgésicos,Novartis,Bogotá,Promoción,Automático (ML),12915.96,10738.79,2177.17,6,21,215,8.33,5.51,274,2,4,686,1,1,1,Pediatría,0.75,Pediatría
2617,MED-3616,Pediatría,Roche,Cali,Promoción,Automático (ML),5150.04,4344.14,805.9,326,52,388,25.77,2.31,744,0,9,92,0,0,1,Pediatría,0.5,Pediatría
2618,MED-3617,Antibióticos,Sanofi,Barranquilla,Alta (Invierno),Automático (ML),61440.1,41819.0,19621.1,183,57,253,3.11,5.2,96,1,12,438,1,1,0,Pediatría,0.5,Antibióticos
2619,MED-3618,Cardiovasculares,Roche,Cartagena,Normal,Automático (ML),59957.2,44837.49,15119.71,88,60,373,22.12,8.23,702,2,8,52,1,0,1,Antigripales,0.25,Cardiovasculares
2620,MED-3619,Dermatológicos,La Santé,Bogotá,Alta (Invierno),Proveedor Programado,78084.42,47679.7,30404.72,480,11,263,9.91,6.44,290,0,12,887,1,0,1,Dermatológicos,0.25,Dermatológicos
2621,MED-3620,Vitaminas,Pfizer,Bogotá,Alta (Invierno),Automático (ML),61028.27,42255.13,18773.14,459,55,158,23.05,0.79,687,0,9,704,0,1,0,Gastrointestinales,0.5,Vitaminas
2622,MED-3621,Cardiovasculares,Sanofi,Cali,Normal,Manual,36768.61,23881.51,12887.1,15,35,427,14.63,9.4,466,3,7,60,0,1,1,Pediatría,0.75,Pediatría
2623,MED-3622,Gastrointestinales,Novartis,Bogotá,Alta (Invierno),Manual,3167.38,2386.2,781.18,270,75,342,36.53,7.53,1078,0,11,674,0,0,1,Dermatológicos,0.25,Gastrointestinales
2624,MED-3623,Diabetes,Tecnoquímicas,Cartagena,Alta (Invierno),Proveedor Programado,26023.68,16990.35,9033.33,470,53,246,35.19,8.27,1056,1,7,609,1,1,0,Dermatológicos,0.5,Diabetes
2625,MED-3624,Higiene Personal,La Santé,Barranquilla,Alta (Invierno),Manual,77721.65,63668.49,14053.16,310,15,262,20.88,2.27,637,3,3,373,0,1,1,Dermatológicos,0.5,Higiene Personal
2626,MED-3625,Analgésicos,Bayer,Bogotá,Alta (Invierno),Manual,49743.61,39281.53,10462.08,467,19,207,2.04,8.48,71,2,11,474,1,1,1,Pediatría,0.5,Analgésicos
2627,MED-3626,Antibióticos,Roche,Cartagena,Alta (Epidemia),Proveedor Programado,42245.89,28773.7,13472.19,35,66,450,28.73,3.53,874,1,8,501,0,0,1,Antigripales,0.25,Antibióticos
2628,MED-3627,Cardiovasculares,Tecnoquímicas,Bogotá,Alta (Epidemia),Proveedor Programado,19486.35,12107.01,7379.34,33,71,219,19.25,1.64,574,1,6,464,0,1,1,Pediatría,0.5,Cardiovasculares
2629,MED-3628,Cardiovasculares,Abbott,Cartagena,Normal,Proveedor Programado,63696.95,52758.02,10938.93,87,33,293,26.76,8.47,846,2,8,448,1,0,0,Pediatría,0.5,Cardiovasculares
2630,MED-3629,Higiene Personal,Abbott,Medellín,Promoción,Proveedor Programado,43593.0,26363.98,17229.02,467,26,165,37.19,1.33,1122,0,9,601,0,0,0,Gastrointestinales,0.5,Higiene Personal
2631,MED-3630,Antigripales,Sanofi,Cali,Normal,Manual,14215.62,10206.29,4009.33,207,34,238,15.31,1.36,482,1,2,827,0,1,1,Pediatría,1.0,Pediatría
2632,MED-3631,Dermatológicos,Tecnoquímicas,Medellín,Normal,Automático (ML),45735.19,36609.33,9125.86,39,35,357,9.79,0.82,269,1,1,108,1,1,1,Pediatría,0.5,Dermatológicos
2633,MED-3632,Cardiovasculares,Novartis,Barranquilla,Alta (Epidemia),Manual,65309.64,41145.47,24164.17,474,29,330,5.67,4.98,150,2,6,507,1,0,1,Pediatría,0.5,Cardiovasculares
2634,MED-3633,Vitaminas,MK,Bogotá,Alta (Epidemia),Automático (ML),64710.14,44205.1,20505.04,210,70,244,37.35,2.3,1128,1,12,883,1,1,0,Gastrointestinales,0.5,Vitaminas
2635,MED-3634,Gastrointestinales,Sanofi,Medellín,Alta (Invierno),Manual,70000.26,57762.72,12237.54,70,69,257,12.41,7.04,370,4,1,250,0,0,1,Pediatría,0.5,Gastrointestinales
2636,MED-3635,Antigripales,Genfar,Cali,Promoción,Manual,26558.62,20422.06,6136.56,98,18,73,12.56,9.96,363,4,10,879,1,1,1,Pediatría,0.75,Pediatría
2637,MED-3636,Diabetes,Sanofi,Cali,Alta (Epidemia),Proveedor Programado,41528.63,25405.1,16123.53,303,58,191,25.39,4.91,747,0,10,690,1,1,0,Gastrointestinales,0.25,Diabetes
2638,MED-3637,Pediatría,Sanofi,Cali,Alta (Invierno),Manual,41740.66,32766.2,8974.46,299,24,81,14.67,6.97,429,1,6,102,0,0,1,Pediatría,0.75,Pediatría
2639,MED-3638,Analgésicos,Abbott,Bogotá,Alta (Invierno),Automático (ML),55931.02,39457.94,16473.08,65,35,115,2.21,5.07,47,2,9,416,1,1,0,Dermatológicos,0.5,Analgésicos
2640,MED-3639,Antibióticos,MK,Cartagena,Normal,Manual,21385.01,12959.73,8425.28,211,22,367,25.89,7.43,791,1,1,742,0,1,0,Pediatría,0.75,Pediatría
2641,MED-3640,Vitaminas,Pfizer,Bogotá,Promoción,Manual,72030.04,50277.31,21752.73,92,40,269,24.33,7.25,701,2,11,247,0,1,1,Diabetes,0.5,Vitaminas
2642,MED-3641,Vitaminas,Sanofi,Cali,Alta (Invierno),Proveedor Programado,16977.24,12776.1,4201.14,364,10,74,1.51,4.22,59,0,4,884,1,1,1,Pediatría,1.0,Pediatría
2643,MED-3642,Higiene Personal,La Santé,Medellín,Alta (Invierno),Proveedor Programado,65800.29,53622.71,12177.58,325,10,409,17.17,0.59,509,1,13,841,1,0,1,Dermatológicos,0.25,Higiene Personal
2644,MED-3643,Vitaminas,La Santé,Bogotá,Promoción,Manual,40937.56,28238.83,12698.73,491,26,195,25.78,8.61,755,2,1,798,1,1,1,Pediatría,0.5,Vitaminas
2645,MED-3644,Pediatría,Pfizer,Barranquilla,Normal,Manual,31155.01,23694.94,7460.07,167,65,177,14.81,3.79,426,5,14,154,1,0,0,Cardiovasculares,0.5,Pediatría
2646,MED-3645,Gastrointestinales,Tecnoquímicas,Cartagena,Normal,Automático (ML),5605.28,4407.87,1197.41,385,29,281,9.79,5.32,275,1,3,833,1,1,1,Pediatría,0.75,Pediatría
2647,MED-3646,Dermatológicos,Abbott,Medellín,Alta (Epidemia),Proveedor Programado,32555.28,27182.82,5372.46,477,53,426,36.37,1.21,1096,3,13,205,0,1,0,Pediatría,0.5,Dermatológicos
2648,MED-3647,Dermatológicos,Abbott,Cartagena,Alta (Epidemia),Manual,18952.62,14320.14,4632.48,424,39,221,10.06,1.06,288,1,6,220,1,0,1,Pediatría,0.5,Dermatológicos
2649,MED-3648,Pediatría,Tecnoquímicas,Cartagena,Promoción,Manual,46955.33,28872.08,18083.25,443,37,166,2.72,4.56,84,2,5,150,1,1,0,Dermatológicos,0.5,Pediatría
2650,MED-3649,Analgésicos,La Santé,Medellín,Promoción,Proveedor Programado,11941.8,9851.35,2090.45,449,50,226,4.21,9.07,113,1,13,426,0,0,0,Pediatría,0.5,Analgésicos
2651,MED-3650,Antibióticos,Novartis,Medellín,Promoción,Manual,60126.57,44327.38,15799.19,292,42,372,28.91,5.61,890,2,8,814,0,0,0,Pediatría,0.75,Pediatría
2652,MED-3651,Higiene Personal,Roche,Medellín,Promoción,Manual,63394.02,38877.78,24516.24,340,37,428,21.34,9.15,666,0,7,439,1,0,0,Pediatría,0.5,Higiene Personal
2653,MED-3652,Gastrointestinales,MK,Barranquilla,Promoción,Manual,30827.7,25478.07,5349.63,45,10,203,11.69,4.8,372,1,3,429,0,1,1,Pediatría,0.75,Pediatría
2654,MED-3653,Vitaminas,La Santé,Bogotá,Alta (Epidemia),Manual,33418.39,27067.36,6351.03,490,32,356,13.7,8.02,419,2,5,681,0,1,1,Pediatría,0.5,Vitaminas
2655,MED-3654,Cardiovasculares,La Santé,Medellín,Alta (Epidemia),Proveedor Programado,56043.68,35620.65,20423.03,473,21,216,1.84,1.9,59,0,8,216,0,1,0,Dermatológicos,0.25,Cardiovasculares
2656,MED-3655,Antibióticos,Novartis,Cartagena,Normal,Automático (ML),47807.47,32491.32,15316.15,321,55,376,7.77,4.54,244,2,5,324,1,1,0,Pediatría,0.75,Pediatría
2657,MED-3656,Dermatológicos,Tecnoquímicas,Barranquilla,Promoción,Manual,4983.0,3950.41,1032.59,358,53,211,11.12,6.94,346,1,5,845,1,1,1,Pediatría,0.5,Dermatológicos
2658,MED-3657,Vitaminas,Roche,Barranquilla,Normal,Automático (ML),56539.37,38986.2,17553.17,457,73,284,10.86,5.37,344,1,6,545,0,0,1,Pediatría,0.5,Vitaminas
2659,MED-3658,Vitaminas,Roche,Cartagena,Alta (Epidemia),Automático (ML),38397.63,28514.43,9883.2,202,36,203,29.09,2.84,911,0,8,497,1,1,1,Pediatría,0.5,Vitaminas
2660,MED-3659,Analgésicos,Roche,Cartagena,Normal,Proveedor Programado,7621.74,6067.23,1554.51,256,42,126,7.46,3.66,233,1,5,289,0,0,0,Pediatría,0.5,Analgésicos
2661,MED-3660,Higiene Personal,Roche,Cartagena,Alta (Epidemia),Automático (ML),28471.43,17836.48,10634.95,365,15,231,7.59,8.16,204,1,6,592,0,0,0,Pediatría,0.75,Pediatría
2662,MED-3661,Gastrointestinales,MK,Bogotá,Normal,Proveedor Programado,11815.18,7157.22,4657.96,419,69,125,28.28,5.61,846,0,4,779,1,1,1,Dermatológicos,0.5,Gastrointestinales
2663,MED-3662,Vitaminas,Tecnoquímicas,Barranquilla,Alta (Epidemia),Proveedor Programado,23478.66,19611.0,3867.66,284,14,128,20.19,4.98,627,2,6,890,1,1,1,Pediatría,0.75,Pediatría
2664,MED-3663,Diabetes,MK,Cartagena,Alta (Epidemia),Automático (ML),53004.38,38129.57,14874.81,202,58,229,17.87,8.09,512,1,12,150,1,1,0,Gastrointestinales,0.5,Diabetes
2665,MED-3664,Higiene Personal,Pfizer,Cartagena,Normal,Manual,41080.36,27968.45,13111.91,429,56,184,15.02,3.23,455,0,9,404,0,0,1,Pediatría,0.5,Higiene Personal
2666,MED-3665,Pediatría,Abbott,Cartagena,Normal,Manual,65943.17,43284.77,22658.4,97,43,160,18.73,8.31,532,2,5,703,1,0,1,Dermatológicos,0.25,Pediatría
2667,MED-3666,Antibióticos,Abbott,Bogotá,Alta (Epidemia),Proveedor Programado,55244.28,36817.93,18426.35,175,16,147,5.48,4.01,203,3,3,851,1,1,1,Dermatológicos,0.5,Antibióticos
2668,MED-3667,Antibióticos,Tecnoquímicas,Medellín,Promoción,Automático (ML),8007.96,5791.54,2216.42,131,20,344,39.19,3.93,1197,1,2,785,0,1,0,Pediatría,0.75,Pediatría
2669,MED-3668,Antibióticos,MK,Medellín,Normal,Manual,32815.4,27618.09,5197.31,398,27,114,24.88,2.02,710,2,3,745,1,1,0,Pediatría,0.75,Pediatría
2670,MED-3669,Antibióticos,Roche,Medellín,Promoción,Proveedor Programado,25583.14,20226.93,5356.21,88,55,251,34.55,4.42,1051,3,5,547,0,1,1,Pediatría,1.0,Pediatría
2671,MED-3670,Pediatría,Bayer,Bogotá,Alta (Invierno),Manual,51610.39,40037.38,11573.01,347,44,287,13.5,4.28,380,7,9,505,1,1,0,Cardiovasculares,0.5,Pediatría
2672,MED-3671,Gastrointestinales,La Santé,Medellín,Promoción,Automático (ML),56936.38,34956.17,21980.21,44,25,211,31.14,6.32,924,1,13,413,0,0,1,Diabetes,0.5,Gastrointestinales
2673,MED-3672,Antibióticos,La Santé,Cartagena,Normal,Proveedor Programado,66716.56,44604.08,22112.48,246,11,356,36.44,4.4,1076,0,11,722,1,0,1,Gastrointestinales,0.75,Gastrointestinales
2674,MED-3673,Antigripales,MK,Barranquilla,Normal,Proveedor Programado,22848.11,16509.55,6338.56,369,53,245,25.95,4.56,756,1,14,571,0,0,0,Dermatológicos,0.25,Antigripales
2675,MED-3674,Pediatría,Pfizer,Bogotá,Alta (Invierno),Proveedor Programado,71044.89,56001.79,15043.1,412,15,268,6.66,7.02,182,0,10,486,0,1,1,Dermatológicos,0.25,Pediatría
2676,MED-3675,Vitaminas,La Santé,Cali,Normal,Manual,64282.17,48630.81,15651.36,379,33,379,3.43,4.34,106,2,5,752,1,0,0,Pediatría,0.5,Vitaminas
2677,MED-3676,Higiene Personal,La Santé,Cartagena,Normal,Proveedor Programado,45060.18,29575.16,15485.02,407,71,224,10.82,5.85,309,5,14,364,0,0,1,Pediatría,0.75,Pediatría
2678,MED-3677,Gastrointestinales,Bayer,Medellín,Alta (Epidemia),Manual,54923.08,42859.29,12063.79,106,20,171,33.84,3.31,1017,2,1,785,1,0,1,Dermatológicos,0.5,Gastrointestinales
2679,MED-3678,Antibióticos,La Santé,Cartagena,Promoción,Manual,33943.21,27477.33,6465.88,241,33,401,23.99,3.61,697,3,14,460,1,1,0,Pediatría,0.75,Pediatría
2680,MED-3679,Diabetes,Pfizer,Medellín,Alta (Epidemia),Proveedor Programado,58907.95,45059.29,13848.66,420,37,228,7.91,3.94,218,1,12,198,1,0,0,Dermatológicos,0.25,Diabetes
2681,MED-3680,Gastrointestinales,Genfar,Cartagena,Normal,Proveedor Programado,70277.62,56346.54,13931.08,426,69,216,2.86,5.72,60,0,8,505,0,1,1,Pediatría,0.5,Gastrointestinales
2682,MED-3681,Cardiovasculares,Pfizer,Cali,Alta (Epidemia),Automático (ML),54923.86,41833.81,13090.05,19,65,358,9.17,6.84,249,5,1,291,0,0,1,Cardiovasculares,0.5,Cardiovasculares
2683,MED-3682,Cardiovasculares,Sanofi,Medellín,Promoción,Proveedor Programado,16340.24,13145.15,3195.09,7,33,109,13.39,8.38,428,2,8,610,0,1,1,Pediatría,0.75,Pediatría
2684,MED-3683,Antibióticos,Pfizer,Barranquilla,Alta (Epidemia),Manual,65408.06,52068.03,13340.03,370,49,176,27.32,7.03,843,3,7,331,1,0,0,Pediatría,0.5,Antibióticos
2685,MED-3684,Higiene Personal,Genfar,Barranquilla,Promoción,Manual,17316.45,10864.63,6451.82,321,64,185,8.23,7.48,282,2,4,50,1,0,0,Cardiovasculares,0.5,Higiene Personal
2686,MED-3685,Higiene Personal,Roche,Barranquilla,Promoción,Automático (ML),58726.98,38550.84,20176.14,382,62,239,3.01,3.55,105,0,6,521,0,1,0,Pediatría,0.5,Higiene Personal
2687,MED-3686,Dermatológicos,MK,Cartagena,Normal,Automático (ML),38258.23,24499.43,13758.8,211,49,237,11.53,9.53,373,4,3,730,1,1,0,Cardiovasculares,0.5,Dermatológicos
2688,MED-3687,Cardiovasculares,Pfizer,Bogotá,Normal,Proveedor Programado,45223.37,36632.81,8590.56,294,44,334,35.29,7.44,1063,1,6,219,1,1,0,Antigripales,0.25,Cardiovasculares
2689,MED-3688,Gastrointestinales,Novartis,Cali,Promoción,Automático (ML),14916.41,10034.67,4881.74,217,52,412,27.59,2.25,800,2,2,191,0,1,0,Cardiovasculares,0.5,Gastrointestinales
2690,MED-3689,Analgésicos,Genfar,Cartagena,Normal,Manual,21643.3,13083.12,8560.18,334,24,237,11.83,7.15,342,2,13,562,1,0,0,Pediatría,0.75,Pediatría
2691,MED-3690,Dermatológicos,MK,Barranquilla,Promoción,Manual,33665.84,23417.04,10248.8,162,64,158,36.5,1.62,1106,0,6,883,1,0,0,Dermatológicos,0.5,Dermatológicos
2692,MED-3691,Dermatológicos,Tecnoquímicas,Cali,Promoción,Manual,18425.79,15213.6,3212.19,91,67,453,35.65,3.69,1032,3,13,709,0,1,0,Dermatológicos,0.25,Dermatológicos
2693,MED-3692,Analgésicos,Roche,Barranquilla,Normal,Automático (ML),57625.41,40586.91,17038.5,442,43,289,5.95,3.55,177,2,13,243,1,1,1,Dermatológicos,0.25,Analgésicos
2694,MED-3693,Pediatría,Bayer,Cartagena,Alta (Invierno),Manual,61536.26,47906.16,13630.1,80,69,333,6.13,4.72,177,4,13,440,1,1,1,Pediatría,0.75,Pediatría
2695,MED-3694,Gastrointestinales,La Santé,Bogotá,Alta (Invierno),Automático (ML),3646.45,2857.37,789.08,287,74,285,33.45,5.26,1002,3,10,691,1,0,1,Dermatológicos,0.25,Gastrointestinales
2696,MED-3695,Antibióticos,Abbott,Cali,Alta (Invierno),Manual,31348.84,23464.74,7884.1,176,15,99,19.57,1.23,607,1,6,197,1,0,0,Pediatría,0.75,Pediatría
2697,MED-3696,Cardiovasculares,Tecnoquímicas,Bogotá,Alta (Invierno),Automático (ML),17035.22,11898.73,5136.49,441,12,156,7.85,3.83,271,4,6,433,0,0,1,Cardiovasculares,0.5,Cardiovasculares
2698,MED-3697,Antigripales,Novartis,Barranquilla,Promoción,Proveedor Programado,38358.21,30109.36,8248.85,189,25,417,6.54,3.89,154,1,3,63,1,0,0,Pediatría,0.75,Pediatría
2699,MED-3698,Antigripales,Sanofi,Cali,Promoción,Automático (ML),3957.13,2971.9,985.23,253,26,122,37.71,4.23,1135,0,13,274,0,1,0,Pediatría,0.5,Antigripales
2700,MED-3699,Antigripales,Bayer,Cartagena,Normal,Proveedor Programado,33825.77,28001.27,5824.5,155,14,393,16.57,8.44,508,0,10,616,0,1,0,Pediatría,1.0,Pediatría
2701,MED-3700,Higiene Personal,Sanofi,Bogotá,Alta (Invierno),Proveedor Programado,32228.33,20739.27,11489.06,110,58,341,29.32,9.25,862,2,8,848,0,1,0,Dermatológicos,0.5,Higiene Personal
2702,MED-3701,Gastrointestinales,Tecnoquímicas,Medellín,Normal,Automático (ML),56553.43,36531.6,20021.83,118,17,281,33.13,9.31,982,1,8,714,0,0,0,Antigripales,0.25,Gastrointestinales
2703,MED-3702,Antibióticos,Roche,Bogotá,Alta (Epidemia),Automático (ML),22355.58,18815.26,3540.32,229,41,104,17.55,8.5,507,1,6,702,1,0,0,Pediatría,0.75,Pediatría
2704,MED-3703,Dermatológicos,Tecnoquímicas,Bogotá,Normal,Manual,51422.8,33722.53,17700.27,198,52,416,29.82,1.97,888,1,5,349,1,1,0,Dermatológicos,0.5,Dermatológicos
2705,MED-3704,Pediatría,Genfar,Medellín,Alta (Epidemia),Automático (ML),38867.04,25853.08,13013.96,320,78,402,7.17,1.67,236,3,12,777,0,0,0,Pediatría,0.75,Pediatría
2706,MED-3705,Pediatría,Abbott,Cartagena,Alta (Epidemia),Manual,49269.68,37772.47,11497.21,460,29,178,28.31,8.34,810,4,3,344,0,0,1,Pediatría,0.5,Pediatría
2707,MED-3706,Higiene Personal,Abbott,Bogotá,Promoción,Manual,14670.52,9728.33,4942.19,201,40,191,5.01,6.78,148,3,9,374,1,1,1,Cardiovasculares,0.75,Cardiovasculares
2708,MED-3707,Antigripales,MK,Medellín,Alta (Epidemia),Manual,19478.07,15452.48,4025.59,144,63,422,25.63,1.36,780,2,6,506,1,1,0,Pediatría,0.5,Antigripales
2709,MED-3708,Vitaminas,Tecnoquímicas,Bogotá,Alta (Epidemia),Proveedor Programado,77782.8,49500.24,28282.56,234,67,382,19.13,1.29,550,1,14,394,0,0,1,Pediatría,0.5,Vitaminas
2710,MED-3709,Antibióticos,Pfizer,Cartagena,Normal,Manual,62024.61,46239.83,15784.78,428,68,237,25.6,5.31,743,2,10,736,0,1,1,Pediatría,0.5,Antibióticos
2711,MED-3710,Higiene Personal,Sanofi,Bogotá,Promoción,Manual,51238.03,40068.28,11169.75,242,39,158,22.88,1.11,702,1,5,845,0,1,0,Antigripales,0.25,Higiene Personal
2712,MED-3711,Vitaminas,Novartis,Barranquilla,Promoción,Proveedor Programado,13988.49,9683.08,4305.41,269,38,193,13.54,5.83,378,1,5,342,0,0,0,Pediatría,0.75,Pediatría
2713,MED-3712,Analgésicos,Bayer,Cartagena,Alta (Epidemia),Manual,64918.86,53951.72,10967.14,161,25,424,20.67,1.69,637,0,12,734,1,1,0,Gastrointestinales,0.25,Analgésicos
2714,MED-3713,Antibióticos,Roche,Cali,Alta (Invierno),Automático (ML),61498.91,47425.99,14072.92,372,36,169,37.05,9.23,1115,2,5,283,0,0,1,Pediatría,0.5,Antibióticos
2715,MED-3714,Diabetes,Abbott,Cartagena,Alta (Epidemia),Manual,14978.38,9418.84,5559.54,226,78,371,30.41,2.74,903,0,10,595,0,0,1,Dermatológicos,0.25,Diabetes
2716,MED-3715,Antigripales,MK,Cali,Normal,Manual,6391.72,4137.24,2254.48,437,58,182,22.65,1.89,630,1,1,168,1,0,1,Pediatría,0.5,Antigripales
2717,MED-3716,Antibióticos,Genfar,Bogotá,Promoción,Manual,16336.67,11227.18,5109.49,4,70,175,3.92,8.67,102,1,8,589,0,0,0,Pediatría,0.5,Antibióticos
2718,MED-3717,Antigripales,Novartis,Barranquilla,Normal,Proveedor Programado,12579.51,7689.09,4890.42,196,30,424,35.68,0.97,1091,0,2,599,1,0,1,Pediatría,0.75,Pediatría
2719,MED-3718,Diabetes,MK,Medellín,Normal,Manual,60456.93,38833.96,21622.97,180,64,246,17.06,0.96,519,4,2,420,1,1,1,Pediatría,0.75,Pediatría
2720,MED-3719,Cardiovasculares,Pfizer,Barranquilla,Normal,Proveedor Programado,69213.06,47573.87,21639.19,127,63,310,10.93,5.01,337,2,2,349,0,0,1,Pediatría,0.5,Cardiovasculares
2721,MED-3720,Analgésicos,Abbott,Cali,Alta (Epidemia),Manual,20969.62,13575.53,7394.09,174,79,154,34.56,8.58,1050,2,5,220,1,0,0,Dermatológicos,0.5,Analgésicos
2722,MED-3721,Antigripales,Tecnoquímicas,Cali,Alta (Invierno),Manual,34895.63,23852.96,11042.67,18,29,365,22.94,4.89,681,1,4,736,1,0,0,Pediatría,0.5,Antigripales
2723,MED-3722,Cardiovasculares,Bayer,Medellín,Alta (Epidemia),Manual,11821.28,8934.14,2887.14,134,58,196,14.87,7.83,423,4,4,383,0,1,0,Cardiovasculares,0.5,Cardiovasculares
2724,MED-3723,Vitaminas,Bayer,Cartagena,Alta (Epidemia),Automático (ML),58283.78,48029.14,10254.64,188,65,192,18.04,8.54,530,1,1,53,1,1,0,Cardiovasculares,0.5,Vitaminas
2725,MED-3724,Cardiovasculares,Roche,Bogotá,Alta (Invierno),Proveedor Programado,53654.63,43567.23,10087.4,291,70,190,25.56,4.73,737,1,2,335,0,1,1,Antigripales,0.25,Cardiovasculares
2726,MED-3725,Gastrointestinales,Pfizer,Medellín,Alta (Invierno),Automático (ML),66295.34,40011.94,26283.4,157,77,147,29.95,5.94,889,0,11,368,1,0,1,Gastrointestinales,0.5,Gastrointestinales
2727,MED-3726,Pediatría,Tecnoquímicas,Cartagena,Normal,Proveedor Programado,45095.18,34169.39,10925.79,497,14,337,34.9,0.94,1072,2,1,407,0,1,1,Pediatría,0.75,Pediatría
2728,MED-3727,Gastrointestinales,Roche,Cartagena,Alta (Epidemia),Manual,54476.26,36405.67,18070.59,305,48,413,38.33,3.79,1153,4,7,669,1,0,0,Pediatría,0.75,Pediatría
2729,MED-3728,Antibióticos,Pfizer,Cartagena,Normal,Automático (ML),14663.18,11141.31,3521.87,251,18,329,3.44,4.17,140,1,3,45,0,0,1,Pediatría,0.5,Antibióticos
2730,MED-3729,Higiene Personal,Sanofi,Cali,Promoción,Automático (ML),24111.4,16035.37,8076.03,479,70,278,36.26,4.38,1071,2,11,307,1,1,1,Dermatológicos,0.25,Higiene Personal
2731,MED-3730,Vitaminas,Genfar,Barranquilla,Promoción,Manual,28392.14,22044.08,6348.06,417,66,344,22.86,2.1,670,2,12,825,0,1,1,Pediatría,0.5,Vitaminas
2732,MED-3731,Diabetes,Tecnoquímicas,Bogotá,Alta (Invierno),Automático (ML),43943.75,36449.36,7494.39,62,47,239,17.18,4.82,532,0,6,739,0,0,0,Antigripales,0.25,Diabetes
2733,MED-3732,Diabetes,Tecnoquímicas,Cartagena,Alta (Invierno),Manual,19963.94,13549.17,6414.77,468,21,111,39.95,4.15,1222,0,4,261,1,1,0,Pediatría,0.5,Diabetes
2734,MED-3733,Analgésicos,Sanofi,Cartagena,Alta (Invierno),Automático (ML),50654.7,30845.36,19809.34,405,10,288,32.31,9.73,979,2,6,555,0,0,1,Pediatría,0.5,Analgésicos
2735,MED-3734,Antigripales,Tecnoquímicas,Cartagena,Alta (Epidemia),Proveedor Programado,62886.24,48191.79,14694.45,71,53,355,26.09,9.83,763,1,2,165,1,1,1,Dermatológicos,0.5,Antigripales
2736,MED-3735,Analgésicos,Novartis,Medellín,Normal,Manual,37146.86,28252.96,8893.9,190,11,351,38.97,2.7,1141,0,11,81,1,1,1,Pediatría,0.75,Pediatría
2737,MED-3736,Cardiovasculares,MK,Medellín,Normal,Manual,6929.92,5474.5,1455.42,377,79,398,19.92,5.32,622,0,8,311,0,0,0,Dermatológicos,0.25,Cardiovasculares
2738,MED-3737,Diabetes,MK,Bogotá,Alta (Epidemia),Automático (ML),44034.03,33127.45,10906.58,73,77,382,9.28,7.28,300,0,10,797,0,0,0,Pediatría,0.75,Pediatría
2739,MED-3738,Analgésicos,Bayer,Bogotá,Normal,Proveedor Programado,15304.49,10625.1,4679.39,323,38,251,22.81,7.72,717,1,13,177,1,0,1,Pediatría,0.75,Pediatría
2740,MED-3739,Cardiovasculares,Abbott,Medellín,Normal,Proveedor Programado,36556.97,29597.45,6959.52,44,61,359,31.79,4.58,956,0,1,637,0,0,0,Antigripales,0.25,Cardiovasculares
2741,MED-3740,Antibióticos,Tecnoquímicas,Bogotá,Promoción,Manual,15697.82,12913.7,2784.12,498,68,259,12.09,1.38,381,5,1,770,0,0,1,Pediatría,0.75,Pediatría
2742,MED-3741,Pediatría,MK,Medellín,Alta (Invierno),Proveedor Programado,36072.81,27376.22,8696.59,54,18,173,1.3,1.49,66,0,3,132,1,0,1,Pediatría,0.5,Pediatría
2743,MED-3742,Pediatría,Novartis,Cartagena,Promoción,Proveedor Programado,19440.98,12785.1,6655.88,107,47,365,1.87,4.65,37,3,1,809,0,1,0,Cardiovasculares,0.5,Pediatría
2744,MED-3743,Higiene Personal,La Santé,Cali,Normal,Proveedor Programado,65864.44,52680.69,13183.75,174,24,124,38.03,7.16,1135,1,5,247,1,1,1,Pediatría,0.5,Higiene Personal
2745,MED-3744,Cardiovasculares,Genfar,Bogotá,Normal,Manual,55070.42,39818.67,15251.75,148,58,172,35.74,2.58,1088,1,10,610,1,0,0,Gastrointestinales,0.5,Cardiovasculares
2746,MED-3745,Cardiovasculares,Pfizer,Bogotá,Alta (Invierno),Automático (ML),28118.06,18377.58,9740.48,155,23,336,3.95,6.19,89,3,9,800,0,0,0,Pediatría,0.75,Pediatría
2747,MED-3746,Gastrointestinales,Pfizer,Cartagena,Alta (Epidemia),Proveedor Programado,25787.67,17719.03,8068.64,366,16,340,23.51,2.05,719,1,12,556,1,1,0,Pediatría,0.75,Pediatría
2748,MED-3747,Pediatría,Tecnoquímicas,Medellín,Normal,Manual,17496.42,12607.38,4889.04,234,60,275,13.48,3.57,423,3,6,838,1,0,0,Pediatría,0.5,Pediatría
2749,MED-3748,Gastrointestinales,Genfar,Cali,Alta (Invierno),Automático (ML),15875.55,12235.88,3639.67,474,55,238,34.16,8.38,1059,1,7,186,1,1,0,Dermatológicos,0.5,Gastrointestinales
2750,MED-3749,Diabetes,La Santé,Barranquilla,Alta (Epidemia),Automático (ML),12427.52,7961.66,4465.86,397,54,202,31.13,3.74,943,1,1,113,1,1,1,Pediatría,0.5,Diabetes
2751,MED-3750,Diabetes,MK,Bogotá,Normal,Manual,28643.87,24096.26,4547.61,172,29,195,14.75,3.38,458,0,7,349,0,1,0,Pediatría,0.5,Diabetes
2752,MED-3751,Vitaminas,Novartis,Bogotá,Alta (Invierno),Manual,7762.23,5211.3,2550.93,112,46,400,14.53,5.66,447,0,13,550,0,1,1,Pediatría,0.75,Pediatría
2753,MED-3752,Analgésicos,MK,Barranquilla,Alta (Invierno),Manual,3151.08,1951.21,1199.87,267,13,368,15.68,6.31,478,1,10,500,1,0,1,Pediatría,1.0,Pediatría
2754,MED-3753,Dermatológicos,La Santé,Medellín,Promoción,Manual,77133.96,46675.52,30458.44,123,23,124,4.12,9.26,152,2,5,845,1,0,1,Dermatológicos,0.5,Dermatológicos
2755,MED-3754,Dermatológicos,MK,Medellín,Alta (Epidemia),Automático (ML),66829.45,46416.72,20412.73,287,61,243,14.32,3.21,439,1,8,209,0,0,1,Pediatría,0.5,Dermatológicos
2756,MED-3755,Antibióticos,MK,Cartagena,Normal,Proveedor Programado,60560.41,38577.56,21982.85,365,11,379,27.15,1.05,804,2,10,733,0,1,0,Pediatría,0.75,Pediatría
2757,MED-3756,Higiene Personal,Pfizer,Barranquilla,Normal,Proveedor Programado,36308.24,30507.62,5800.62,305,52,219,30.23,1.94,903,3,3,771,0,1,1,Pediatría,0.5,Higiene Personal
2758,MED-3757,Pediatría,Bayer,Cali,Promoción,Manual,18811.31,12946.06,5865.25,99,35,98,24.38,5.76,725,3,14,760,0,0,1,Pediatría,0.75,Pediatría
2759,MED-3758,Pediatría,MK,Medellín,Normal,Automático (ML),41122.46,32096.88,9025.58,420,29,335,11.36,8.28,394,2,2,65,1,1,0,Cardiovasculares,0.5,Pediatría
2760,MED-3759,Analgésicos,Pfizer,Medellín,Alta (Invierno),Proveedor Programado,40159.93,33269.66,6890.27,197,76,243,3.53,6.55,102,4,8,461,0,1,0,Cardiovasculares,0.75,Cardiovasculares
2761,MED-3760,Analgésicos,Pfizer,Medellín,Alta (Invierno),Manual,38261.23,24478.99,13782.24,458,76,313,25.37,3.53,749,3,6,583,1,0,1,Pediatría,0.75,Pediatría
2762,MED-3761,Antibióticos,MK,Bogotá,Alta (Epidemia),Proveedor Programado,45580.48,30898.21,14682.27,235,72,321,28.51,6.1,880,1,8,281,1,0,1,Antigripales,0.25,Antibióticos
2763,MED-3762,Cardiovasculares,Sanofi,Cali,Alta (Invierno),Proveedor Programado,21644.65,17000.66,4643.99,370,35,421,26.43,3.82,813,1,13,883,1,1,1,Dermatológicos,0.25,Cardiovasculares
2764,MED-3763,Analgésicos,Tecnoquímicas,Medellín,Alta (Invierno),Automático (ML),20457.24,14476.78,5980.46,309,31,121,23.35,4.28,732,1,10,532,1,0,1,Pediatría,0.75,Pediatría
2765,MED-3764,Cardiovasculares,Bayer,Bogotá,Normal,Automático (ML),15842.7,12278.43,3564.27,460,39,126,37.98,1.35,1128,1,7,462,0,0,1,Pediatría,0.5,Cardiovasculares
2766,MED-3765,Diabetes,Genfar,Cali,Promoción,Manual,34123.46,20605.84,13517.62,94,37,287,23.45,0.77,717,0,8,189,1,0,1,Pediatría,0.75,Pediatría
2767,MED-3766,Higiene Personal,Sanofi,Bogotá,Promoción,Automático (ML),75581.86,51188.14,24393.72,459,67,261,30.38,1.5,920,3,5,726,0,0,1,Pediatría,0.75,Pediatría
2768,MED-3767,Antibióticos,MK,Barranquilla,Alta (Invierno),Automático (ML),67293.47,54629.25,12664.22,93,61,270,11.65,9.42,333,1,14,423,1,0,1,Pediatría,0.5,Antibióticos
2769,MED-3768,Cardiovasculares,Sanofi,Cali,Promoción,Manual,44640.14,36363.84,8276.3,137,19,219,5.96,7.84,182,0,13,886,0,1,0,Pediatría,0.75,Pediatría
2770,MED-3769,Pediatría,Abbott,Barranquilla,Promoción,Proveedor Programado,43604.5,34662.75,8941.75,209,52,133,25.03,7.96,739,1,11,176,1,1,1,Gastrointestinales,0.5,Pediatría
2771,MED-3770,Diabetes,Pfizer,Medellín,Normal,Proveedor Programado,43370.12,32262.64,11107.48,125,14,257,26.82,1.4,774,0,14,211,0,1,0,Pediatría,0.5,Diabetes
2772,MED-3771,Analgésicos,Sanofi,Bogotá,Alta (Epidemia),Proveedor Programado,59196.78,42887.69,16309.09,366,48,356,36.83,9.03,1110,0,2,260,1,1,0,Dermatológicos,0.5,Analgésicos
2773,MED-3772,Vitaminas,Genfar,Cali,Alta (Epidemia),Manual,65786.73,48072.34,17714.39,273,77,226,30.68,2.8,910,2,9,67,1,0,1,Gastrointestinales,0.5,Vitaminas
2774,MED-3773,Cardiovasculares,Sanofi,Cartagena,Alta (Invierno),Manual,42917.28,31274.51,11642.77,245,46,287,30.98,9.85,924,0,11,760,0,0,1,Dermatológicos,0.5,Cardiovasculares
2775,MED-3774,Cardiovasculares,Tecnoquímicas,Cartagena,Alta (Epidemia),Manual,76575.86,46024.26,30551.6,102,74,125,30.69,9.41,929,0,3,877,1,1,0,Antigripales,0.25,Cardiovasculares
2776,MED-3775,Analgésicos,Sanofi,Cali,Alta (Epidemia),Proveedor Programado,55662.71,44873.3,10789.41,173,64,231,22.16,1.85,677,2,6,150,0,0,0,Antigripales,0.25,Analgésicos
2777,MED-3776,Pediatría,Abbott,Medellín,Normal,Proveedor Programado,61558.92,39760.01,21798.91,172,74,254,10.35,2.13,321,0,6,526,0,1,0,Pediatría,0.5,Pediatría
2778,MED-3777,Analgésicos,Sanofi,Medellín,Alta (Epidemia),Manual,66061.24,47927.74,18133.5,379,77,242,30.7,2.05,915,3,10,82,1,1,0,Pediatría,0.5,Analgésicos
2779,MED-3778,Antibióticos,Novartis,Cartagena,Alta (Epidemia),Proveedor Programado,41270.62,28820.49,12450.13,420,21,151,7.81,4.11,216,2,11,523,1,0,1,Pediatría,0.75,Pediatría
2780,MED-3779,Cardiovasculares,Tecnoquímicas,Bogotá,Alta (Epidemia),Manual,67218.65,49596.68,17621.97,107,39,312,9.87,2.54,296,2,10,518,0,0,0,Dermatológicos,0.25,Cardiovasculares
2781,MED-3780,Antibióticos,MK,Cali,Alta (Epidemia),Manual,26117.89,21857.91,4259.98,285,25,149,39.1,0.74,1193,2,12,545,1,0,0,Pediatría,0.5,Antibióticos
2782,MED-3781,Antigripales,Bayer,Bogotá,Promoción,Manual,58903.11,36800.54,22102.57,327,51,342,36.66,3.13,1088,0,11,660,1,1,0,Gastrointestinales,0.25,Antigripales
2783,MED-3782,Antigripales,Abbott,Medellín,Normal,Proveedor Programado,23750.97,16649.16,7101.81,45,33,197,15.85,4.31,470,2,7,309,1,0,0,Pediatría,0.5,Antigripales
2784,MED-3783,Antigripales,MK,Bogotá,Alta (Invierno),Manual,22852.62,15719.52,7133.1,290,50,147,3.59,0.63,76,1,1,269,1,0,0,Pediatría,0.5,Antigripales
2785,MED-3784,Antibióticos,Tecnoquímicas,Bogotá,Normal,Manual,29390.54,18603.52,10787.02,446,38,118,29.92,6.05,864,4,4,54,1,1,0,Pediatría,0.5,Antibióticos
2786,MED-3785,Antigripales,Pfizer,Barranquilla,Normal,Proveedor Programado,28297.23,17653.7,10643.53,41,77,196,5.44,2.6,164,2,9,380,1,1,0,Pediatría,0.5,Antigripales
2787,MED-3786,Antibióticos,Sanofi,Medellín,Alta (Epidemia),Proveedor Programado,35033.32,21338.7,13694.62,110,64,291,34.26,8.42,1044,2,4,40,0,1,0,Pediatría,0.5,Antibióticos
2788,MED-3787,Pediatría,Tecnoquímicas,Barranquilla,Alta (Epidemia),Automático (ML),59231.78,37036.13,22195.65,140,63,421,26.83,6.3,808,1,11,727,0,0,0,Gastrointestinales,0.5,Pediatría
2789,MED-3788,Antigripales,Abbott,Cali,Alta (Invierno),Automático (ML),57350.16,39903.59,17446.57,165,43,432,29.71,2.39,875,3,12,885,0,0,0,Pediatría,0.5,Antigripales
2790,MED-3789,Diabetes,MK,Cartagena,Promoción,Proveedor Programado,43006.35,32428.34,10578.01,328,56,249,38.8,0.81,1153,0,8,427,0,1,0,Gastrointestinales,0.25,Diabetes
2791,MED-3790,Diabetes,Roche,Bogotá,Alta (Invierno),Automático (ML),72232.79,48508.73,23724.06,419,68,195,17.96,5.43,511,1,10,154,0,1,0,Diabetes,0.5,Diabetes
2792,MED-3791,Cardiovasculares,Bayer,Cartagena,Normal,Proveedor Programado,75421.84,50141.46,25280.38,211,17,250,12.65,5.11,367,0,7,387,1,0,0,Dermatológicos,0.25,Cardiovasculares
2793,MED-3792,Antigripales,Roche,Cartagena,Promoción,Automático (ML),53001.23,40723.97,12277.26,308,37,133,28.47,7.03,854,1,10,108,1,1,0,Gastrointestinales,0.25,Antigripales
2794,MED-3793,Higiene Personal,Genfar,Barranquilla,Alta (Epidemia),Manual,14187.9,9204.94,4982.96,115,39,360,18.51,1.94,555,2,9,168,0,1,1,Pediatría,1.0,Pediatría
2795,MED-3794,Higiene Personal,Pfizer,Bogotá,Alta (Invierno),Automático (ML),21472.81,16597.97,4874.84,354,35,282,3.59,7.35,109,2,13,421,0,1,1,Pediatría,0.75,Pediatría
2796,MED-3795,Diabetes,Novartis,Bogotá,Normal,Manual,34700.9,28730.2,5970.7,267,31,235,24.64,1.6,759,0,9,81,1,1,0,Pediatría,0.75,Pediatría
2797,MED-3796,Vitaminas,Genfar,Barranquilla,Alta (Invierno),Manual,61159.05,42409.64,18749.41,495,29,412,30.75,5.94,926,2,14,136,0,1,0,Gastrointestinales,0.25,Vitaminas
2798,MED-3797,Cardiovasculares,Roche,Barranquilla,Alta (Epidemia),Automático (ML),67916.33,42253.37,25662.96,471,66,262,11.89,2.21,343,2,13,673,1,1,1,Pediatría,0.5,Cardiovasculares
2799,MED-3798,Analgésicos,Sanofi,Barranquilla,Alta (Epidemia),Manual,78892.61,57819.29,21073.32,250,57,152,35.91,1.1,1081,2,11,409,1,0,0,Gastrointestinales,0.5,Analgésicos
2800,MED-3799,Pediatría,La Santé,Medellín,Normal,Automático (ML),51825.68,36591.25,15234.43,13,22,415,28.43,3.35,856,1,12,518,0,0,1,Gastrointestinales,0.5,Pediatría
2801,MED-3800,Dermatológicos,MK,Barranquilla,Normal,Manual,78051.82,53561.44,24490.38,409,16,292,15.23,2.91,459,0,13,375,1,0,0,Dermatológicos,0.25,Dermatológicos
2802,MED-3801,Antigripales,La Santé,Bogotá,Alta (Epidemia),Manual,32716.78,20269.31,12447.47,330,57,178,39.66,2.92,1158,1,10,835,1,0,0,Dermatológicos,0.5,Antigripales
2803,MED-3802,Pediatría,Novartis,Medellín,Alta (Invierno),Automático (ML),49975.32,39039.53,10935.79,267,62,349,39.58,1.47,1214,1,8,760,1,0,0,Antigripales,0.5,Pediatría
2804,MED-3803,Analgésicos,Bayer,Cali,Normal,Proveedor Programado,15232.03,11320.32,3911.71,395,17,190,17.13,8.09,479,1,14,122,1,0,0,Pediatría,0.5,Analgésicos
2805,MED-3804,Gastrointestinales,Genfar,Bogotá,Alta (Invierno),Manual,65826.16,48714.53,17111.63,298,35,96,30.93,9.69,889,2,9,552,1,0,1,Pediatría,0.5,Gastrointestinales
2806,MED-3805,Diabetes,La Santé,Cartagena,Promoción,Proveedor Programado,7931.97,6422.53,1509.44,425,35,358,15.69,6.36,438,2,10,318,1,1,0,Pediatría,0.75,Pediatría
2807,MED-3806,Antigripales,Roche,Cali,Alta (Invierno),Automático (ML),72654.47,54039.28,18615.19,73,26,237,9.95,5.54,308,2,2,240,0,0,0,Cardiovasculares,0.5,Antigripales
2808,MED-3807,Gastrointestinales,Bayer,Bogotá,Alta (Epidemia),Automático (ML),61996.45,42014.79,19981.66,455,32,227,11.71,9.55,343,2,5,82,1,1,0,Dermatológicos,0.25,Gastrointestinales
2809,MED-3808,Diabetes,Novartis,Cartagena,Promoción,Manual,65631.28,50164.27,15467.01,334,21,321,6.43,8.53,182,3,6,479,1,1,0,Cardiovasculares,0.5,Diabetes
2810,MED-3809,Higiene Personal,La Santé,Cali,Normal,Manual,51639.41,42332.43,9306.98,58,10,401,33.5,2.04,1032,0,2,233,0,1,1,Dermatológicos,0.5,Higiene Personal
2811,MED-3810,Gastrointestinales,Pfizer,Medellín,Alta (Invierno),Proveedor Programado,69876.69,56547.81,13328.88,331,36,428,19.82,3.08,609,3,2,124,1,1,0,Antigripales,0.25,Gastrointestinales
2812,MED-3811,Gastrointestinales,La Santé,Cali,Alta (Invierno),Automático (ML),27941.18,20980.94,6960.24,260,32,278,27.43,8.94,821,3,12,423,0,1,0,Pediatría,1.0,Pediatría
2813,MED-3812,Antigripales,Sanofi,Bogotá,Alta (Invierno),Automático (ML),16965.32,12247.3,4718.02,215,13,231,29.32,2.41,878,4,10,551,1,1,1,Pediatría,0.75,Pediatría
2814,MED-3813,Dermatológicos,Sanofi,Barranquilla,Promoción,Manual,14165.31,9843.75,4321.56,91,29,142,24.29,2.11,723,2,13,276,0,1,0,Pediatría,0.75,Pediatría
2815,MED-3814,Diabetes,Pfizer,Bogotá,Promoción,Manual,50037.24,34678.37,15358.87,181,45,339,38.06,5.96,1130,0,11,383,0,1,0,Gastrointestinales,0.25,Diabetes
2816,MED-3815,Gastrointestinales,Sanofi,Cali,Promoción,Proveedor Programado,43047.9,31166.69,11881.21,378,71,185,3.41,4.16,71,1,12,518,0,1,0,Pediatría,0.5,Gastrointestinales
2817,MED-3816,Antigripales,Pfizer,Barranquilla,Alta (Epidemia),Automático (ML),15579.92,10919.39,4660.53,43,13,143,4.82,1.95,153,2,1,272,0,0,0,Cardiovasculares,0.25,Antigripales
2818,MED-3817,Diabetes,Tecnoquímicas,Bogotá,Alta (Epidemia),Proveedor Programado,13859.32,11570.94,2288.38,476,32,223,12.72,3.69,377,3,12,765,1,1,0,Pediatría,0.75,Pediatría
2819,MED-3818,Cardiovasculares,Bayer,Medellín,Alta (Invierno),Automático (ML),72190.37,47477.81,24712.56,156,75,183,7.69,1.56,217,2,5,708,1,1,1,Pediatría,0.5,Cardiovasculares
2820,MED-3819,Vitaminas,Abbott,Medellín,Alta (Epidemia),Manual,6644.93,5417.69,1227.24,468,56,443,3.8,1.8,103,4,5,713,1,1,1,Pediatría,0.75,Pediatría
2821,MED-3820,Dermatológicos,MK,Bogotá,Promoción,Proveedor Programado,37604.73,24890.06,12714.67,224,48,288,17.67,3.79,514,3,7,394,1,0,0,Pediatría,0.75,Pediatría
2822,MED-3821,Diabetes,Pfizer,Medellín,Alta (Epidemia),Manual,68351.87,48204.68,20147.19,45,42,418,2.98,4.19,104,0,12,248,1,1,1,Pediatría,0.5,Diabetes
2823,MED-3822,Vitaminas,La Santé,Cartagena,Alta (Invierno),Manual,13371.96,8278.16,5093.8,199,50,310,14.2,1.58,451,1,13,391,1,1,0,Pediatría,0.5,Vitaminas
2824,MED-3823,Cardiovasculares,Bayer,Cali,Promoción,Proveedor Programado,27456.83,19483.55,7973.28,317,54,422,19.43,8.32,592,2,3,390,0,0,0,Dermatológicos,0.25,Cardiovasculares
2825,MED-3824,Gastrointestinales,La Santé,Medellín,Alta (Epidemia),Manual,52289.79,41118.26,11171.53,223,73,303,6.97,1.9,212,1,3,521,1,0,0,Pediatría,0.5,Gastrointestinales
2826,MED-3825,Diabetes,Genfar,Cartagena,Promoción,Proveedor Programado,8360.94,6251.95,2108.99,92,11,243,17.09,8.85,509,0,14,519,0,1,1,Pediatría,0.75,Pediatría
2827,MED-3826,Cardiovasculares,Tecnoquímicas,Bogotá,Alta (Epidemia),Manual,40703.1,34113.56,6589.54,86,24,215,3.09,1.29,80,0,8,308,1,1,1,Pediatría,0.5,Cardiovasculares
2828,MED-3827,Analgésicos,Abbott,Cartagena,Promoción,Automático (ML),28583.12,19153.98,9429.14,408,26,424,29.25,7.1,857,2,10,539,1,1,1,Dermatológicos,0.25,Analgésicos
2829,MED-3828,Vitaminas,Sanofi,Bogotá,Normal,Manual,60073.46,39478.85,20594.61,141,30,253,38.63,3.01,1152,2,7,57,1,0,0,Dermatológicos,0.5,Vitaminas
2830,MED-3829,Diabetes,Genfar,Barranquilla,Alta (Invierno),Automático (ML),11039.07,6828.98,4210.09,70,53,442,4.84,3.42,134,2,9,712,0,0,0,Pediatría,0.75,Pediatría
2831,MED-3830,Vitaminas,MK,Medellín,Promoción,Manual,78375.96,54079.79,24296.17,101,75,234,33.49,7.74,1026,0,4,271,0,0,1,Dermatológicos,0.5,Vitaminas
2832,MED-3831,Gastrointestinales,Abbott,Barranquilla,Normal,Automático (ML),3870.99,3161.14,709.85,51,23,386,16.02,9.59,459,0,9,843,0,1,0,Pediatría,0.75,Pediatría
2833,MED-3832,Analgésicos,Tecnoquímicas,Medellín,Alta (Epidemia),Manual,76563.28,55465.88,21097.4,395,71,154,4.97,6.35,164,1,6,877,1,1,1,Pediatría,0.5,Analgésicos
2834,MED-3833,Pediatría,Novartis,Medellín,Normal,Automático (ML),70309.34,48295.06,22014.28,40,30,273,4.37,0.71,103,3,12,717,0,0,1,Dermatológicos,0.5,Pediatría
2835,MED-3834,Pediatría,Bayer,Medellín,Alta (Invierno),Manual,64996.35,43780.3,21216.05,397,63,300,7.54,5.19,226,0,3,639,0,0,1,Pediatría,0.5,Pediatría
2836,MED-3835,Pediatría,Novartis,Bogotá,Normal,Automático (ML),3720.15,2507.43,1212.72,297,35,271,27.76,9.63,821,0,12,544,0,1,1,Dermatológicos,0.25,Pediatría
2837,MED-3836,Diabetes,Pfizer,Bogotá,Promoción,Proveedor Programado,43084.74,30671.55,12413.19,458,59,444,19.28,2.36,555,1,10,860,0,0,1,Pediatría,0.5,Diabetes
2838,MED-3837,Diabetes,Bayer,Medellín,Normal,Automático (ML),44197.87,34402.56,9795.31,132,53,295,20.87,3.34,605,1,9,541,0,1,0,Antigripales,0.25,Diabetes
2839,MED-3838,Gastrointestinales,Bayer,Bogotá,Alta (Epidemia),Proveedor Programado,35535.88,21931.15,13604.73,370,35,391,26.2,3.24,806,0,14,836,0,0,0,Dermatológicos,0.25,Gastrointestinales
2840,MED-3839,Cardiovasculares,Abbott,Medellín,Alta (Epidemia),Automático (ML),21375.39,17883.59,3491.8,84,65,171,31.24,7.69,961,0,7,682,1,0,0,Dermatológicos,0.5,Cardiovasculares
2841,MED-3840,Diabetes,MK,Cartagena,Alta (Epidemia),Automático (ML),43018.0,28528.1,14489.9,301,66,176,3.45,8.02,103,3,12,683,1,0,0,Pediatría,0.5,Diabetes
2842,MED-3841,Higiene Personal,Genfar,Cartagena,Normal,Proveedor Programado,60958.62,48410.34,12548.28,19,65,460,2.81,9.72,109,1,7,782,1,1,1,Pediatría,0.5,Higiene Personal
2843,MED-3842,Analgésicos,MK,Cali,Alta (Epidemia),Manual,69396.3,47838.57,21557.73,60,67,416,34.21,5.97,985,1,14,285,0,0,0,Gastrointestinales,0.5,Analgésicos
2844,MED-3843,Diabetes,MK,Barranquilla,Alta (Invierno),Proveedor Programado,11617.52,8781.95,2835.57,229,73,158,29.69,1.75,874,3,7,831,0,0,0,Dermatológicos,0.5,Diabetes
2845,MED-3844,Cardiovasculares,Genfar,Cali,Normal,Automático (ML),15578.45,10692.89,4885.56,177,61,255,24.47,5.52,744,1,6,535,1,0,0,Dermatológicos,0.5,Cardiovasculares
2846,MED-3845,Cardiovasculares,Sanofi,Barranquilla,Promoción,Proveedor Programado,4502.59,2750.44,1752.15,60,52,345,13.79,8.83,425,0,8,674,1,0,1,Pediatría,0.75,Pediatría
2847,MED-3846,Vitaminas,Novartis,Cali,Alta (Epidemia),Manual,72296.06,46116.01,26180.05,220,28,265,16.05,5.54,479,1,11,241,1,1,1,Dermatológicos,0.25,Vitaminas
2848,MED-3847,Analgésicos,Abbott,Bogotá,Promoción,Automático (ML),6770.8,4209.2,2561.6,294,27,314,6.94,2.87,203,3,4,185,0,1,1,Cardiovasculares,0.5,Analgésicos
2849,MED-3848,Gastrointestinales,Sanofi,Bogotá,Alta (Invierno),Manual,76655.02,48604.24,28050.78,34,10,247,38.16,4.86,1157,2,13,214,0,0,0,Gastrointestinales,0.25,Gastrointestinales
2850,MED-3849,Pediatría,Bayer,Medellín,Alta (Invierno),Manual,76013.58,45794.59,30218.99,38,58,390,31.37,8.96,958,1,6,407,1,1,0,Dermatológicos,0.5,Pediatría
2851,MED-3850,Pediatría,Bayer,Cali,Alta (Epidemia),Proveedor Programado,45168.51,34285.16,10883.35,162,64,299,4.37,2.77,110,0,9,57,0,0,0,Pediatría,0.5,Pediatría
2852,MED-3851,Vitaminas,La Santé,Medellín,Alta (Invierno),Manual,26954.64,21368.49,5586.15,148,54,229,15.78,4.04,495,2,7,440,0,0,0,Cardiovasculares,0.5,Vitaminas
2853,MED-3852,Antigripales,La Santé,Bogotá,Normal,Manual,4566.48,3241.09,1325.39,446,18,203,19.36,2.46,595,4,7,608,1,1,1,Cardiovasculares,0.25,Antigripales
2854,MED-3853,Analgésicos,Pfizer,Cartagena,Alta (Invierno),Automático (ML),15824.23,10613.3,5210.93,441,59,336,28.22,8.92,816,0,5,297,1,1,0,Dermatológicos,0.5,Analgésicos
2855,MED-3854,Antigripales,Sanofi,Cartagena,Alta (Epidemia),Proveedor Programado,64549.91,43908.29,20641.62,229,51,319,16.44,1.74,468,1,11,899,0,0,0,Pediatría,0.5,Antigripales
2856,MED-3855,Antigripales,MK,Cali,Alta (Invierno),Automático (ML),17478.87,13655.25,3823.62,388,35,312,35.32,1.65,1110,2,10,112,0,1,0,Pediatría,0.75,Pediatría
2857,MED-3856,Analgésicos,Novartis,Bogotá,Alta (Epidemia),Proveedor Programado,4317.82,2655.95,1661.87,77,37,128,7.71,1.53,235,1,9,893,0,0,0,Pediatría,0.5,Analgésicos
2858,MED-3857,Dermatológicos,Tecnoquímicas,Bogotá,Alta (Invierno),Proveedor Programado,64206.86,41715.98,22490.88,211,70,372,38.92,9.67,1160,1,4,527,0,1,1,Dermatológicos,0.5,Dermatológicos
2859,MED-3858,Pediatría,Sanofi,Cali,Alta (Invierno),Manual,55368.48,35877.79,19490.69,499,20,99,30.36,2.74,910,2,9,102,0,0,0,Pediatría,0.5,Pediatría
2860,MED-3859,Diabetes,Sanofi,Medellín,Normal,Automático (ML),69723.83,47350.13,22373.7,283,20,115,19.65,3.68,577,2,7,691,1,1,1,Dermatológicos,0.25,Diabetes
2861,MED-3860,Dermatológicos,MK,Bogotá,Normal,Automático (ML),23586.35,16155.1,7431.25,478,52,242,2.34,4.88,44,1,6,447,0,1,0,Pediatría,0.5,Dermatológicos
2862,MED-3861,Pediatría,Genfar,Barranquilla,Alta (Epidemia),Proveedor Programado,62668.56,41563.88,21104.68,386,64,297,12.88,1.39,362,2,4,472,0,0,0,Pediatría,0.5,Pediatría
2863,MED-3862,Cardiovasculares,Abbott,Bogotá,Alta (Invierno),Manual,60183.27,40456.24,19727.03,20,74,392,38.26,2.92,1108,5,13,586,1,1,0,Pediatría,0.75,Pediatría
2864,MED-3863,Cardiovasculares,MK,Barranquilla,Alta (Epidemia),Automático (ML),61940.11,43060.96,18879.15,438,76,390,19.29,9.2,599,1,8,890,1,0,1,Pediatría,0.5,Cardiovasculares
2865,MED-3864,Dermatológicos,Sanofi,Bogotá,Alta (Invierno),Proveedor Programado,5762.42,3913.78,1848.64,405,52,129,12.84,4.21,370,4,12,191,0,1,0,Pediatría,0.5,Dermatológicos
2866,MED-3865,Diabetes,Genfar,Bogotá,Normal,Proveedor Programado,73263.47,57456.25,15807.22,44,29,369,2.03,7.23,93,1,11,38,0,1,1,Dermatológicos,0.25,Diabetes
2867,MED-3866,Vitaminas,Tecnoquímicas,Bogotá,Alta (Invierno),Manual,51375.25,33122.35,18252.9,233,16,102,22.35,7.52,676,0,10,377,0,0,1,Dermatológicos,0.25,Vitaminas
2868,MED-3867,Antigripales,La Santé,Cali,Normal,Automático (ML),56864.87,37510.9,19353.97,392,29,225,39.56,1.99,1203,1,6,681,0,1,0,Gastrointestinales,0.5,Antigripales
2869,MED-3868,Vitaminas,Pfizer,Cartagena,Normal,Automático (ML),16652.91,10731.56,5921.35,196,34,184,19.14,1.48,578,1,9,235,0,0,1,Pediatría,0.75,Pediatría
2870,MED-3869,Diabetes,Roche,Barranquilla,Alta (Invierno),Automático (ML),17481.28,14501.4,2979.88,454,54,377,15.31,5.19,424,4,11,49,1,0,1,Pediatría,0.75,Pediatría
2871,MED-3870,Dermatológicos,MK,Medellín,Normal,Proveedor Programado,71573.08,55853.1,15719.98,210,70,351,22.17,1.69,651,0,7,614,0,1,1,Pediatría,0.5,Dermatológicos
2872,MED-3871,Higiene Personal,Pfizer,Cartagena,Alta (Invierno),Proveedor Programado,79141.25,52445.5,26695.75,14,32,296,31.92,5.06,977,1,13,317,0,1,1,Gastrointestinales,0.5,Higiene Personal
2873,MED-3872,Diabetes,Bayer,Barranquilla,Promoción,Proveedor Programado,58314.53,36441.4,21873.13,392,71,305,16.41,6.84,470,1,1,829,1,0,0,Pediatría,0.5,Diabetes
2874,MED-3873,Antigripales,MK,Cartagena,Promoción,Automático (ML),6942.2,5611.53,1330.67,262,46,265,13.13,1.16,393,1,10,461,0,1,0,Pediatría,0.5,Antigripales
2875,MED-3874,Vitaminas,La Santé,Barranquilla,Alta (Epidemia),Automático (ML),3078.24,2294.14,784.1,12,40,118,12.01,5.64,342,4,10,259,1,0,1,Cardiovasculares,0.5,Vitaminas
2876,MED-3875,Higiene Personal,La Santé,Cartagena,Alta (Invierno),Proveedor Programado,3334.67,2760.48,574.19,316,49,289,28.37,0.69,850,1,5,239,0,1,1,Pediatría,0.75,Pediatría
2877,MED-3876,Diabetes,MK,Barranquilla,Alta (Invierno),Manual,77253.91,63615.34,13638.57,221,61,421,13.45,3.13,370,0,14,283,1,1,1,Pediatría,0.5,Diabetes
2878,MED-3877,Vitaminas,Roche,Medellín,Alta (Epidemia),Automático (ML),55724.61,40803.02,14921.59,190,18,239,9.71,9.06,305,0,5,717,0,1,1,Dermatológicos,0.25,Vitaminas
2879,MED-3878,Antibióticos,Roche,Barranquilla,Alta (Invierno),Proveedor Programado,46906.19,39105.24,7800.95,34,40,221,25.11,4.16,758,1,8,843,0,0,0,Antigripales,0.25,Antibióticos
2880,MED-3879,Gastrointestinales,Bayer,Bogotá,Alta (Invierno),Automático (ML),66002.45,54029.84,11972.61,163,28,145,24.54,5.06,722,3,1,235,1,0,1,Cardiovasculares,0.5,Gastrointestinales
2881,MED-3880,Diabetes,MK,Cartagena,Promoción,Manual,48912.57,37344.33,11568.24,193,13,253,26.91,1.11,815,5,4,605,1,0,0,Pediatría,0.75,Pediatría
2882,MED-3881,Antibióticos,MK,Medellín,Alta (Invierno),Automático (ML),79880.36,53512.3,26368.06,440,57,167,31.45,5.38,942,2,8,898,0,1,0,Pediatría,0.5,Antibióticos
2883,MED-3882,Pediatría,Bayer,Bogotá,Promoción,Automático (ML),36893.92,29625.85,7268.07,122,15,396,3.63,6.68,111,3,14,366,0,1,0,Cardiovasculares,0.5,Pediatría
2884,MED-3883,Vitaminas,Sanofi,Barranquilla,Normal,Automático (ML),59720.01,48972.05,10747.96,155,73,445,4.96,1.47,152,1,11,895,1,0,1,Pediatría,0.5,Vitaminas
2885,MED-3884,Cardiovasculares,Genfar,Medellín,Normal,Automático (ML),39357.86,24543.19,14814.67,273,69,460,33.73,4.73,967,4,4,344,1,0,0,Pediatría,0.75,Pediatría
2886,MED-3885,Antigripales,Roche,Bogotá,Normal,Proveedor Programado,31774.48,21547.75,10226.73,243,51,389,14.76,5.61,438,2,10,86,0,0,0,Pediatría,1.0,Pediatría
2887,MED-3886,Gastrointestinales,Genfar,Cartagena,Alta (Invierno),Manual,10198.49,8600.34,1598.15,58,28,336,38.16,9.17,1174,2,8,419,0,1,1,Pediatría,1.0,Pediatría
2888,MED-3887,Antibióticos,Pfizer,Cartagena,Alta (Invierno),Automático (ML),79875.38,47933.21,31942.17,115,17,173,16.31,8.52,505,1,12,601,0,0,1,Dermatológicos,0.25,Antibióticos
2889,MED-3888,Analgésicos,Novartis,Medellín,Promoción,Automático (ML),22460.0,18199.77,4260.23,311,15,286,38.83,6.46,1152,1,1,363,0,1,1,Pediatría,0.5,Analgésicos
2890,MED-3889,Dermatológicos,Sanofi,Bogotá,Promoción,Manual,33067.53,20964.14,12103.39,366,22,363,27.36,4.41,839,3,3,147,1,1,0,Pediatría,0.75,Pediatría
2891,MED-3890,Cardiovasculares,Tecnoquímicas,Medellín,Alta (Epidemia),Manual,68468.98,44304.85,24164.13,258,78,367,5.51,7.87,196,3,14,347,0,1,0,Pediatría,0.75,Pediatría
2892,MED-3891,Diabetes,MK,Medellín,Alta (Epidemia),Automático (ML),67602.95,46335.81,21267.14,206,32,314,2.37,3.82,106,0,12,773,0,1,1,Pediatría,0.5,Diabetes
2893,MED-3892,Vitaminas,Genfar,Bogotá,Alta (Invierno),Manual,27907.09,16811.97,11095.12,296,47,421,20.01,4.3,623,3,12,77,1,0,0,Pediatría,0.75,Pediatría
2894,MED-3893,Pediatría,Tecnoquímicas,Cali,Normal,Automático (ML),30079.53,22586.82,7492.71,80,76,374,17.25,7.31,521,1,8,147,1,0,0,Pediatría,0.75,Pediatría
2895,MED-3894,Antibióticos,Sanofi,Cali,Alta (Epidemia),Automático (ML),24368.77,16020.78,8347.99,277,12,225,23.5,6.63,700,2,4,50,0,0,1,Pediatría,0.75,Pediatría
2896,MED-3895,Vitaminas,Abbott,Barranquilla,Promoción,Proveedor Programado,73781.6,59034.38,14747.22,229,75,229,10.94,2.41,326,0,12,537,1,1,1,Pediatría,0.5,Vitaminas
2897,MED-3896,Analgésicos,Sanofi,Medellín,Alta (Epidemia),Proveedor Programado,55031.48,44789.95,10241.53,275,69,304,26.09,5.32,763,0,2,683,1,0,0,Antigripales,0.25,Analgésicos
2898,MED-3897,Dermatológicos,Sanofi,Bogotá,Promoción,Automático (ML),73307.84,60484.52,12823.32,92,53,129,19.24,6.99,554,2,1,464,1,0,1,Cardiovasculares,0.5,Dermatológicos
2899,MED-3898,Analgésicos,Pfizer,Barranquilla,Alta (Invierno),Manual,60652.88,49013.91,11638.97,341,28,361,1.81,2.56,66,4,7,781,1,0,0,Pediatría,0.5,Analgésicos
2900,MED-3899,Vitaminas,Tecnoquímicas,Cartagena,Alta (Invierno),Automático (ML),19795.86,14420.9,5374.96,227,35,394,11.45,1.4,324,2,12,887,1,1,1,Pediatría,1.0,Pediatría
2901,MED-3900,Antibióticos,Abbott,Medellín,Alta (Invierno),Automático (ML),54366.17,45280.92,9085.25,271,40,224,20.54,5.52,617,1,6,876,1,1,1,Antigripales,0.25,Antibióticos
2902,MED-3901,Antigripales,Novartis,Barranquilla,Alta (Epidemia),Automático (ML),51049.29,40834.26,10215.03,394,13,109,16.15,3.46,506,1,4,721,0,0,1,Dermatológicos,0.5,Antigripales
2903,MED-3902,Dermatológicos,Novartis,Cali,Alta (Invierno),Automático (ML),38094.32,30485.53,7608.79,63,39,252,1.01,6.25,11,1,3,795,0,1,0,Pediatría,0.5,Dermatológicos
2904,MED-3903,Dermatológicos,Abbott,Medellín,Alta (Invierno),Proveedor Programado,68174.53,42644.75,25529.78,50,67,229,9.64,8.54,304,0,5,588,1,1,0,Pediatría,0.5,Dermatológicos
2905,MED-3904,Analgésicos,Bayer,Cartagena,Alta (Epidemia),Manual,7567.96,4711.67,2856.29,190,56,339,20.89,4.83,635,0,13,714,1,1,1,Dermatológicos,0.25,Analgésicos
2906,MED-3905,Dermatológicos,MK,Bogotá,Promoción,Proveedor Programado,67508.47,52285.73,15222.74,451,42,403,21.14,3.62,638,1,11,228,1,0,1,Gastrointestinales,0.25,Dermatológicos
2907,MED-3906,Pediatría,Roche,Bogotá,Normal,Proveedor Programado,23514.21,16397.84,7116.37,15,13,124,9.02,2.4,285,1,8,488,0,1,0,Pediatría,0.5,Pediatría
2908,MED-3907,Dermatológicos,Sanofi,Bogotá,Alta (Epidemia),Automático (ML),22430.53,13464.87,8965.66,221,39,169,27.07,9.17,808,1,12,520,1,0,1,Pediatría,0.5,Dermatológicos
2909,MED-3908,Antigripales,Abbott,Cartagena,Alta (Epidemia),Automático (ML),67872.45,55979.59,11892.86,175,18,345,38.56,6.68,1182,1,5,425,0,1,0,Pediatría,0.5,Antigripales
2910,MED-3909,Cardiovasculares,Sanofi,Bogotá,Promoción,Proveedor Programado,9725.59,7735.38,1990.21,27,30,300,2.09,9.71,34,3,9,176,1,1,1,Cardiovasculares,0.5,Cardiovasculares
2911,MED-3910,Cardiovasculares,Abbott,Medellín,Promoción,Manual,19521.31,11992.03,7529.28,366,28,407,4.36,2.45,115,1,11,835,1,0,1,Pediatría,0.75,Pediatría
2912,MED-3911,Dermatológicos,Pfizer,Cartagena,Alta (Epidemia),Proveedor Programado,42402.97,35671.09,6731.88,314,26,170,16.79,6.14,503,1,4,222,0,0,0,Pediatría,0.75,Pediatría
2913,MED-3912,Diabetes,Abbott,Medellín,Normal,Manual,57117.65,47129.9,9987.75,108,42,441,28.85,6.38,854,3,5,228,1,1,0,Pediatría,0.5,Diabetes
2914,MED-3913,Diabetes,Novartis,Barranquilla,Normal,Automático (ML),34757.8,21877.03,12880.77,315,67,196,1.21,3.33,17,0,1,179,0,1,1,Pediatría,0.5,Diabetes
2915,MED-3914,Cardiovasculares,Bayer,Cali,Normal,Manual,32169.69,21027.81,11141.88,461,21,353,7.93,3.99,236,1,7,345,0,1,1,Pediatría,0.75,Pediatría
2916,MED-3915,Cardiovasculares,Roche,Cartagena,Alta (Invierno),Manual,26606.77,16241.51,10365.26,410,61,240,34.09,9.6,1023,2,8,333,0,1,1,Dermatológicos,0.5,Cardiovasculares
2917,MED-3916,Diabetes,Genfar,Bogotá,Promoción,Automático (ML),73124.57,57083.77,16040.8,194,52,351,7.47,1.37,236,0,12,675,0,0,0,Pediatría,0.5,Diabetes
2918,MED-3917,Vitaminas,Sanofi,Barranquilla,Promoción,Proveedor Programado,49420.42,40779.51,8640.91,229,60,284,7.51,1.43,219,2,2,772,1,0,0,Pediatría,0.5,Vitaminas
2919,MED-3918,Higiene Personal,Abbott,Cartagena,Promoción,Automático (ML),29732.08,23676.02,6056.06,124,36,188,11.05,2.71,384,0,6,492,0,1,0,Pediatría,0.5,Higiene Personal
2920,MED-3919,Cardiovasculares,Abbott,Medellín,Promoción,Manual,71480.41,53967.24,17513.17,339,37,364,3.54,5.4,102,2,2,822,1,0,1,Pediatría,0.5,Cardiovasculares
2921,MED-3920,Cardiovasculares,Bayer,Cali,Alta (Epidemia),Manual,33204.35,27085.43,6118.92,46,32,164,18.83,7.05,555,3,12,314,1,0,0,Pediatría,0.75,Pediatría
2922,MED-3921,Antibióticos,Abbott,Bogotá,Alta (Epidemia),Proveedor Programado,66322.16,43342.2,22979.96,327,30,137,19.69,7.55,628,1,5,44,1,0,1,Dermatológicos,0.25,Antibióticos
2923,MED-3922,Diabetes,Bayer,Barranquilla,Promoción,Manual,4840.53,3834.43,1006.1,457,35,288,27.86,2.9,845,0,2,144,0,0,0,Pediatría,0.5,Diabetes
2924,MED-3923,Cardiovasculares,MK,Cartagena,Normal,Automático (ML),28935.55,20120.84,8814.71,55,47,281,11.53,3.82,346,2,7,506,0,0,0,Pediatría,0.5,Cardiovasculares
2925,MED-3924,Pediatría,Novartis,Medellín,Promoción,Manual,26957.87,21788.65,5169.22,94,51,106,27.56,1.73,809,1,2,181,0,1,1,Pediatría,0.5,Pediatría
2926,MED-3925,Antigripales,Genfar,Barranquilla,Normal,Automático (ML),51326.18,42549.79,8776.39,11,24,81,10.06,8.28,279,1,14,889,0,1,1,Pediatría,0.5,Antigripales
2927,MED-3926,Pediatría,Tecnoquímicas,Medellín,Promoción,Proveedor Programado,34150.69,21049.37,13101.32,91,15,227,23.74,2.95,674,2,2,747,1,0,0,Pediatría,0.75,Pediatría
2928,MED-3927,Antigripales,Roche,Cartagena,Alta (Invierno),Manual,46476.69,28262.89,18213.8,295,77,426,5.82,3.23,197,1,10,613,0,1,1,Pediatría,0.75,Pediatría
2929,MED-3928,Pediatría,Bayer,Bogotá,Alta (Epidemia),Automático (ML),39152.81,26652.65,12500.16,398,11,62,22.29,5.03,674,1,14,668,1,1,0,Pediatría,0.5,Pediatría
2930,MED-3929,Cardiovasculares,Roche,Medellín,Normal,Proveedor Programado,54816.36,40446.58,14369.78,48,44,286,10.31,7.89,285,1,4,567,1,1,0,Pediatría,0.5,Cardiovasculares
2931,MED-3930,Analgésicos,La Santé,Cali,Alta (Invierno),Automático (ML),7615.63,5868.18,1747.45,241,55,338,33.57,3.01,1013,0,10,314,0,1,0,Dermatológicos,0.25,Analgésicos
2932,MED-3931,Analgésicos,MK,Bogotá,Promoción,Proveedor Programado,69679.16,47230.73,22448.43,137,47,196,21.45,3.41,630,0,7,486,0,1,1,Antigripales,0.25,Analgésicos
2933,MED-3932,Higiene Personal,Bayer,Barranquilla,Promoción,Proveedor Programado,54027.79,37357.16,16670.63,157,28,246,26.4,8.03,755,0,11,392,1,0,0,Gastrointestinales,0.5,Higiene Personal
2934,MED-3933,Gastrointestinales,Novartis,Cartagena,Normal,Manual,63017.14,49801.0,13216.14,248,31,290,13.05,0.93,364,4,8,834,1,1,0,Pediatría,0.5,Gastrointestinales
2935,MED-3934,Higiene Personal,Pfizer,Cali,Normal,Manual,26505.94,21936.43,4569.51,285,33,128,36.35,7.82,1099,1,3,859,1,0,0,Pediatría,0.5,Higiene Personal
2936,MED-3935,Diabetes,Bayer,Cartagena,Alta (Invierno),Automático (ML),63673.49,52614.26,11059.23,132,35,432,1.69,7.57,69,2,6,578,1,0,1,Pediatría,0.5,Diabetes
2937,MED-3936,Analgésicos,Genfar,Bogotá,Normal,Proveedor Programado,3909.93,3311.45,598.48,235,79,161,15.94,7.21,454,0,5,237,0,1,0,Pediatría,0.5,Analgésicos
2938,MED-3937,Cardiovasculares,MK,Cartagena,Alta (Invierno),Proveedor Programado,58710.73,47743.56,10967.17,225,58,307,3.34,8.64,111,1,8,368,1,0,1,Pediatría,0.5,Cardiovasculares
2939,MED-3938,Dermatológicos,Novartis,Cali,Normal,Proveedor Programado,3469.38,2258.56,1210.82,9,30,219,31.11,4.08,921,1,1,751,0,1,0,Pediatría,0.75,Pediatría
2940,MED-3939,Higiene Personal,Novartis,Cartagena,Alta (Epidemia),Proveedor Programado,74928.74,62096.47,12832.27,332,35,152,4.62,9.63,160,3,10,701,0,1,1,Dermatológicos,0.25,Higiene Personal
2941,MED-3940,Antibióticos,Pfizer,Barranquilla,Normal,Automático (ML),56874.85,36724.4,20150.45,453,52,234,6.7,2.49,184,2,8,563,0,1,0,Pediatría,0.5,Antibióticos
2942,MED-3941,Vitaminas,Abbott,Barranquilla,Promoción,Manual,76467.07,61300.26,15166.81,90,75,144,7.17,2.79,222,2,9,155,0,0,0,Pediatría,0.5,Vitaminas
2943,MED-3942,Analgésicos,Genfar,Cartagena,Normal,Automático (ML),75338.62,62426.58,12912.04,411,22,77,9.4,4.87,297,0,13,707,0,0,1,Dermatológicos,0.25,Analgésicos
2944,MED-3943,Antigripales,Tecnoquímicas,Cali,Alta (Epidemia),Manual,4720.0,3506.04,1213.96,393,30,263,26.34,9.03,754,0,9,812,1,1,0,Pediatría,0.5,Antigripales
2945,MED-3944,Dermatológicos,La Santé,Cartagena,Promoción,Manual,51560.26,39638.66,11921.6,28,57,297,23.74,2.69,710,3,11,114,0,0,0,Pediatría,0.5,Dermatológicos
2946,MED-3945,Dermatológicos,MK,Cali,Alta (Invierno),Proveedor Programado,71776.56,59411.04,12365.52,161,44,311,8.46,1.26,271,1,7,481,1,0,1,Pediatría,0.5,Dermatológicos
2947,MED-3946,Pediatría,Bayer,Cartagena,Normal,Manual,32256.49,24135.3,8121.19,398,22,372,11.8,4.12,347,0,8,461,0,1,1,Pediatría,0.75,Pediatría
2948,MED-3947,Antigripales,Bayer,Medellín,Alta (Epidemia),Proveedor Programado,77828.72,65777.57,12051.15,78,69,212,26.19,6.66,792,1,2,261,1,1,0,Antigripales,0.25,Antigripales
2949,MED-3948,Antigripales,Roche,Barranquilla,Promoción,Manual,50461.44,37387.78,13073.66,317,57,241,22.83,1.93,668,2,3,527,0,1,0,Cardiovasculares,0.5,Antigripales
2950,MED-3949,Cardiovasculares,La Santé,Medellín,Alta (Epidemia),Manual,37123.21,24393.94,12729.27,258,71,449,25.51,5.23,722,1,12,469,1,1,0,Dermatológicos,0.5,Cardiovasculares
2951,MED-3950,Cardiovasculares,Tecnoquímicas,Cartagena,Normal,Proveedor Programado,26043.76,21084.99,4958.77,320,51,366,12.55,1.23,408,2,13,542,1,1,1,Pediatría,0.75,Pediatría
2952,MED-3951,Analgésicos,Genfar,Barranquilla,Alta (Epidemia),Proveedor Programado,28646.52,23425.59,5220.93,164,11,162,20.25,1.14,606,1,2,839,0,0,1,Pediatría,0.75,Pediatría
2953,MED-3952,Pediatría,Abbott,Barranquilla,Alta (Invierno),Proveedor Programado,48926.76,36771.49,12155.27,222,52,125,10.22,6.94,322,2,10,546,1,1,1,Cardiovasculares,0.5,Pediatría
2954,MED-3953,Cardiovasculares,MK,Medellín,Alta (Invierno),Manual,66988.19,44172.04,22816.15,145,37,128,16.9,2.52,524,2,14,284,1,0,1,Dermatológicos,0.25,Cardiovasculares
2955,MED-3954,Cardiovasculares,Abbott,Cartagena,Promoción,Automático (ML),54177.33,37182.51,16994.82,409,50,230,20.17,0.98,601,1,2,210,0,0,1,Antigripales,0.25,Cardiovasculares
2956,MED-3955,Pediatría,Tecnoquímicas,Cartagena,Promoción,Proveedor Programado,37545.14,26976.5,10568.64,196,42,340,28.13,4.39,810,6,11,574,0,0,0,Pediatría,0.75,Pediatría
2957,MED-3956,Dermatológicos,MK,Cartagena,Promoción,Manual,72343.6,59342.16,13001.44,284,37,196,18.46,9.7,527,3,10,755,0,1,0,Pediatría,0.5,Dermatológicos
2958,MED-3957,Analgésicos,Sanofi,Barranquilla,Promoción,Manual,26108.53,19867.58,6240.95,458,30,104,11.97,7.86,388,3,11,502,1,1,0,Pediatría,0.75,Pediatría
2959,MED-3958,Antigripales,La Santé,Barranquilla,Alta (Invierno),Proveedor Programado,64010.4,40981.73,23028.67,484,69,343,24.94,3.7,785,2,10,400,0,0,1,Pediatría,0.5,Antigripales
2960,MED-3959,Higiene Personal,Abbott,Barranquilla,Promoción,Proveedor Programado,47883.14,33776.24,14106.9,395,43,201,32.95,3.21,1027,0,13,472,1,1,0,Pediatría,0.5,Higiene Personal
2961,MED-3960,Gastrointestinales,Sanofi,Bogotá,Alta (Epidemia),Manual,77610.22,59628.43,17981.79,322,20,336,34.14,0.5,1024,3,1,153,0,1,0,Pediatría,0.75,Pediatría
2962,MED-3961,Analgésicos,Novartis,Cali,Alta (Invierno),Manual,69958.98,55176.22,14782.76,133,75,243,35.21,7.13,1046,1,9,884,1,0,0,Antigripales,0.25,Analgésicos
2963,MED-3962,Pediatría,Pfizer,Medellín,Alta (Invierno),Automático (ML),53394.5,33512.06,19882.44,380,62,303,21.67,7.22,621,3,12,92,0,0,0,Pediatría,0.5,Pediatría
2964,MED-3963,Antibióticos,Tecnoquímicas,Cali,Normal,Proveedor Programado,32465.27,24789.3,7675.97,403,72,125,10.46,1.68,298,1,3,159,1,1,0,Pediatría,0.5,Antibióticos
2965,MED-3964,Pediatría,Pfizer,Cali,Alta (Invierno),Manual,66010.81,48429.62,17581.19,410,76,292,1.32,9.48,21,2,12,522,1,0,0,Pediatría,0.5,Pediatría
2966,MED-3965,Dermatológicos,Pfizer,Bogotá,Alta (Invierno),Proveedor Programado,12785.28,8642.78,4142.5,35,18,397,14.41,8.76,444,1,10,293,1,1,0,Pediatría,0.75,Pediatría
2967,MED-3966,Higiene Personal,Abbott,Medellín,Normal,Proveedor Programado,10940.77,9086.48,1854.29,321,30,173,39.54,0.65,1184,3,1,768,1,1,1,Pediatría,0.5,Higiene Personal
2968,MED-3967,Dermatológicos,MK,Medellín,Alta (Epidemia),Manual,30112.71,22580.12,7532.59,323,20,113,14.03,6.71,398,0,6,219,1,0,0,Pediatría,0.75,Pediatría
2969,MED-3968,Higiene Personal,MK,Medellín,Alta (Epidemia),Manual,60165.65,37259.61,22906.04,105,46,221,5.53,2.23,168,1,7,360,0,1,1,Dermatológicos,0.25,Higiene Personal
2970,MED-3969,Cardiovasculares,Roche,Bogotá,Alta (Epidemia),Proveedor Programado,66136.78,50985.74,15151.04,428,50,321,24.06,3.81,715,2,10,712,1,0,0,Pediatría,0.5,Cardiovasculares
2971,MED-3970,Gastrointestinales,Sanofi,Cartagena,Alta (Invierno),Manual,40087.34,32355.15,7732.19,224,69,380,21.07,8.39,655,4,8,510,0,1,1,Pediatría,0.75,Pediatría
2972,MED-3971,Antigripales,Bayer,Barranquilla,Promoción,Automático (ML),26564.67,22502.92,4061.75,12,67,281,18.24,8.27,526,1,14,450,0,1,1,Pediatría,0.5,Antigripales
2973,MED-3972,Diabetes,MK,Cali,Normal,Automático (ML),64933.43,51174.16,13759.27,296,33,107,33.06,8.02,1025,1,9,634,0,1,1,Gastrointestinales,0.25,Diabetes
2974,MED-3973,Dermatológicos,Pfizer,Medellín,Alta (Epidemia),Manual,50782.77,37423.19,13359.58,283,65,411,22.98,5.51,684,1,14,308,0,0,1,Gastrointestinales,0.25,Dermatológicos
2975,MED-3974,Pediatría,La Santé,Barranquilla,Normal,Manual,47489.2,31396.61,16092.59,92,58,153,28.89,5.75,837,2,5,728,0,1,1,Pediatría,0.5,Pediatría
2976,MED-3975,Diabetes,Genfar,Medellín,Normal,Automático (ML),60676.38,41500.7,19175.68,273,51,211,38.85,4.94,1147,3,11,190,1,0,0,Pediatría,0.5,Diabetes
2977,MED-3976,Cardiovasculares,Pfizer,Cartagena,Alta (Invierno),Manual,31116.01,20560.69,10555.32,449,71,325,9.9,4.49,323,0,7,324,0,1,0,Pediatría,0.5,Cardiovasculares
2978,MED-3977,Pediatría,Genfar,Cartagena,Promoción,Manual,21754.48,17314.24,4440.24,328,73,219,25.42,6.28,763,1,6,47,0,1,0,Dermatológicos,0.5,Pediatría
2979,MED-3978,Antigripales,Tecnoquímicas,Medellín,Alta (Epidemia),Automático (ML),32108.92,22815.95,9292.97,85,69,166,29.56,5.88,880,3,4,281,1,1,1,Pediatría,0.5,Antigripales
2980,MED-3979,Higiene Personal,Roche,Bogotá,Alta (Epidemia),Automático (ML),32300.56,23535.38,8765.18,126,50,257,37.48,7.42,1097,1,8,598,1,0,1,Dermatológicos,0.5,Higiene Personal
2981,MED-3980,Higiene Personal,Sanofi,Medellín,Alta (Invierno),Automático (ML),5372.27,4450.27,922.0,481,34,338,6.63,2.16,183,1,11,580,0,0,1,Pediatría,0.75,Pediatría
2982,MED-3981,Cardiovasculares,La Santé,Bogotá,Normal,Automático (ML),27313.31,19793.75,7519.56,110,16,139,25.0,1.67,774,2,2,308,0,1,0,Pediatría,1.0,Pediatría
2983,MED-3982,Diabetes,Genfar,Medellín,Alta (Epidemia),Manual,54057.94,38213.0,15844.94,58,42,267,34.34,6.65,994,0,4,764,1,1,1,Antigripales,0.25,Diabetes
2984,MED-3983,Antigripales,Tecnoquímicas,Bogotá,Normal,Proveedor Programado,39751.73,27693.66,12058.07,216,75,287,23.17,9.91,671,2,5,449,1,0,1,Dermatológicos,0.25,Antigripales
2985,MED-3984,Gastrointestinales,Novartis,Bogotá,Normal,Automático (ML),49065.96,40222.21,8843.75,173,78,414,25.29,4.33,754,1,1,142,1,1,1,Dermatológicos,0.5,Gastrointestinales
2986,MED-3985,Pediatría,Sanofi,Cali,Alta (Invierno),Proveedor Programado,21927.26,13991.59,7935.67,49,38,161,24.69,9.04,748,1,2,813,0,1,0,Pediatría,0.5,Pediatría
2987,MED-3986,Diabetes,Abbott,Bogotá,Normal,Automático (ML),16702.47,11994.75,4707.72,283,66,269,39.94,8.82,1203,0,5,284,0,0,0,Dermatológicos,0.5,Diabetes
2988,MED-3987,Dermatológicos,La Santé,Cali,Normal,Proveedor Programado,29741.33,18468.71,11272.62,154,35,311,14.11,3.12,420,0,10,291,1,0,0,Pediatría,0.5,Dermatológicos
2989,MED-3988,Pediatría,Novartis,Medellín,Alta (Invierno),Manual,71479.87,52018.41,19461.46,462,54,105,32.83,7.87,987,1,3,348,0,0,1,Gastrointestinales,0.25,Pediatría
2990,MED-3989,Cardiovasculares,MK,Bogotá,Alta (Invierno),Proveedor Programado,48534.45,35220.91,13313.54,413,61,147,24.3,0.51,709,2,12,417,1,1,1,Gastrointestinales,0.5,Cardiovasculares
2991,MED-3990,Analgésicos,Abbott,Cartagena,Normal,Manual,17373.9,11026.36,6347.54,66,30,287,24.16,5.79,748,0,6,303,1,1,0,Pediatría,1.0,Pediatría
2992,MED-3991,Pediatría,La Santé,Bogotá,Promoción,Automático (ML),41126.54,33031.72,8094.82,342,54,402,31.5,5.86,949,0,9,355,1,0,0,Dermatológicos,0.5,Pediatría
2993,MED-3992,Antigripales,La Santé,Barranquilla,Alta (Invierno),Manual,75208.64,60196.3,15012.34,69,54,396,30.72,1.07,908,1,6,424,0,0,1,Dermatológicos,0.5,Antigripales
2994,MED-3993,Dermatológicos,Tecnoquímicas,Bogotá,Normal,Automático (ML),64319.23,38962.01,25357.22,40,19,183,22.34,1.73,682,2,10,793,1,0,1,Dermatológicos,0.5,Dermatológicos
2995,MED-3994,Analgésicos,Roche,Medellín,Normal,Proveedor Programado,75155.84,62415.25,12740.59,224,63,271,30.33,4.03,920,1,13,350,0,0,1,Gastrointestinales,0.5,Analgésicos
2996,MED-3995,Antigripales,Pfizer,Bogotá,Alta (Invierno),Proveedor Programado,44616.99,36914.84,7702.15,417,42,396,15.67,8.93,472,1,9,802,0,1,1,Pediatría,0.75,Pediatría
2997,MED-3996,Antibióticos,Pfizer,Cali,Alta (Epidemia),Proveedor Programado,16747.51,11579.85,5167.66,364,38,251,8.07,9.71,229,1,8,533,1,0,1,Pediatría,0.75,Pediatría
2998,MED-3997,Vitaminas,Sanofi,Medellín,Alta (Invierno),Proveedor Programado,3263.08,2085.74,1177.34,13,55,358,30.21,4.66,910,0,4,189,0,0,1,Pediatría,0.75,Pediatría
2999,MED-3998,Analgésicos,Tecnoquímicas,Barranquilla,Alta (Invierno),Manual,57715.21,40194.53,17520.68,172,34,123,13.21,5.63,384,1,12,565,0,1,0,Dermatológicos,0.25,Analgésicos
3000,MED-3999,Pediatría,Abbott,Bogotá,Promoción,Automático (ML),25741.35,18199.79,7541.56,204,18,333,7.45,2.74,235,2,14,514,1,1,1,Pediatría,0.75,Pediatría
3001,MED-4000,Dermatológicos,Abbott,Bogotá,Alta (Invierno),Proveedor Programado,47328.98,35030.46,12298.52,323,14,220,2.46,2.55,68,1,1,156,0,0,1,Dermatológicos,0.5,Dermatológicos
3002,MED-4001,Antibióticos,Tecnoquímicas,Barranquilla,Normal,Proveedor Programado,53237.47,44416.34,8821.13,431,60,406,28.98,3.3,892,1,10,650,1,0,1,Gastrointestinales,0.25,Antibióticos
3003,MED-4002,Cardiovasculares,Abbott,Barranquilla,Promoción,Manual,11552.0,8524.68,3027.32,10,23,168,20.49,9.94,622,0,2,311,1,0,0,Pediatría,0.75,Pediatría
3004,MED-4003,Gastrointestinales,Roche,Barranquilla,Normal,Automático (ML),4977.43,3309.9,1667.53,377,77,301,2.34,1.86,84,2,3,815,0,0,0,Pediatría,0.75,Pediatría
3005,MED-4004,Cardiovasculares,Pfizer,Cartagena,Alta (Epidemia),Manual,64360.21,48352.61,16007.6,467,52,183,1.33,3.21,56,1,6,456,0,1,1,Cardiovasculares,0.5,Cardiovasculares
3006,MED-4005,Higiene Personal,Abbott,Bogotá,Alta (Invierno),Automático (ML),29066.67,23501.86,5564.81,467,64,153,26.76,2.32,821,1,10,216,1,0,1,Pediatría,0.5,Higiene Personal
3007,MED-4006,Analgésicos,Sanofi,Medellín,Normal,Automático (ML),48028.68,40748.37,7280.31,266,70,411,2.57,1.82,88,3,1,92,1,0,1,Cardiovasculares,0.5,Analgésicos
3008,MED-4007,Analgésicos,La Santé,Bogotá,Alta (Invierno),Proveedor Programado,4922.77,4115.04,807.73,31,19,176,36.86,5.13,1065,1,7,372,0,1,1,Pediatría,0.75,Pediatría
3009,MED-4008,Analgésicos,Roche,Cartagena,Normal,Manual,59425.89,40185.01,19240.88,376,20,403,22.2,6.79,665,1,4,40,0,0,0,Pediatría,0.5,Analgésicos
3010,MED-4009,Vitaminas,Bayer,Medellín,Normal,Manual,6287.51,4848.94,1438.57,414,11,359,24.52,6.14,746,4,11,69,1,0,0,Pediatría,0.75,Pediatría
3011,MED-4010,Pediatría,Tecnoquímicas,Cali,Alta (Invierno),Proveedor Programado,8983.92,7012.35,1971.57,408,13,294,21.83,5.61,642,1,12,245,0,1,1,Pediatría,0.75,Pediatría
3012,MED-4011,Pediatría,Abbott,Cartagena,Alta (Epidemia),Manual,30071.18,25491.06,4580.12,223,73,462,36.98,8.36,1126,1,10,237,0,0,1,Dermatológicos,0.25,Pediatría
3013,MED-4012,Analgésicos,Bayer,Cartagena,Promoción,Manual,33896.88,22524.91,11371.97,449,41,194,33.92,9.03,987,1,8,776,0,1,1,Pediatría,0.5,Analgésicos
3014,MED-4013,Diabetes,Tecnoquímicas,Cali,Alta (Epidemia),Automático (ML),32126.53,23825.28,8301.25,13,48,115,37.52,9.38,1103,1,8,119,0,0,1,Pediatría,0.75,Pediatría
3015,MED-4014,Dermatológicos,Novartis,Cartagena,Alta (Epidemia),Proveedor Programado,6810.23,4255.24,2554.99,51,76,210,34.53,5.66,1017,3,11,231,1,1,0,Pediatría,0.5,Dermatológicos
3016,MED-4015,Higiene Personal,Pfizer,Bogotá,Normal,Proveedor Programado,47566.23,40421.51,7144.72,498,37,296,30.18,1.97,882,0,13,311,0,1,1,Gastrointestinales,0.25,Higiene Personal
3017,MED-4016,Gastrointestinales,Novartis,Medellín,Alta (Epidemia),Automático (ML),5670.84,4732.05,938.79,376,14,325,27.54,4.53,806,3,10,867,1,1,1,Pediatría,0.75,Pediatría
3018,MED-4017,Vitaminas,MK,Cartagena,Alta (Epidemia),Manual,44453.5,35191.88,9261.62,311,49,165,34.71,2.85,1042,2,14,163,0,1,1,Pediatría,0.5,Vitaminas
3019,MED-4018,Analgésicos,La Santé,Barranquilla,Promoción,Manual,71767.68,53098.75,18668.93,422,29,312,19.06,7.17,561,0,12,789,0,1,0,Gastrointestinales,0.5,Analgésicos
3020,MED-4019,Cardiovasculares,MK,Cali,Promoción,Manual,34563.75,25839.3,8724.45,281,73,140,39.27,1.64,1163,1,1,845,1,0,1,Antigripales,0.25,Cardiovasculares
3021,MED-4020,Diabetes,MK,Barranquilla,Promoción,Manual,30192.29,21091.06,9101.23,261,35,305,2.58,0.64,73,2,11,100,0,0,1,Pediatría,0.5,Diabetes
3022,MED-4021,Antibióticos,La Santé,Cartagena,Alta (Epidemia),Manual,28359.02,17078.97,11280.05,133,51,296,6.04,5.16,141,0,1,326,0,1,0,Pediatría,0.5,Antibióticos
3023,MED-4022,Analgésicos,Pfizer,Barranquilla,Alta (Invierno),Proveedor Programado,36949.06,22376.12,14572.94,441,39,204,28.29,4.99,882,2,3,480,0,1,1,Pediatría,0.75,Pediatría
3024,MED-4023,Antibióticos,La Santé,Barranquilla,Normal,Automático (ML),77654.88,62523.03,15131.85,211,66,251,14.17,2.61,431,1,2,591,1,0,1,Pediatría,0.5,Antibióticos
3025,MED-4024,Vitaminas,MK,Cali,Alta (Epidemia),Manual,34424.62,26456.09,7968.53,74,51,411,23.12,8.08,694,1,8,494,0,0,1,Dermatológicos,0.5,Vitaminas
3026,MED-4025,Dermatológicos,Abbott,Cartagena,Alta (Epidemia),Manual,17028.86,11255.03,5773.83,420,39,159,31.71,8.6,969,2,2,631,1,1,1,Pediatría,0.5,Dermatológicos
3027,MED-4026,Antigripales,Pfizer,Cali,Promoción,Proveedor Programado,57312.95,36344.78,20968.17,488,36,203,12.46,1.01,365,1,1,508,0,1,1,Pediatría,0.5,Antigripales
3028,MED-4027,Antibióticos,Roche,Bogotá,Promoción,Automático (ML),69755.76,51700.13,18055.63,73,18,92,14.94,5.78,440,0,13,418,1,1,0,Dermatológicos,0.25,Antibióticos
3029,MED-4028,Cardiovasculares,La Santé,Barranquilla,Normal,Proveedor Programado,53927.92,41171.73,12756.19,114,55,345,23.87,8.56,703,2,5,809,0,0,1,Cardiovasculares,0.5,Cardiovasculares
3030,MED-4029,Pediatría,Abbott,Cali,Promoción,Automático (ML),42625.26,28529.41,14095.85,315,40,322,25.09,3.31,785,1,13,406,0,1,1,Pediatría,0.5,Pediatría
3031,MED-4030,Analgésicos,MK,Medellín,Promoción,Automático (ML),11299.7,8309.97,2989.73,343,54,419,6.83,4.56,198,1,7,241,0,1,0,Pediatría,0.75,Pediatría
3032,MED-4031,Analgésicos,Pfizer,Cartagena,Alta (Invierno),Manual,30715.25,24371.55,6343.7,258,43,163,34.18,2.7,1021,2,6,409,0,1,1,Pediatría,0.5,Analgésicos
3033,MED-4032,Diabetes,Genfar,Medellín,Alta (Invierno),Manual,20334.02,17216.11,3117.91,68,79,313,21.38,5.34,652,0,11,707,1,0,0,Pediatría,0.5,Diabetes
3034,MED-4033,Antigripales,Roche,Barranquilla,Alta (Epidemia),Automático (ML),60939.22,49810.8,11128.42,364,15,330,14.87,2.68,448,0,13,180,0,0,0,Dermatológicos,0.25,Antigripales
3035,MED-4034,Gastrointestinales,Genfar,Medellín,Promoción,Automático (ML),23618.06,15914.22,7703.84,484,21,387,14.27,6.85,419,1,8,464,1,0,1,Pediatría,0.75,Pediatría
3036,MED-4035,Vitaminas,Abbott,Barranquilla,Alta (Invierno),Proveedor Programado,57101.31,43944.11,13157.2,101,51,110,23.36,7.73,709,2,3,288,0,0,1,Cardiovasculares,0.5,Vitaminas
3037,MED-4036,Vitaminas,Bayer,Medellín,Alta (Invierno),Proveedor Programado,14785.35,11207.22,3578.13,107,35,214,26.83,3.99,826,3,6,571,0,0,0,Pediatría,1.0,Pediatría
3038,MED-4037,Dermatológicos,Bayer,Bogotá,Promoción,Proveedor Programado,36112.17,24589.65,11522.52,109,48,227,37.38,1.05,1088,0,3,536,0,0,0,Antigripales,0.25,Dermatológicos
3039,MED-4038,Higiene Personal,Tecnoquímicas,Cali,Alta (Invierno),Manual,41027.64,33491.17,7536.47,349,28,412,19.01,2.8,603,2,10,436,1,1,0,Pediatría,1.0,Pediatría
3040,MED-4039,Pediatría,Roche,Cartagena,Alta (Invierno),Proveedor Programado,79259.06,63241.19,16017.87,455,31,85,14.45,7.95,436,0,5,134,0,1,1,Cardiovasculares,0.5,Pediatría
3041,MED-4040,Gastrointestinales,Pfizer,Cali,Alta (Epidemia),Proveedor Programado,56759.25,36110.97,20648.28,356,42,113,31.07,1.38,932,1,2,227,1,0,1,Antigripales,0.25,Gastrointestinales
3042,MED-4041,Analgésicos,Abbott,Cali,Promoción,Proveedor Programado,42865.9,27427.65,15438.25,278,56,269,22.43,5.58,662,4,7,536,0,0,0,Pediatría,1.0,Pediatría
3043,MED-4042,Antibióticos,Bayer,Bogotá,Promoción,Automático (ML),18266.4,13896.13,4370.27,317,28,423,28.06,5.97,836,0,6,408,0,0,0,Dermatológicos,0.25,Antibióticos
3044,MED-4043,Vitaminas,Sanofi,Medellín,Alta (Invierno),Automático (ML),8904.47,6637.19,2267.28,157,45,330,24.54,3.79,738,0,7,383,1,1,1,Pediatría,0.75,Pediatría
3045,MED-4044,Antigripales,Genfar,Bogotá,Promoción,Proveedor Programado,71399.87,44670.84,26729.03,38,75,129,27.31,9.52,802,1,7,507,0,1,1,Antigripales,0.25,Antigripales
3046,MED-4045,Dermatológicos,Abbott,Bogotá,Promoción,Manual,66211.99,43987.72,22224.27,428,43,228,17.49,9.91,550,2,4,641,0,1,0,Dermatológicos,0.25,Dermatológicos
3047,MED-4046,Antigripales,Sanofi,Bogotá,Alta (Epidemia),Proveedor Programado,21001.53,14822.93,6178.6,23,30,175,15.58,3.79,441,2,8,894,1,0,1,Pediatría,0.5,Antigripales
3048,MED-4047,Vitaminas,Tecnoquímicas,Bogotá,Normal,Proveedor Programado,23525.59,15118.72,8406.87,139,38,346,27.24,2.08,836,1,13,104,1,1,0,Pediatría,1.0,Pediatría
3049,MED-4048,Vitaminas,Abbott,Cali,Normal,Proveedor Programado,40758.56,31924.53,8834.03,57,19,79,39.2,1.34,1155,1,13,479,1,1,1,Pediatría,0.5,Vitaminas
3050,MED-4049,Higiene Personal,MK,Barranquilla,Promoción,Automático (ML),43201.81,26130.15,17071.66,391,77,314,8.65,3.93,252,1,13,557,0,1,0,Pediatría,0.75,Pediatría
3051,MED-4050,Cardiovasculares,MK,Bogotá,Normal,Manual,50490.01,33823.35,16666.66,62,15,356,17.51,6.89,520,1,10,37,1,0,1,Dermatológicos,0.25,Cardiovasculares
3052,MED-4051,Cardiovasculares,Tecnoquímicas,Barranquilla,Normal,Automático (ML),41760.57,27215.98,14544.59,202,18,380,39.8,0.94,1174,2,6,40,1,1,1,Pediatría,1.0,Pediatría
3053,MED-4052,Pediatría,Abbott,Cartagena,Alta (Invierno),Manual,59390.43,41923.16,17467.27,298,42,297,25.73,1.18,718,2,1,536,0,1,1,Antigripales,0.25,Pediatría
3054,MED-4053,Pediatría,Pfizer,Cali,Promoción,Manual,57240.61,43574.47,13666.14,376,43,334,28.64,8.63,835,1,8,148,1,1,0,Gastrointestinales,0.25,Pediatría
3055,MED-4054,Dermatológicos,Roche,Medellín,Alta (Invierno),Automático (ML),56307.61,42161.89,14145.72,424,60,130,39.41,4.63,1176,2,6,712,1,1,0,Pediatría,0.5,Dermatológicos
3056,MED-4055,Vitaminas,MK,Medellín,Alta (Epidemia),Automático (ML),54688.6,37372.6,17316.0,44,53,366,1.02,8.03,26,1,1,100,0,0,0,Pediatría,0.5,Vitaminas
3057,MED-4056,Vitaminas,Novartis,Cartagena,Normal,Proveedor Programado,74611.82,58368.48,16243.34,301,55,452,11.24,5.98,339,1,6,763,0,1,1,Pediatría,0.5,Vitaminas
3058,MED-4057,Higiene Personal,La Santé,Medellín,Alta (Epidemia),Manual,69050.54,55816.57,13233.97,483,71,416,9.21,1.09,274,1,4,438,0,0,0,Pediatría,0.5,Higiene Personal
3059,MED-4058,Diabetes,Sanofi,Medellín,Alta (Invierno),Manual,67435.9,42515.38,24920.52,104,50,250,10.71,7.5,325,1,6,597,1,1,1,Pediatría,0.5,Diabetes
3060,MED-4059,Vitaminas,MK,Cali,Promoción,Proveedor Programado,78709.65,54851.76,23857.89,41,52,153,22.25,3.39,665,3,3,88,1,1,0,Antigripales,0.25,Vitaminas
3061,MED-4060,Higiene Personal,Novartis,Cartagena,Alta (Invierno),Manual,6053.63,5007.02,1046.61,122,76,227,9.01,9.87,291,0,10,523,0,1,1,Pediatría,0.5,Higiene Personal
3062,MED-4061,Analgésicos,La Santé,Cartagena,Alta (Epidemia),Manual,53453.71,41121.11,12332.6,326,19,195,37.0,7.47,1097,2,3,516,1,0,1,Antigripales,0.25,Analgésicos
3063,MED-4062,Antibióticos,Genfar,Cali,Alta (Epidemia),Automático (ML),78891.33,48422.25,30469.08,54,73,419,16.07,9.22,479,2,8,165,1,1,1,Pediatría,0.5,Antibióticos
3064,MED-4063,Cardiovasculares,Bayer,Cali,Promoción,Proveedor Programado,37599.93,26549.13,11050.8,94,32,196,14.1,6.43,438,3,1,665,1,1,1,Cardiovasculares,0.5,Cardiovasculares
3065,MED-4064,Antigripales,Novartis,Medellín,Normal,Proveedor Programado,15636.48,10915.1,4721.38,283,56,446,11.83,7.95,341,0,11,867,1,0,0,Pediatría,0.75,Pediatría
3066,MED-4065,Cardiovasculares,Pfizer,Bogotá,Normal,Proveedor Programado,59046.49,42519.14,16527.35,29,13,107,6.23,1.69,185,2,5,250,0,1,0,Dermatológicos,0.5,Cardiovasculares
3067,MED-4066,Cardiovasculares,Sanofi,Medellín,Normal,Manual,19410.42,12082.32,7328.1,379,15,73,12.84,3.95,386,1,4,61,1,1,1,Pediatría,0.5,Cardiovasculares
3068,MED-4067,Gastrointestinales,Abbott,Cartagena,Promoción,Automático (ML),64492.62,44088.49,20404.13,265,61,298,19.5,1.85,625,1,11,156,1,1,1,Diabetes,0.5,Gastrointestinales
3069,MED-4068,Gastrointestinales,La Santé,Cali,Promoción,Automático (ML),20844.19,17695.56,3148.63,182,77,460,33.9,1.46,1024,2,10,241,0,0,1,Dermatológicos,0.25,Gastrointestinales
3070,MED-4069,Diabetes,Sanofi,Cali,Normal,Manual,17150.97,12596.02,4554.95,494,67,341,2.38,8.35,57,5,14,630,0,1,1,Pediatría,0.75,Pediatría
3071,MED-4070,Gastrointestinales,Novartis,Barranquilla,Alta (Invierno),Automático (ML),26396.69,17438.22,8958.47,23,23,350,1.12,8.17,22,2,5,792,0,1,0,Pediatría,0.5,Gastrointestinales
3072,MED-4071,Cardiovasculares,Sanofi,Cali,Alta (Epidemia),Automático (ML),27171.62,20836.03,6335.59,481,34,118,15.94,0.94,486,5,14,686,0,0,0,Cardiovasculares,0.5,Cardiovasculares
3073,MED-4072,Dermatológicos,Tecnoquímicas,Cali,Normal,Proveedor Programado,37261.3,22385.05,14876.25,196,53,149,37.56,6.15,1108,2,7,121,1,1,0,Pediatría,0.75,Pediatría
3074,MED-4073,Vitaminas,Genfar,Medellín,Promoción,Proveedor Programado,61885.34,46135.11,15750.23,258,41,414,37.15,1.24,1105,1,11,297,1,0,0,Gastrointestinales,0.25,Vitaminas
3075,MED-4074,Gastrointestinales,Abbott,Bogotá,Normal,Automático (ML),60967.98,42086.24,18881.74,193,42,297,36.73,2.18,1101,2,10,882,0,0,1,Pediatría,0.5,Gastrointestinales
3076,MED-4075,Antigripales,Bayer,Cartagena,Alta (Epidemia),Automático (ML),46655.66,38319.02,8336.64,273,28,294,13.89,2.06,392,2,12,755,0,0,1,Pediatría,0.5,Antigripales
3077,MED-4076,Analgésicos,MK,Bogotá,Alta (Epidemia),Proveedor Programado,68948.78,44735.99,24212.79,57,28,333,34.35,0.53,1046,0,13,472,0,0,0,Gastrointestinales,0.5,Analgésicos
3078,MED-4077,Pediatría,Tecnoquímicas,Bogotá,Alta (Invierno),Automático (ML),10875.08,8224.17,2650.91,141,31,97,8.28,8.27,249,2,3,449,0,1,0,Pediatría,0.75,Pediatría
3079,MED-4078,Pediatría,Abbott,Cartagena,Promoción,Proveedor Programado,49740.65,35852.37,13888.28,183,21,334,10.1,2.6,293,2,8,347,1,0,1,Dermatológicos,0.5,Pediatría
3080,MED-4079,Gastrointestinales,MK,Cartagena,Alta (Epidemia),Manual,39327.31,32591.41,6735.9,465,19,310,37.95,4.45,1127,1,10,456,0,1,1,Pediatría,0.5,Gastrointestinales
3081,MED-4080,Pediatría,Tecnoquímicas,Cartagena,Normal,Automático (ML),10717.07,6828.32,3888.75,0,40,383,21.88,4.22,695,0,10,277,1,0,1,Pediatría,1.0,Pediatría
3082,MED-4081,Antigripales,La Santé,Barranquilla,Promoción,Automático (ML),48112.74,32484.65,15628.09,459,13,269,7.29,3.6,237,2,12,713,0,1,1,Cardiovasculares,0.5,Antigripales
3083,MED-4082,Antigripales,Roche,Cali,Normal,Automático (ML),35469.05,29465.11,6003.94,304,15,262,10.01,2.36,279,1,9,59,0,0,1,Pediatría,0.5,Antigripales
3084,MED-4083,Analgésicos,MK,Cartagena,Alta (Epidemia),Automático (ML),38512.06,29122.13,9389.93,446,63,291,30.29,2.08,925,1,9,834,0,0,0,Dermatológicos,0.25,Analgésicos
3085,MED-4084,Antibióticos,La Santé,Cartagena,Alta (Invierno),Automático (ML),8854.32,6559.5,2294.82,466,64,292,20.05,9.32,620,1,13,528,1,0,1,Pediatría,0.5,Antibióticos
3086,MED-4085,Antigripales,Tecnoquímicas,Medellín,Normal,Manual,24575.91,15557.65,9018.26,111,52,354,38.38,1.62,1177,1,13,274,0,1,1,Dermatológicos,0.25,Antigripales
3087,MED-4086,Diabetes,Tecnoquímicas,Cartagena,Promoción,Automático (ML),59122.71,36964.69,22158.02,140,18,133,28.05,7.49,832,4,4,427,1,1,0,Pediatría,0.5,Diabetes
3088,MED-4087,Dermatológicos,Pfizer,Cartagena,Promoción,Proveedor Programado,8692.27,6958.39,1733.88,140,21,145,21.46,8.23,641,2,13,352,1,0,0,Pediatría,0.75,Pediatría
3089,MED-4088,Analgésicos,Novartis,Cartagena,Alta (Invierno),Proveedor Programado,41009.57,24868.9,16140.67,395,40,219,23.42,4.34,671,1,5,589,1,1,1,Pediatría,0.5,Analgésicos
3090,MED-4089,Antibióticos,Roche,Barranquilla,Alta (Invierno),Manual,32908.64,23863.39,9045.25,227,42,331,16.03,3.22,486,0,10,711,0,0,1,Pediatría,0.5,Antibióticos
3091,MED-4090,Analgésicos,La Santé,Cartagena,Promoción,Proveedor Programado,52507.24,33794.17,18713.07,340,22,293,20.4,8.27,602,0,11,710,1,0,1,Gastrointestinales,0.5,Analgésicos
3092,MED-4091,Cardiovasculares,Abbott,Cali,Alta (Invierno),Manual,39588.64,26324.87,13263.77,283,31,283,3.34,1.77,120,1,3,811,1,0,0,Pediatría,0.75,Pediatría
3093,MED-4092,Cardiovasculares,Sanofi,Medellín,Alta (Invierno),Proveedor Programado,16343.52,9888.33,6455.19,12,20,166,25.72,3.86,742,2,7,46,0,1,0,Pediatría,1.0,Pediatría
3094,MED-4093,Higiene Personal,Pfizer,Barranquilla,Alta (Invierno),Automático (ML),8303.97,6549.8,1754.17,415,21,303,33.49,0.81,1003,2,1,497,0,1,1,Pediatría,0.5,Higiene Personal
3095,MED-4094,Gastrointestinales,Roche,Cali,Promoción,Proveedor Programado,56996.41,39409.21,17587.2,58,63,186,20.86,6.66,649,1,6,584,0,1,0,Antigripales,0.25,Gastrointestinales
3096,MED-4095,Antigripales,MK,Barranquilla,Alta (Invierno),Manual,70743.26,57037.18,13706.08,77,67,297,22.11,5.42,660,1,7,276,1,0,1,Antigripales,0.25,Antigripales
3097,MED-4096,Pediatría,Novartis,Cartagena,Normal,Manual,43335.7,32414.47,10921.23,339,14,268,13.22,4.92,387,4,1,464,0,0,1,Pediatría,0.75,Pediatría
3098,MED-4097,Pediatría,Bayer,Bogotá,Promoción,Automático (ML),72826.11,45286.95,27539.16,285,72,124,35.65,1.02,1104,3,1,457,1,1,0,Pediatría,0.5,Pediatría
3099,MED-4098,Higiene Personal,Tecnoquímicas,Barranquilla,Promoción,Proveedor Programado,24673.07,16490.6,8182.47,358,30,113,30.01,2.66,903,2,8,559,1,1,0,Pediatría,0.5,Higiene Personal
3100,MED-4099,Diabetes,Sanofi,Barranquilla,Alta (Epidemia),Automático (ML),9617.69,6448.07,3169.62,46,65,253,32.76,8.29,970,0,14,897,0,0,0,Dermatológicos,0.25,Diabetes
3101,MED-4100,Diabetes,Genfar,Barranquilla,Normal,Automático (ML),28936.36,17857.24,11079.12,184,74,354,11.13,1.62,326,1,2,106,0,1,1,Pediatría,0.5,Diabetes
3102,MED-4101,Pediatría,Bayer,Cartagena,Alta (Epidemia),Automático (ML),20334.75,12308.67,8026.08,46,55,194,1.48,1.5,56,1,14,542,1,0,1,Pediatría,0.5,Pediatría
3103,MED-4102,Higiene Personal,Genfar,Cartagena,Alta (Epidemia),Proveedor Programado,71344.47,47952.2,23392.27,268,22,113,34.11,7.11,997,3,14,476,1,1,0,Pediatría,0.5,Higiene Personal
3104,MED-4103,Higiene Personal,Bayer,Medellín,Normal,Proveedor Programado,17192.61,14453.07,2739.54,134,16,325,2.38,3.51,41,0,8,801,1,1,0,Pediatría,0.75,Pediatría
3105,MED-4104,Vitaminas,Genfar,Cartagena,Promoción,Proveedor Programado,9122.68,6103.82,3018.86,386,11,326,28.92,5.21,873,1,6,237,0,0,0,Pediatría,0.5,Vitaminas
3106,MED-4105,Pediatría,Bayer,Cali,Normal,Proveedor Programado,75200.99,59631.1,15569.89,193,28,209,16.16,2.96,498,1,8,852,0,0,1,Dermatológicos,0.25,Pediatría
3107,MED-4106,Antibióticos,Novartis,Medellín,Normal,Proveedor Programado,29736.46,21077.35,8659.11,383,13,211,9.63,5.07,273,0,8,136,1,0,1,Pediatría,0.5,Antibióticos
3108,MED-4107,Cardiovasculares,Roche,Bogotá,Normal,Manual,17216.69,11134.75,6081.94,424,33,424,34.64,1.32,1032,1,13,307,1,0,0,Pediatría,0.5,Cardiovasculares
3109,MED-4108,Diabetes,MK,Cartagena,Alta (Invierno),Automático (ML),15298.99,10671.26,4627.73,249,44,417,16.92,1.81,487,0,12,82,0,0,1,Pediatría,1.0,Pediatría
3110,MED-4109,Higiene Personal,Sanofi,Cali,Promoción,Manual,55331.92,42631.16,12700.76,457,33,290,5.11,8.71,156,2,2,514,0,1,0,Dermatológicos,0.25,Higiene Personal
3111,MED-4110,Cardiovasculares,Abbott,Cali,Promoción,Proveedor Programado,25753.14,20958.69,4794.45,383,41,97,34.7,6.34,1020,1,10,792,1,0,0,Pediatría,0.5,Cardiovasculares
3112,MED-4111,Gastrointestinales,La Santé,Barranquilla,Normal,Automático (ML),26384.25,20276.11,6108.14,415,59,132,6.15,9.13,198,1,2,807,1,0,0,Pediatría,0.5,Gastrointestinales
3113,MED-4112,Vitaminas,Genfar,Bogotá,Alta (Epidemia),Automático (ML),14959.07,10777.05,4182.02,435,22,196,37.38,6.18,1105,0,4,476,1,0,1,Pediatría,0.5,Vitaminas
3114,MED-4113,Diabetes,Bayer,Cali,Alta (Invierno),Proveedor Programado,17733.54,12251.63,5481.91,427,27,302,24.24,6.01,731,0,7,539,0,1,0,Pediatría,0.5,Diabetes
3115,MED-4114,Higiene Personal,Tecnoquímicas,Cali,Alta (Epidemia),Manual,63454.02,48343.39,15110.63,102,36,345,20.62,1.01,592,2,7,607,1,1,0,Antigripales,0.25,Higiene Personal
3116,MED-4115,Antibióticos,Pfizer,Cali,Normal,Automático (ML),64330.12,45939.82,18390.3,117,69,317,29.55,4.45,887,1,8,527,1,0,0,Antigripales,0.25,Antibióticos
3117,MED-4116,Vitaminas,Genfar,Cali,Normal,Manual,51843.75,33495.36,18348.39,256,17,292,15.93,2.38,505,2,11,241,1,1,0,Dermatológicos,0.5,Vitaminas
3118,MED-4117,Gastrointestinales,Sanofi,Cartagena,Normal,Proveedor Programado,22011.66,13339.78,8671.88,408,36,105,39.59,7.06,1187,0,2,781,0,1,1,Pediatría,0.5,Gastrointestinales
3119,MED-4118,Pediatría,Abbott,Cartagena,Normal,Manual,4644.96,2828.91,1816.05,31,21,228,32.89,0.61,977,2,11,397,0,1,1,Pediatría,1.0,Pediatría
3120,MED-4119,Gastrointestinales,Sanofi,Cartagena,Alta (Epidemia),Automático (ML),17591.27,11775.68,5815.59,40,45,261,19.55,3.69,579,1,9,375,1,1,1,Pediatría,0.75,Pediatría
3121,MED-4120,Analgésicos,Genfar,Barranquilla,Promoción,Automático (ML),19879.85,16408.9,3470.95,437,60,195,34.29,6.49,999,0,13,894,0,0,1,Dermatológicos,0.5,Analgésicos
3122,MED-4121,Antigripales,MK,Cartagena,Alta (Epidemia),Automático (ML),45799.39,37858.74,7940.65,190,33,132,15.57,1.93,477,4,2,636,0,1,0,Cardiovasculares,0.5,Antigripales
3123,MED-4122,Antibióticos,La Santé,Cartagena,Promoción,Automático (ML),53205.53,42239.1,10966.43,56,52,206,38.16,8.87,1163,2,8,159,1,0,0,Pediatría,0.5,Antibióticos
3124,MED-4123,Diabetes,Genfar,Bogotá,Promoción,Proveedor Programado,55561.84,35232.49,20329.35,57,44,230,25.26,2.16,752,3,12,114,0,0,0,Pediatría,0.5,Diabetes
3125,MED-4124,Pediatría,Pfizer,Cali,Alta (Epidemia),Proveedor Programado,29583.2,20848.85,8734.35,484,78,454,17.87,8.21,530,3,9,801,1,0,0,Pediatría,0.75,Pediatría
3126,MED-4125,Antigripales,MK,Cali,Normal,Automático (ML),31387.7,23151.27,8236.43,97,70,200,2.44,7.03,32,4,4,92,1,0,1,Cardiovasculares,0.5,Antigripales
3127,MED-4126,Dermatológicos,Novartis,Medellín,Promoción,Automático (ML),10551.53,6336.18,4215.35,77,21,350,9.52,7.46,305,1,1,403,0,1,0,Pediatría,0.75,Pediatría
3128,MED-4127,Dermatológicos,Tecnoquímicas,Barranquilla,Promoción,Proveedor Programado,23671.61,17082.5,6589.11,229,58,242,33.56,3.05,974,3,8,896,1,1,0,Dermatológicos,0.5,Dermatológicos
3129,MED-4128,Antibióticos,La Santé,Cartagena,Alta (Epidemia),Proveedor Programado,31269.44,20820.72,10448.72,294,73,205,35.77,9.97,1058,0,9,297,1,0,1,Dermatológicos,0.5,Antibióticos
3130,MED-4129,Dermatológicos,Roche,Bogotá,Promoción,Manual,49828.79,32521.76,17307.03,14,21,105,15.14,4.06,491,3,1,554,1,0,1,Dermatológicos,0.75,Dermatológicos
3131,MED-4130,Analgésicos,MK,Medellín,Normal,Proveedor Programado,75663.97,53429.59,22234.38,321,58,165,5.85,9.68,202,1,10,766,0,1,0,Pediatría,0.5,Analgésicos
3132,MED-4131,Dermatológicos,Pfizer,Medellín,Alta (Epidemia),Automático (ML),74609.23,56467.36,18141.87,499,53,174,38.59,0.56,1167,2,8,139,1,1,0,Gastrointestinales,0.5,Dermatológicos
3133,MED-4132,Pediatría,Tecnoquímicas,Cartagena,Alta (Invierno),Proveedor Programado,37364.1,24104.74,13259.36,477,72,318,16.62,6.14,494,2,4,228,1,1,1,Cardiovasculares,0.5,Pediatría
3134,MED-4133,Analgésicos,MK,Cartagena,Alta (Invierno),Proveedor Programado,12978.85,9132.77,3846.08,441,57,239,4.55,3.66,133,1,3,685,1,1,0,Pediatría,0.5,Analgésicos
3135,MED-4134,Antigripales,Bayer,Medellín,Promoción,Proveedor Programado,73335.25,50161.32,23173.93,270,35,121,31.91,2.61,920,0,12,829,1,0,1,Gastrointestinales,0.5,Antigripales
3136,MED-4135,Vitaminas,Pfizer,Cartagena,Alta (Invierno),Automático (ML),13272.85,9883.84,3389.01,339,45,210,37.01,3.66,1144,2,5,371,1,1,1,Pediatría,0.5,Vitaminas
3137,MED-4136,Antibióticos,Roche,Barranquilla,Promoción,Automático (ML),28953.91,23950.41,5003.5,436,17,296,19.4,3.36,565,1,3,497,1,0,0,Pediatría,0.75,Pediatría
3138,MED-4137,Vitaminas,La Santé,Barranquilla,Alta (Invierno),Automático (ML),21374.9,16175.97,5198.93,435,31,212,22.3,8.37,683,0,10,669,0,0,0,Pediatría,0.5,Vitaminas
3139,MED-4138,Vitaminas,MK,Medellín,Alta (Epidemia),Proveedor Programado,51547.83,35007.99,16539.84,83,51,302,9.45,4.38,303,0,4,724,0,0,0,Pediatría,0.5,Vitaminas
3140,MED-4139,Diabetes,Sanofi,Cartagena,Alta (Invierno),Automático (ML),70594.54,49200.13,21394.41,447,22,228,19.41,7.63,562,0,6,765,1,1,0,Dermatológicos,0.25,Diabetes
3141,MED-4140,Antibióticos,Abbott,Barranquilla,Normal,Automático (ML),23976.73,18476.79,5499.94,212,28,321,17.91,4.59,547,4,14,122,0,1,1,Pediatría,0.75,Pediatría
3142,MED-4141,Cardiovasculares,Pfizer,Cali,Alta (Epidemia),Manual,41802.25,34535.87,7266.38,223,36,261,33.58,7.84,987,1,3,767,0,0,0,Antigripales,0.25,Cardiovasculares
3143,MED-4142,Gastrointestinales,Pfizer,Barranquilla,Alta (Epidemia),Automático (ML),61642.79,44940.54,16702.25,102,50,433,20.51,5.46,620,5,4,598,1,1,1,Pediatría,0.75,Pediatría
3144,MED-4143,Vitaminas,Sanofi,Bogotá,Normal,Proveedor Programado,12763.64,8828.79,3934.85,48,61,120,8.31,4.52,264,1,5,699,1,0,1,Pediatría,0.5,Vitaminas
3145,MED-4144,Vitaminas,Sanofi,Medellín,Normal,Proveedor Programado,18038.08,12663.39,5374.69,297,25,333,33.19,2.92,999,2,7,856,1,1,1,Pediatría,0.5,Vitaminas
3146,MED-4145,Gastrointestinales,Roche,Medellín,Alta (Invierno),Automático (ML),30814.55,23626.32,7188.23,472,18,112,31.49,0.92,916,1,7,64,1,1,1,Pediatría,0.75,Pediatría
3147,MED-4146,Antibióticos,Tecnoquímicas,Cartagena,Normal,Manual,45727.18,28529.26,17197.92,192,44,365,6.88,7.56,204,2,7,180,0,1,0,Pediatría,0.75,Pediatría
3148,MED-4147,Vitaminas,La Santé,Cali,Normal,Proveedor Programado,32054.58,22807.14,9247.44,191,45,190,8.0,2.79,286,2,10,643,0,1,1,Pediatría,0.5,Vitaminas
3149,MED-4148,Dermatológicos,Novartis,Barranquilla,Promoción,Manual,55688.54,40412.86,15275.68,46,78,435,14.01,9.15,363,3,8,262,0,0,0,Pediatría,0.75,Pediatría
3150,MED-4149,Dermatológicos,Abbott,Medellín,Alta (Invierno),Manual,53813.71,44656.52,9157.19,108,27,189,19.1,9.53,572,2,12,191,1,1,1,Dermatológicos,0.25,Dermatológicos
3151,MED-4150,Cardiovasculares,Pfizer,Cali,Promoción,Automático (ML),35260.07,25037.0,10223.07,389,51,130,32.29,5.38,940,0,3,778,0,0,1,Pediatría,0.5,Cardiovasculares
3152,MED-4151,Antibióticos,Pfizer,Cali,Promoción,Proveedor Programado,67539.66,52331.79,15207.87,213,67,335,1.95,3.67,61,0,7,515,1,1,0,Pediatría,0.5,Antibióticos
3153,MED-4152,Antibióticos,MK,Bogotá,Alta (Epidemia),Manual,16866.11,13536.47,3329.64,270,69,215,25.77,7.37,807,1,13,816,1,1,0,Dermatológicos,0.5,Antibióticos
3154,MED-4153,Diabetes,Abbott,Barranquilla,Promoción,Manual,27184.54,18553.85,8630.69,11,78,306,1.73,4.41,37,2,4,709,0,0,1,Pediatría,0.75,Pediatría
3155,MED-4154,Higiene Personal,Bayer,Bogotá,Normal,Proveedor Programado,3967.02,2662.76,1304.26,245,59,394,15.12,6.93,446,0,4,311,1,0,0,Pediatría,0.5,Higiene Personal
3156,MED-4155,Dermatológicos,Genfar,Cartagena,Normal,Automático (ML),16002.64,13340.52,2662.12,134,27,335,38.16,7.32,1158,4,4,895,0,0,1,Pediatría,1.0,Pediatría
3157,MED-4156,Antigripales,Sanofi,Barranquilla,Promoción,Manual,38455.76,29416.9,9038.86,246,76,401,12.83,7.8,360,0,2,820,0,0,1,Pediatría,0.5,Antigripales
3158,MED-4157,Higiene Personal,Pfizer,Cartagena,Promoción,Manual,40628.14,34413.65,6214.49,34,34,189,15.57,4.89,474,2,10,520,0,1,1,Pediatría,0.5,Higiene Personal
3159,MED-4158,Cardiovasculares,Tecnoquímicas,Medellín,Alta (Epidemia),Automático (ML),22415.86,15883.9,6531.96,290,66,143,20.21,0.65,590,3,6,336,0,1,0,Cardiovasculares,0.75,Cardiovasculares
3160,MED-4159,Vitaminas,Sanofi,Cartagena,Alta (Invierno),Manual,35117.5,25113.89,10003.61,354,60,181,2.65,9.96,83,2,14,245,0,1,1,Pediatría,0.5,Vitaminas
3161,MED-4160,Vitaminas,Genfar,Bogotá,Promoción,Manual,18525.62,11705.65,6819.97,106,47,332,28.67,4.88,844,1,9,796,0,0,0,Pediatría,0.5,Vitaminas
3162,MED-4161,Analgésicos,MK,Cartagena,Promoción,Automático (ML),63066.62,41051.21,22015.41,212,64,247,20.72,9.97,610,0,12,475,1,0,1,Gastrointestinales,0.5,Analgésicos
3163,MED-4162,Vitaminas,MK,Cali,Normal,Manual,40668.02,26003.62,14664.4,407,38,206,18.69,7.34,546,1,10,524,1,0,0,Pediatría,0.5,Vitaminas
3164,MED-4163,Cardiovasculares,Sanofi,Barranquilla,Normal,Manual,18690.0,12901.88,5788.12,427,62,453,19.17,1.85,590,1,7,457,1,0,1,Pediatría,0.5,Cardiovasculares
3165,MED-4164,Gastrointestinales,Roche,Cartagena,Alta (Invierno),Manual,9389.12,7215.02,2174.1,353,14,233,2.15,1.79,57,0,11,557,0,1,1,Pediatría,0.75,Pediatría
3166,MED-4165,Antigripales,Genfar,Cartagena,Alta (Invierno),Manual,24017.9,18296.32,5721.58,7,36,196,25.78,5.0,785,2,13,195,0,0,1,Pediatría,0.75,Pediatría
3167,MED-4166,Analgésicos,Bayer,Cali,Alta (Invierno),Proveedor Programado,8033.76,5432.85,2600.91,2,47,316,2.3,3.45,42,1,11,257,0,0,0,Pediatría,0.75,Pediatría
3168,MED-4167,Analgésicos,La Santé,Barranquilla,Alta (Invierno),Proveedor Programado,65417.57,46880.26,18537.31,311,74,215,20.11,3.96,583,0,7,285,0,0,0,Pediatría,0.5,Analgésicos
3169,MED-4168,Antibióticos,Pfizer,Medellín,Alta (Epidemia),Proveedor Programado,59081.84,37547.14,21534.7,36,66,213,9.82,4.86,276,0,3,220,1,0,0,Pediatría,0.5,Antibióticos
3170,MED-4169,Pediatría,Pfizer,Medellín,Alta (Invierno),Proveedor Programado,38452.69,32611.73,5840.96,318,14,192,19.08,7.32,546,0,8,856,0,1,0,Pediatría,1.0,Pediatría
3171,MED-4170,Higiene Personal,Sanofi,Bogotá,Alta (Invierno),Manual,50324.87,33092.54,17232.33,88,31,380,11.77,3.19,395,1,8,490,0,1,1,Pediatría,0.5,Higiene Personal
3172,MED-4171,Cardiovasculares,Tecnoquímicas,Cali,Alta (Invierno),Manual,8794.12,6200.7,2593.42,300,18,306,11.23,7.55,357,1,3,673,1,0,1,Pediatría,0.75,Pediatría
3173,MED-4172,Dermatológicos,Tecnoquímicas,Cartagena,Promoción,Automático (ML),26244.31,21547.94,4696.37,105,45,140,1.27,8.79,13,0,6,236,0,0,1,Pediatría,0.75,Pediatría
3174,MED-4173,Pediatría,Novartis,Barranquilla,Promoción,Manual,72165.9,56762.92,15402.98,230,48,215,29.7,8.45,921,2,14,393,1,0,0,Gastrointestinales,0.25,Pediatría
3175,MED-4174,Pediatría,La Santé,Medellín,Promoción,Automático (ML),17457.26,14512.49,2944.77,498,19,283,10.02,7.14,258,2,6,81,1,0,1,Pediatría,0.75,Pediatría
3176,MED-4175,Pediatría,Novartis,Cali,Alta (Invierno),Proveedor Programado,37673.69,26590.03,11083.66,187,34,326,38.97,0.53,1168,2,7,739,1,0,1,Pediatría,0.5,Pediatría
3177,MED-4176,Cardiovasculares,Pfizer,Cali,Alta (Invierno),Automático (ML),65473.67,54571.13,10902.54,253,65,437,29.82,5.98,868,1,9,569,1,1,1,Gastrointestinales,0.5,Cardiovasculares
3178,MED-4177,Pediatría,Pfizer,Cali,Promoción,Automático (ML),3563.11,2402.5,1160.61,329,33,196,25.06,6.19,709,3,6,791,0,1,0,Pediatría,0.5,Pediatría
3179,MED-4178,Higiene Personal,Bayer,Cartagena,Promoción,Automático (ML),48258.64,29900.28,18358.36,428,30,172,19.98,7.7,600,3,6,622,1,0,1,Pediatría,1.0,Pediatría
3180,MED-4179,Diabetes,La Santé,Medellín,Alta (Invierno),Automático (ML),77857.68,62224.1,15633.58,449,44,170,37.25,7.0,1063,1,13,105,1,0,1,Gastrointestinales,0.25,Diabetes
3181,MED-4180,Diabetes,Tecnoquímicas,Barranquilla,Promoción,Proveedor Programado,53562.65,32976.34,20586.31,357,24,375,38.42,3.09,1142,2,5,406,1,0,1,Gastrointestinales,0.5,Diabetes
3182,MED-4181,Antigripales,Novartis,Cartagena,Promoción,Manual,22498.92,18588.47,3910.45,304,15,233,20.85,5.79,634,1,9,464,1,0,0,Pediatría,0.75,Pediatría
3183,MED-4182,Dermatológicos,Genfar,Barranquilla,Promoción,Proveedor Programado,67508.87,40957.29,26551.58,453,74,356,9.22,1.92,278,1,3,33,0,1,0,Pediatría,0.75,Pediatría
3184,MED-4183,Gastrointestinales,Abbott,Bogotá,Alta (Invierno),Proveedor Programado,36344.33,22618.95,13725.38,472,74,430,21.92,2.51,662,3,13,201,1,1,0,Pediatría,0.75,Pediatría
3185,MED-4184,Higiene Personal,Genfar,Cali,Alta (Epidemia),Manual,52871.04,35658.94,17212.1,331,69,143,5.19,6.04,135,0,12,271,1,1,1,Pediatría,0.5,Higiene Personal
3186,MED-4185,Higiene Personal,Sanofi,Medellín,Normal,Automático (ML),6658.72,5014.14,1644.58,25,69,141,2.0,9.9,72,1,3,260,0,1,0,Pediatría,0.5,Higiene Personal
3187,MED-4186,Dermatológicos,Roche,Barranquilla,Alta (Invierno),Proveedor Programado,32304.48,20469.95,11834.53,357,33,168,37.22,2.48,1119,0,6,855,0,1,0,Pediatría,0.5,Dermatológicos
3188,MED-4187,Gastrointestinales,Genfar,Cartagena,Normal,Manual,5348.71,3657.13,1691.58,435,13,307,15.57,7.46,453,4,11,613,1,0,1,Pediatría,0.75,Pediatría
3189,MED-4188,Antibióticos,Bayer,Medellín,Normal,Automático (ML),61469.77,50192.03,11277.74,430,34,297,36.02,7.14,1092,2,7,702,0,1,0,Pediatría,0.5,Antibióticos
3190,MED-4189,Cardiovasculares,Bayer,Barranquilla,Alta (Invierno),Manual,51913.95,31707.75,20206.2,245,19,157,2.96,3.58,65,1,3,688,0,1,1,Dermatológicos,0.5,Cardiovasculares
3191,MED-4190,Diabetes,Novartis,Bogotá,Alta (Invierno),Automático (ML),4384.25,2717.01,1667.24,421,36,429,28.08,7.96,839,2,11,548,1,0,0,Dermatológicos,0.25,Diabetes
3192,MED-4191,Vitaminas,Pfizer,Cali,Promoción,Manual,41692.52,34629.6,7062.92,27,32,93,33.99,7.16,997,1,14,567,1,1,1,Pediatría,0.75,Pediatría
3193,MED-4192,Vitaminas,La Santé,Cali,Alta (Invierno),Proveedor Programado,58822.05,38136.91,20685.14,495,11,219,21.7,5.95,596,4,9,361,0,1,1,Pediatría,0.5,Vitaminas
3194,MED-4193,Gastrointestinales,Sanofi,Medellín,Alta (Invierno),Proveedor Programado,10302.66,8694.47,1608.19,438,38,294,23.45,8.94,746,1,10,81,0,1,0,Dermatológicos,0.25,Gastrointestinales
3195,MED-4194,Pediatría,Roche,Cali,Normal,Manual,45303.11,36006.7,9296.41,453,19,310,8.31,8.1,241,0,9,98,1,1,0,Pediatría,0.75,Pediatría
3196,MED-4195,Antibióticos,MK,Barranquilla,Promoción,Proveedor Programado,39756.08,27785.42,11970.66,453,17,109,14.4,6.66,438,2,4,821,1,1,0,Pediatría,0.75,Pediatría
3197,MED-4196,Pediatría,Sanofi,Barranquilla,Normal,Automático (ML),42344.32,29263.37,13080.95,355,42,185,25.32,2.46,758,3,6,187,0,0,1,Pediatría,0.75,Pediatría
3198,MED-4197,Antigripales,Roche,Bogotá,Normal,Manual,8471.75,5433.27,3038.48,66,16,73,24.62,8.36,783,1,14,54,1,0,0,Pediatría,0.75,Pediatría
3199,MED-4198,Gastrointestinales,Roche,Bogotá,Normal,Automático (ML),48736.79,40441.45,8295.34,259,26,122,18.51,8.37,544,2,10,544,0,1,0,Pediatría,0.75,Pediatría
3200,MED-4199,Antibióticos,Genfar,Medellín,Alta (Invierno),Automático (ML),63764.71,53369.25,10395.46,373,38,293,23.91,6.32,725,0,12,362,1,0,1,Gastrointestinales,0.25,Antibióticos
3201,MED-4200,Cardiovasculares,Abbott,Medellín,Alta (Epidemia),Proveedor Programado,51005.64,38078.68,12926.96,371,24,419,28.49,6.94,869,2,5,178,0,1,0,Pediatría,0.5,Cardiovasculares
3202,MED-4201,Pediatría,Novartis,Cali,Normal,Proveedor Programado,74778.68,52688.27,22090.41,462,65,199,13.36,8.07,427,3,12,205,0,0,1,Dermatológicos,0.25,Pediatría
3203,MED-4202,Diabetes,Roche,Medellín,Normal,Manual,16520.88,12933.27,3587.61,158,41,432,11.71,8.77,371,2,8,47,1,0,0,Pediatría,0.75,Pediatría
3204,MED-4203,Cardiovasculares,Bayer,Cali,Normal,Manual,22408.62,16767.45,5641.17,416,76,316,29.59,4.5,898,2,1,65,0,1,0,Cardiovasculares,0.5,Cardiovasculares
3205,MED-4204,Analgésicos,MK,Cartagena,Promoción,Automático (ML),17594.1,10849.63,6744.47,343,20,74,33.05,1.11,1010,3,11,693,0,1,0,Pediatría,0.5,Analgésicos
3206,MED-4205,Antibióticos,Roche,Cartagena,Normal,Manual,73743.51,53199.46,20544.05,311,68,180,17.97,8.57,574,3,11,794,1,0,0,Pediatría,0.5,Antibióticos
3207,MED-4206,Antigripales,Tecnoquímicas,Cartagena,Alta (Epidemia),Automático (ML),37500.97,24945.48,12555.49,124,10,151,7.17,8.22,250,2,1,317,1,0,0,Pediatría,0.75,Pediatría
3208,MED-4207,Antigripales,La Santé,Medellín,Normal,Automático (ML),78288.56,62069.72,16218.84,238,68,138,16.8,9.68,505,2,4,75,0,1,0,Cardiovasculares,0.5,Antigripales
3209,MED-4208,Diabetes,Roche,Bogotá,Alta (Invierno),Proveedor Programado,33513.82,24683.59,8830.23,231,31,384,26.66,1.14,782,0,2,855,1,0,0,Antigripales,0.25,Diabetes
3210,MED-4209,Gastrointestinales,Abbott,Bogotá,Normal,Automático (ML),40665.51,32874.25,7791.26,117,43,207,12.85,3.48,404,1,12,311,0,0,0,Pediatría,0.5,Gastrointestinales
3211,MED-4210,Antibióticos,Roche,Cali,Normal,Manual,36149.49,30516.53,5632.96,498,32,248,30.38,4.75,885,0,6,764,1,1,0,Pediatría,0.5,Antibióticos
3212,MED-4211,Vitaminas,Novartis,Cartagena,Normal,Automático (ML),75361.24,61975.56,13385.68,148,26,276,17.9,5.54,537,1,11,756,0,0,0,Dermatológicos,0.25,Vitaminas
3213,MED-4212,Higiene Personal,Abbott,Cali,Alta (Epidemia),Manual,53429.5,36249.73,17179.77,362,36,315,24.37,3.93,747,0,2,765,1,0,0,Pediatría,0.5,Higiene Personal
3214,MED-4213,Cardiovasculares,Abbott,Cartagena,Alta (Epidemia),Automático (ML),55953.61,42977.92,12975.69,233,62,346,12.91,2.14,387,2,13,613,1,1,1,Pediatría,0.5,Cardiovasculares
3215,MED-4214,Antigripales,Roche,Bogotá,Alta (Invierno),Proveedor Programado,15146.14,10118.11,5028.03,419,58,379,35.03,3.43,1066,1,13,179,0,0,1,Dermatológicos,0.25,Antigripales
3216,MED-4215,Dermatológicos,Roche,Bogotá,Promoción,Manual,19853.1,16490.19,3362.91,254,11,358,19.63,2.71,592,1,2,290,1,0,0,Pediatría,0.5,Dermatológicos
3217,MED-4216,Vitaminas,Pfizer,Cali,Alta (Epidemia),Manual,65185.18,41625.07,23560.11,281,70,255,19.46,7.59,599,1,7,896,0,0,0,Pediatría,0.5,Vitaminas
3218,MED-4217,Gastrointestinales,Genfar,Cali,Normal,Automático (ML),50773.21,31176.91,19596.3,13,20,260,19.97,7.32,598,2,10,467,1,0,1,Dermatológicos,0.25,Gastrointestinales
3219,MED-4218,Antibióticos,Sanofi,Cartagena,Alta (Epidemia),Automático (ML),3247.2,2200.37,1046.83,6,33,372,32.09,4.5,924,2,10,74,1,0,1,Pediatría,1.0,Pediatría
3220,MED-4219,Vitaminas,Abbott,Cali,Normal,Manual,37350.17,27802.69,9547.48,240,52,317,12.24,6.96,373,2,3,880,0,1,1,Pediatría,0.5,Vitaminas
3221,MED-4220,Diabetes,Pfizer,Barranquilla,Alta (Epidemia),Proveedor Programado,53406.66,33848.9,19557.76,73,18,98,19.18,1.11,557,2,5,456,1,1,1,Dermatológicos,0.5,Diabetes
3222,MED-4221,Pediatría,Tecnoquímicas,Cartagena,Alta (Invierno),Manual,35502.17,21451.79,14050.38,116,76,358,21.21,9.33,597,2,12,771,0,1,0,Pediatría,0.5,Pediatría
3223,MED-4222,Pediatría,La Santé,Barranquilla,Promoción,Automático (ML),14282.45,10096.84,4185.61,138,72,177,35.8,7.32,1081,1,10,101,1,0,1,Pediatría,0.5,Pediatría
3224,MED-4223,Gastrointestinales,Novartis,Cali,Alta (Invierno),Manual,79145.76,52711.57,26434.19,189,44,329,22.52,9.26,674,1,9,101,1,0,1,Gastrointestinales,0.5,Gastrointestinales
3225,MED-4224,Vitaminas,Sanofi,Barranquilla,Alta (Invierno),Proveedor Programado,46971.07,28292.21,18678.86,261,62,191,28.33,4.75,846,0,4,317,1,1,1,Dermatológicos,0.5,Vitaminas
3226,MED-4225,Analgésicos,Tecnoquímicas,Barranquilla,Normal,Automático (ML),46079.7,35253.55,10826.15,277,40,369,9.89,1.79,301,2,2,336,0,0,0,Cardiovasculares,0.5,Analgésicos
3227,MED-4226,Dermatológicos,Tecnoquímicas,Bogotá,Alta (Invierno),Manual,6585.14,4104.49,2480.65,391,24,378,17.75,6.46,548,3,5,669,1,1,0,Pediatría,0.75,Pediatría
3228,MED-4227,Dermatológicos,Bayer,Cartagena,Promoción,Manual,34377.65,24349.13,10028.52,215,40,340,17.19,2.56,477,0,5,46,0,0,1,Pediatría,0.5,Dermatológicos
3229,MED-4228,Cardiovasculares,Novartis,Cartagena,Normal,Proveedor Programado,36523.48,22639.33,13884.15,474,20,235,17.94,5.43,555,0,11,405,1,0,1,Pediatría,0.5,Cardiovasculares
3230,MED-4229,Vitaminas,Novartis,Medellín,Normal,Automático (ML),61565.03,38894.11,22670.92,117,14,281,1.09,2.18,13,1,3,573,1,0,0,Dermatológicos,0.5,Vitaminas
3231,MED-4230,Higiene Personal,Pfizer,Bogotá,Alta (Epidemia),Proveedor Programado,41574.9,34504.24,7070.66,485,75,263,13.31,7.84,420,2,13,253,0,0,0,Pediatría,0.5,Higiene Personal
3232,MED-4231,Vitaminas,Novartis,Medellín,Alta (Invierno),Manual,49239.07,31284.09,17954.98,346,46,415,16.75,6.98,512,1,13,823,0,1,0,Pediatría,0.5,Vitaminas
3233,MED-4232,Higiene Personal,Tecnoquímicas,Barranquilla,Alta (Epidemia),Manual,50110.0,32753.7,17356.3,313,58,442,22.83,5.43,657,0,4,146,0,1,1,Dermatológicos,0.5,Higiene Personal
3234,MED-4233,Analgésicos,Bayer,Cali,Normal,Manual,18309.23,14904.4,3404.83,192,52,202,4.08,9.34,152,1,1,244,1,1,0,Pediatría,0.5,Analgésicos
3235,MED-4234,Antigripales,La Santé,Bogotá,Normal,Manual,3231.61,2498.48,733.13,387,30,150,29.49,3.54,877,1,3,47,1,0,1,Pediatría,0.5,Antigripales
3236,MED-4235,Antigripales,La Santé,Barranquilla,Alta (Invierno),Manual,46936.68,32741.61,14195.07,328,33,378,3.61,3.29,97,1,7,318,0,0,1,Dermatológicos,0.5,Antigripales
3237,MED-4236,Dermatológicos,Pfizer,Cali,Promoción,Proveedor Programado,10080.78,6061.77,4019.01,315,51,147,39.65,4.07,1207,0,5,102,0,1,0,Pediatría,0.5,Dermatológicos
3238,MED-4237,Analgésicos,MK,Cartagena,Normal,Manual,42870.78,31931.56,10939.22,120,65,244,26.74,8.68,770,1,7,218,0,1,0,Antigripales,0.25,Analgésicos
3239,MED-4238,Pediatría,Tecnoquímicas,Cali,Alta (Invierno),Automático (ML),44540.98,35240.98,9300.0,184,44,94,24.4,9.3,734,3,14,812,0,1,0,Pediatría,0.5,Pediatría
3240,MED-4239,Higiene Personal,Pfizer,Cali,Alta (Epidemia),Automático (ML),60850.46,43621.3,17229.16,265,67,334,39.27,0.89,1127,0,9,282,1,1,1,Gastrointestinales,0.25,Higiene Personal
3241,MED-4240,Vitaminas,Novartis,Bogotá,Alta (Invierno),Manual,14472.68,10892.37,3580.31,408,36,215,11.17,6.84,340,6,3,283,0,0,1,Pediatría,0.75,Pediatría
3242,MED-4241,Antigripales,La Santé,Barranquilla,Normal,Proveedor Programado,30546.6,21171.41,9375.19,336,10,70,6.96,5.9,161,0,12,38,0,1,0,Pediatría,0.5,Antigripales
3243,MED-4242,Vitaminas,Pfizer,Medellín,Promoción,Automático (ML),21070.13,14980.46,6089.67,450,32,271,37.22,0.73,1106,0,11,531,0,1,0,Pediatría,0.5,Vitaminas
3244,MED-4243,Gastrointestinales,La Santé,Cartagena,Alta (Epidemia),Automático (ML),6337.16,4822.43,1514.73,353,51,439,33.43,7.49,1020,1,11,508,1,1,1,Dermatológicos,0.25,Gastrointestinales
3245,MED-4244,Analgésicos,Novartis,Cali,Alta (Invierno),Proveedor Programado,54995.59,34627.22,20368.37,271,71,137,1.79,1.22,36,2,1,94,0,1,1,Pediatría,0.5,Analgésicos
3246,MED-4245,Pediatría,Bayer,Cali,Alta (Epidemia),Manual,22295.54,15953.03,6342.51,419,33,309,33.99,9.99,1010,6,9,35,1,0,1,Pediatría,0.75,Pediatría
3247,MED-4246,Antibióticos,Bayer,Barranquilla,Alta (Epidemia),Automático (ML),40993.64,34244.55,6749.09,406,14,162,24.29,7.15,742,1,1,749,1,0,0,Pediatría,0.5,Antibióticos
3248,MED-4247,Diabetes,Tecnoquímicas,Cali,Promoción,Manual,67327.65,55822.14,11505.51,307,74,368,24.05,2.77,727,2,1,549,0,1,1,Antigripales,0.25,Diabetes
3249,MED-4248,Vitaminas,Abbott,Barranquilla,Normal,Manual,65815.18,43837.61,21977.57,86,42,147,35.1,1.58,1059,2,8,820,1,0,1,Pediatría,0.5,Vitaminas
3250,MED-4249,Pediatría,Novartis,Bogotá,Alta (Invierno),Automático (ML),15551.99,10563.16,4988.83,57,12,161,22.38,3.08,696,1,2,630,0,0,1,Pediatría,0.75,Pediatría
3251,MED-4250,Antigripales,Abbott,Barranquilla,Alta (Invierno),Proveedor Programado,75805.71,51450.73,24354.98,204,27,293,38.63,6.42,1153,1,5,87,1,1,1,Dermatológicos,0.5,Antigripales
3252,MED-4251,Dermatológicos,Abbott,Barranquilla,Alta (Invierno),Automático (ML),16233.31,13263.43,2969.88,67,35,332,23.76,1.81,704,2,9,33,0,1,0,Pediatría,1.0,Pediatría
3253,MED-4252,Antigripales,MK,Cali,Alta (Invierno),Manual,74847.15,49303.58,25543.57,165,29,232,13.69,3.19,411,1,13,811,1,0,0,Dermatológicos,0.5,Antigripales
3254,MED-4253,Dermatológicos,Pfizer,Barranquilla,Alta (Invierno),Automático (ML),15056.38,10999.63,4056.75,440,31,155,19.54,3.5,603,3,2,444,0,1,1,Cardiovasculares,0.25,Dermatológicos
3255,MED-4254,Antigripales,Sanofi,Cartagena,Normal,Automático (ML),77024.29,64865.2,12159.09,180,23,236,25.65,6.6,770,2,10,675,1,1,1,Pediatría,0.5,Antigripales
3256,MED-4255,Dermatológicos,Roche,Bogotá,Promoción,Manual,49293.01,32300.72,16992.29,484,61,384,24.49,4.47,714,1,8,445,1,1,0,Pediatría,0.5,Dermatológicos
3257,MED-4256,Vitaminas,Tecnoquímicas,Medellín,Alta (Epidemia),Automático (ML),41372.64,27385.16,13987.48,235,60,293,25.39,2.58,783,1,13,317,0,0,0,Pediatría,0.5,Vitaminas
3258,MED-4257,Antigripales,MK,Cartagena,Alta (Epidemia),Proveedor Programado,76283.94,47487.04,28796.9,436,28,282,3.86,0.61,123,1,9,703,1,1,0,Dermatológicos,0.5,Antigripales
3259,MED-4258,Antigripales,Pfizer,Cali,Alta (Invierno),Proveedor Programado,33378.32,26122.35,7255.97,476,53,193,39.83,4.72,1223,1,5,408,1,0,0,Pediatría,0.5,Antigripales
3260,MED-4259,Dermatológicos,Bayer,Medellín,Promoción,Automático (ML),61065.17,42984.05,18081.12,138,36,410,23.01,1.17,690,1,2,766,0,0,1,Pediatría,0.5,Dermatológicos
3261,MED-4260,Vitaminas,Pfizer,Barranquilla,Alta (Epidemia),Manual,75898.93,51642.68,24256.25,433,33,351,5.39,9.53,166,0,7,65,0,0,0,Dermatológicos,0.25,Vitaminas
3262,MED-4261,Dermatológicos,Pfizer,Barranquilla,Promoción,Proveedor Programado,73619.74,59638.6,13981.14,277,63,458,37.49,8.63,1112,1,10,237,0,0,1,Gastrointestinales,0.5,Dermatológicos
3263,MED-4262,Antigripales,Roche,Medellín,Promoción,Automático (ML),36401.41,27788.87,8612.54,375,27,279,18.33,2.11,529,0,8,595,0,1,0,Pediatría,0.5,Antigripales
3264,MED-4263,Cardiovasculares,Genfar,Medellín,Alta (Epidemia),Manual,78366.14,49916.26,28449.88,433,59,191,19.79,2.48,612,3,6,796,0,0,0,Pediatría,0.5,Cardiovasculares
3265,MED-4264,Pediatría,MK,Cartagena,Normal,Automático (ML),46743.09,37645.01,9098.08,105,50,298,30.94,9.64,923,0,11,543,1,0,0,Gastrointestinales,0.25,Pediatría
3266,MED-4265,Vitaminas,Bayer,Barranquilla,Normal,Proveedor Programado,28514.69,21693.12,6821.57,421,63,300,35.95,5.79,1059,1,3,632,0,0,0,Dermatológicos,0.5,Vitaminas
3267,MED-4266,Antigripales,Genfar,Cali,Alta (Invierno),Automático (ML),69212.37,58723.7,10488.67,55,76,438,32.97,7.88,978,2,5,593,1,0,0,Dermatológicos,0.5,Antigripales
3268,MED-4267,Analgésicos,Bayer,Bogotá,Alta (Invierno),Proveedor Programado,5084.28,3316.44,1767.84,287,41,256,12.79,4.2,349,1,6,845,1,1,0,Pediatría,1.0,Pediatría
3269,MED-4268,Cardiovasculares,MK,Medellín,Alta (Epidemia),Automático (ML),24784.34,16391.73,8392.61,82,19,395,36.84,1.82,1102,1,6,641,1,1,0,Pediatría,0.75,Pediatría
3270,MED-4269,Higiene Personal,La Santé,Cali,Alta (Epidemia),Manual,63321.02,45691.91,17629.11,431,17,344,32.94,8.91,976,0,5,406,1,0,0,Pediatría,0.5,Higiene Personal
3271,MED-4270,Analgésicos,Tecnoquímicas,Cali,Alta (Invierno),Manual,40058.29,32895.9,7162.39,396,78,463,17.13,8.74,514,1,10,243,0,0,1,Dermatológicos,0.25,Analgésicos
3272,MED-4271,Diabetes,Abbott,Cartagena,Normal,Automático (ML),45170.79,38335.65,6835.14,166,40,424,14.72,6.63,440,4,6,565,1,1,1,Cardiovasculares,0.5,Diabetes
3273,MED-4272,Diabetes,Tecnoquímicas,Medellín,Promoción,Manual,14570.34,10761.48,3808.86,223,32,278,36.58,8.92,1111,2,9,630,0,1,1,Pediatría,0.5,Diabetes
3274,MED-4273,Antigripales,Roche,Bogotá,Normal,Proveedor Programado,56500.3,39689.04,16811.26,35,15,308,9.24,2.25,258,3,3,529,1,1,1,Dermatológicos,0.5,Antigripales
3275,MED-4274,Cardiovasculares,Sanofi,Cali,Normal,Automático (ML),21400.22,15812.3,5587.92,60,77,205,27.11,1.53,819,1,3,564,0,1,1,Dermatológicos,0.25,Cardiovasculares
3276,MED-4275,Antibióticos,MK,Bogotá,Alta (Invierno),Proveedor Programado,46078.83,37281.74,8797.09,183,55,396,23.45,1.55,680,1,5,447,0,1,1,Antigripales,0.25,Antibióticos
3277,MED-4276,Higiene Personal,Bayer,Barranquilla,Normal,Proveedor Programado,70966.92,44735.39,26231.53,209,28,160,14.19,4.81,432,1,13,413,0,0,0,Dermatológicos,0.25,Higiene Personal
3278,MED-4277,Antigripales,Pfizer,Bogotá,Promoción,Automático (ML),67460.88,43070.64,24390.24,215,53,203,5.66,4.29,216,0,8,489,1,0,1,Pediatría,0.5,Antigripales
3279,MED-4278,Diabetes,Sanofi,Medellín,Alta (Epidemia),Manual,12161.91,9272.09,2889.82,92,35,239,37.06,1.88,1087,0,1,446,0,0,0,Pediatría,0.5,Diabetes
3280,MED-4279,Diabetes,Pfizer,Cartagena,Alta (Epidemia),Proveedor Programado,40476.17,32729.43,7746.74,291,44,233,37.61,8.82,1114,1,13,604,0,0,0,Dermatológicos,0.5,Diabetes
3281,MED-4280,Cardiovasculares,Novartis,Cali,Alta (Epidemia),Automático (ML),52269.36,37240.13,15029.23,26,34,425,39.36,2.91,1133,1,9,493,0,1,0,Antigripales,0.25,Cardiovasculares
3282,MED-4281,Antibióticos,Tecnoquímicas,Medellín,Alta (Epidemia),Manual,31048.68,21751.55,9297.13,286,60,159,26.79,3.17,808,1,8,168,0,0,0,Pediatría,0.5,Antibióticos
3283,MED-4282,Antigripales,Abbott,Cali,Alta (Invierno),Proveedor Programado,71269.04,44740.28,26528.76,304,28,303,29.85,7.53,924,0,4,656,0,0,0,Gastrointestinales,0.5,Antigripales
3284,MED-4283,Antigripales,MK,Cali,Promoción,Automático (ML),14719.59,11277.76,3441.83,94,14,158,11.01,3.59,325,2,1,277,1,1,0,Pediatría,0.5,Antigripales
3285,MED-4284,Vitaminas,Abbott,Cartagena,Alta (Epidemia),Manual,16769.85,10212.37,6557.48,219,24,256,5.25,6.15,135,1,2,589,1,0,1,Pediatría,0.75,Pediatría
3286,MED-4285,Cardiovasculares,La Santé,Cartagena,Normal,Automático (ML),35141.99,28340.27,6801.72,223,63,298,22.52,2.89,666,1,14,129,0,0,0,Dermatológicos,0.5,Cardiovasculares
3287,MED-4286,Antibióticos,Pfizer,Cali,Normal,Automático (ML),78460.95,56741.35,21719.6,142,11,305,20.25,7.5,637,0,7,752,1,0,1,Dermatológicos,0.25,Antibióticos
3288,MED-4287,Cardiovasculares,Tecnoquímicas,Medellín,Promoción,Automático (ML),25826.22,15828.14,9998.08,52,43,185,3.51,8.39,111,0,2,237,0,1,0,Pediatría,0.5,Cardiovasculares
3289,MED-4288,Vitaminas,Abbott,Medellín,Alta (Epidemia),Automático (ML),37719.04,26727.74,10991.3,194,64,162,12.03,7.15,335,2,1,313,1,0,0,Cardiovasculares,0.5,Vitaminas
3290,MED-4289,Diabetes,La Santé,Barranquilla,Alta (Epidemia),Automático (ML),57947.2,43679.67,14267.53,373,19,276,38.29,8.71,1143,3,1,466,1,1,1,Pediatría,0.5,Diabetes
3291,MED-4290,Higiene Personal,Abbott,Cartagena,Alta (Epidemia),Proveedor Programado,36600.52,22431.62,14168.9,286,56,433,14.58,6.17,428,4,7,374,1,0,0,Pediatría,0.75,Pediatría
3292,MED-4291,Dermatológicos,Roche,Cali,Alta (Epidemia),Manual,33115.01,22780.71,10334.3,247,11,387,33.11,5.38,1003,0,11,127,0,1,1,Pediatría,1.0,Pediatría
3293,MED-4292,Vitaminas,La Santé,Bogotá,Promoción,Proveedor Programado,27924.65,22899.03,5025.62,97,45,140,4.8,2.8,128,2,4,559,0,1,1,Cardiovasculares,0.5,Vitaminas
3294,MED-4293,Cardiovasculares,Novartis,Cali,Normal,Manual,26494.92,21487.59,5007.33,14,52,390,28.83,3.77,851,3,1,448,0,1,0,Pediatría,0.5,Cardiovasculares
3295,MED-4294,Diabetes,Sanofi,Barranquilla,Alta (Invierno),Proveedor Programado,44602.08,31890.31,12711.77,291,61,236,19.41,1.5,595,2,12,278,0,1,0,Pediatría,0.5,Diabetes
3296,MED-4295,Pediatría,Abbott,Cartagena,Alta (Invierno),Automático (ML),34740.43,23769.31,10971.12,440,37,359,3.25,5.25,103,0,3,524,1,0,0,Pediatría,0.75,Pediatría
3297,MED-4296,Vitaminas,Roche,Bogotá,Alta (Epidemia),Automático (ML),22012.49,14155.23,7857.26,482,52,252,26.73,4.06,831,0,11,340,1,0,0,Dermatológicos,0.25,Vitaminas
3298,MED-4297,Vitaminas,Genfar,Cali,Promoción,Automático (ML),74835.42,54746.83,20088.59,320,69,213,34.83,9.51,1037,1,5,116,0,1,1,Gastrointestinales,0.25,Vitaminas
3299,MED-4298,Diabetes,Roche,Barranquilla,Alta (Invierno),Automático (ML),31337.29,19024.35,12312.94,378,17,384,17.56,5.42,523,2,6,556,0,1,0,Pediatría,1.0,Pediatría
3300,MED-4299,Diabetes,Bayer,Medellín,Alta (Invierno),Proveedor Programado,63253.04,39777.19,23475.85,295,78,310,27.33,6.76,808,1,6,585,0,0,1,Antigripales,0.25,Diabetes
3301,MED-4300,Diabetes,Novartis,Medellín,Alta (Invierno),Manual,42873.51,33727.1,9146.41,58,76,130,33.95,3.23,1018,1,5,508,1,0,0,Pediatría,0.5,Diabetes
3302,MED-4301,Pediatría,Tecnoquímicas,Cali,Normal,Proveedor Programado,48911.42,34804.2,14107.22,483,69,166,15.88,5.53,472,1,5,755,1,1,1,Pediatría,0.5,Pediatría
3303,MED-4302,Diabetes,Bayer,Barranquilla,Alta (Invierno),Automático (ML),71673.92,59502.64,12171.28,173,61,353,30.02,9.35,861,1,10,725,0,0,1,Gastrointestinales,0.5,Diabetes
3304,MED-4303,Antigripales,Bayer,Bogotá,Normal,Manual,76288.32,50705.74,25582.58,246,20,264,27.01,2.44,803,2,12,374,0,0,0,Gastrointestinales,0.5,Antigripales
3305,MED-4304,Higiene Personal,Tecnoquímicas,Cartagena,Alta (Epidemia),Manual,76091.02,63619.03,12471.99,408,63,301,35.9,7.67,1063,2,4,575,1,1,0,Pediatría,0.5,Higiene Personal
3306,MED-4305,Antigripales,Genfar,Barranquilla,Promoción,Proveedor Programado,58578.25,49056.39,9521.86,100,34,223,26.16,7.1,797,2,1,853,1,0,0,Antigripales,0.25,Antigripales
3307,MED-4306,Higiene Personal,Roche,Barranquilla,Promoción,Proveedor Programado,55413.36,35033.28,20380.08,43,78,246,39.46,8.95,1166,3,4,99,0,0,1,Dermatológicos,0.5,Higiene Personal
3308,MED-4307,Analgésicos,La Santé,Cali,Alta (Epidemia),Automático (ML),10936.67,7471.62,3465.05,209,16,76,12.56,7.04,359,3,6,149,0,0,1,Pediatría,0.5,Analgésicos
3309,MED-4308,Cardiovasculares,Tecnoquímicas,Cartagena,Normal,Manual,71306.45,50321.05,20985.4,206,62,139,32.68,3.69,1028,1,5,87,0,0,1,Antigripales,0.25,Cardiovasculares
3310,MED-4309,Pediatría,La Santé,Bogotá,Alta (Invierno),Automático (ML),32807.24,24958.85,7848.39,137,33,218,9.49,5.35,301,2,6,141,0,0,0,Cardiovasculares,0.25,Pediatría
3311,MED-4310,Antibióticos,La Santé,Cali,Promoción,Manual,64246.8,49712.29,14534.51,61,28,252,38.18,8.84,1180,0,8,438,1,1,0,Antigripales,0.25,Antibióticos
3312,MED-4311,Higiene Personal,Bayer,Medellín,Normal,Automático (ML),75734.83,55808.61,19926.22,8,61,296,26.05,3.23,776,2,5,475,1,0,0,Antigripales,0.25,Higiene Personal
3313,MED-4312,Dermatológicos,Bayer,Cali,Alta (Invierno),Manual,13597.36,10131.66,3465.7,24,13,350,34.17,4.87,1016,2,5,827,1,1,1,Pediatría,1.0,Pediatría
3314,MED-4313,Higiene Personal,La Santé,Bogotá,Alta (Invierno),Automático (ML),57321.79,45119.25,12202.54,28,39,323,6.52,5.37,174,1,3,864,0,0,1,Pediatría,0.5,Higiene Personal
3315,MED-4314,Higiene Personal,Genfar,Barranquilla,Alta (Epidemia),Automático (ML),60012.39,37437.37,22575.02,388,20,285,14.17,3.2,425,3,8,853,1,1,0,Dermatológicos,0.5,Higiene Personal
3316,MED-4315,Antigripales,Bayer,Cartagena,Normal,Manual,56395.92,38578.05,17817.87,291,53,202,17.2,8.87,479,2,1,734,1,1,1,Pediatría,0.5,Antigripales
3317,MED-4316,Dermatológicos,Abbott,Bogotá,Promoción,Automático (ML),47369.05,30541.93,16827.12,128,21,211,21.33,8.14,635,4,6,303,1,0,0,Pediatría,0.75,Pediatría
3318,MED-4317,Pediatría,Bayer,Medellín,Promoción,Proveedor Programado,27193.71,21257.4,5936.31,54,43,174,39.57,1.78,1177,1,3,529,0,1,0,Pediatría,0.5,Pediatría
3319,MED-4318,Diabetes,Pfizer,Barranquilla,Normal,Manual,71258.91,43547.04,27711.87,431,35,422,17.97,4.22,533,1,2,481,1,1,1,Pediatría,0.75,Pediatría
3320,MED-4319,Higiene Personal,Sanofi,Bogotá,Normal,Proveedor Programado,57102.86,45396.45,11706.41,92,54,246,13.15,4.57,411,2,5,480,1,1,1,Pediatría,0.5,Higiene Personal
3321,MED-4320,Gastrointestinales,Roche,Cartagena,Alta (Invierno),Proveedor Programado,75248.99,46662.43,28586.56,46,63,260,30.19,2.15,890,2,12,861,0,0,1,Pediatría,0.5,Gastrointestinales
3322,MED-4321,Antibióticos,Abbott,Bogotá,Alta (Epidemia),Manual,42947.46,25818.01,17129.45,441,71,171,28.26,5.12,826,2,7,154,1,0,1,Gastrointestinales,0.25,Antibióticos
3323,MED-4322,Antigripales,Tecnoquímicas,Cali,Normal,Proveedor Programado,52311.78,41419.88,10891.9,299,20,367,4.21,8.2,91,1,8,91,1,1,1,Dermatológicos,0.5,Antigripales
3324,MED-4323,Diabetes,MK,Cartagena,Alta (Epidemia),Manual,18695.1,12149.48,6545.62,370,49,172,9.21,7.36,238,0,11,625,1,0,0,Pediatría,0.5,Diabetes
3325,MED-4324,Pediatría,Roche,Cartagena,Alta (Invierno),Automático (ML),53824.22,44816.4,9007.82,14,54,284,29.45,6.84,892,7,14,258,0,1,1,Pediatría,0.75,Pediatría
3326,MED-4325,Vitaminas,Pfizer,Barranquilla,Promoción,Automático (ML),65798.52,42715.51,23083.01,483,16,329,19.56,4.88,575,2,14,511,0,0,1,Gastrointestinales,0.5,Vitaminas
3327,MED-4326,Higiene Personal,Tecnoquímicas,Barranquilla,Promoción,Proveedor Programado,17159.1,12505.5,4653.6,8,69,214,12.15,6.16,361,0,11,285,1,0,0,Pediatría,0.5,Higiene Personal
3328,MED-4327,Antigripales,Bayer,Medellín,Alta (Epidemia),Manual,62673.5,42504.18,20169.32,344,45,437,7.26,5.57,207,3,6,135,0,1,0,Pediatría,0.75,Pediatría
3329,MED-4328,Diabetes,Sanofi,Barranquilla,Alta (Invierno),Automático (ML),32845.01,24115.9,8729.11,91,71,465,18.14,5.85,534,1,9,520,1,0,1,Pediatría,0.5,Diabetes
3330,MED-4329,Analgésicos,MK,Cali,Alta (Invierno),Proveedor Programado,27435.79,19676.64,7759.15,89,50,212,16.9,6.53,512,2,1,180,1,1,1,Analgésicos,0.5,Analgésicos
3331,MED-4330,Antibióticos,Genfar,Bogotá,Promoción,Manual,71472.5,57376.47,14096.03,95,45,271,13.13,1.23,403,3,6,798,0,1,0,Pediatría,0.5,Antibióticos
3332,MED-4331,Analgésicos,Abbott,Medellín,Alta (Invierno),Automático (ML),63075.52,44523.04,18552.48,473,37,304,11.62,4.22,356,3,1,793,1,1,1,Pediatría,0.5,Analgésicos
3333,MED-4332,Antibióticos,Pfizer,Cartagena,Alta (Epidemia),Manual,60489.6,44870.74,15618.86,106,54,444,8.0,3.35,255,1,13,866,1,0,1,Pediatría,0.5,Antibióticos
3334,MED-4333,Higiene Personal,Sanofi,Medellín,Normal,Proveedor Programado,72268.1,61391.43,10876.67,174,39,222,38.69,1.56,1142,1,5,595,0,0,1,Antigripales,0.25,Higiene Personal
3335,MED-4334,Antibióticos,MK,Bogotá,Normal,Manual,14334.85,8627.68,5707.17,467,50,248,30.29,9.77,934,1,7,464,1,0,0,Dermatológicos,0.5,Antibióticos
3336,MED-4335,Dermatológicos,Tecnoquímicas,Barranquilla,Alta (Invierno),Proveedor Programado,17476.77,14417.14,3059.63,300,43,393,31.05,8.91,940,2,4,423,0,1,1,Dermatológicos,0.5,Dermatológicos
3337,MED-4336,Diabetes,Abbott,Bogotá,Promoción,Manual,20471.16,16797.65,3673.51,245,27,267,17.81,8.83,545,2,9,543,1,0,1,Pediatría,0.75,Pediatría
3338,MED-4337,Gastrointestinales,Roche,Barranquilla,Alta (Epidemia),Automático (ML),48321.95,39687.61,8634.34,456,78,337,10.96,9.51,292,1,2,243,1,1,1,Pediatría,0.5,Gastrointestinales
3339,MED-4338,Dermatológicos,Bayer,Cartagena,Promoción,Proveedor Programado,58534.67,39477.2,19057.47,305,74,322,11.32,1.88,329,1,3,196,0,0,1,Pediatría,0.5,Dermatológicos
3340,MED-4339,Dermatológicos,Bayer,Bogotá,Alta (Epidemia),Manual,53733.91,40128.7,13605.21,454,51,144,1.34,6.69,50,1,9,407,0,1,0,Dermatológicos,0.25,Dermatológicos
3341,MED-4340,Cardiovasculares,La Santé,Medellín,Promoción,Proveedor Programado,64403.2,44178.68,20224.52,389,59,136,22.69,3.15,647,1,10,224,0,0,0,Diabetes,0.5,Cardiovasculares
3342,MED-4341,Antibióticos,Roche,Bogotá,Alta (Epidemia),Manual,18093.5,13158.06,4935.44,366,74,140,7.58,5.06,209,2,1,673,0,1,0,Cardiovasculares,0.75,Cardiovasculares
3343,MED-4342,Gastrointestinales,Tecnoquímicas,Barranquilla,Alta (Invierno),Automático (ML),52177.13,42328.92,9848.21,4,70,140,33.34,9.41,987,1,5,723,0,0,1,Dermatológicos,0.5,Gastrointestinales
3344,MED-4343,Diabetes,Roche,Bogotá,Normal,Automático (ML),59177.6,37521.13,21656.47,384,36,187,30.8,8.34,903,3,11,435,0,0,0,Pediatría,0.5,Diabetes
3345,MED-4344,Antibióticos,Sanofi,Medellín,Promoción,Manual,65306.91,49655.94,15650.97,138,33,106,17.02,1.65,533,0,3,99,0,0,0,Dermatológicos,0.5,Antibióticos
3346,MED-4345,Cardiovasculares,La Santé,Cartagena,Alta (Invierno),Proveedor Programado,13688.74,10435.25,3253.49,155,77,403,19.97,5.78,590,2,5,473,1,1,1,Cardiovasculares,0.5,Cardiovasculares
3347,MED-4346,Pediatría,Abbott,Cartagena,Alta (Invierno),Manual,28300.51,18534.58,9765.93,20,72,423,17.98,1.24,541,1,3,365,1,1,0,Pediatría,0.5,Pediatría
3348,MED-4347,Gastrointestinales,Abbott,Bogotá,Alta (Invierno),Manual,48743.17,37277.58,11465.59,77,29,400,17.26,2.32,499,0,5,525,1,1,1,Dermatológicos,0.5,Gastrointestinales
3349,MED-4348,Pediatría,Pfizer,Cali,Promoción,Manual,36793.08,22569.34,14223.74,116,52,129,32.84,3.36,994,0,7,393,1,1,1,Pediatría,0.5,Pediatría
3350,MED-4349,Antigripales,MK,Bogotá,Alta (Invierno),Manual,23069.04,19453.71,3615.33,44,18,246,34.43,1.62,1025,3,8,376,1,0,1,Pediatría,1.0,Pediatría
3351,MED-4350,Cardiovasculares,La Santé,Medellín,Alta (Invierno),Automático (ML),7869.81,5693.51,2176.3,322,38,129,29.23,9.1,882,1,13,479,1,1,1,Pediatría,0.5,Cardiovasculares
3352,MED-4351,Pediatría,MK,Barranquilla,Alta (Invierno),Automático (ML),7107.72,5806.59,1301.13,406,78,185,30.44,1.88,875,2,5,642,0,0,0,Dermatológicos,0.5,Pediatría
3353,MED-4352,Vitaminas,Bayer,Cartagena,Promoción,Proveedor Programado,75605.99,52040.6,23565.39,329,36,365,15.66,7.84,503,1,14,97,0,0,1,Gastrointestinales,0.5,Vitaminas
3354,MED-4353,Cardiovasculares,Bayer,Cali,Normal,Proveedor Programado,9919.44,6185.97,3733.47,415,77,342,25.6,6.11,743,0,8,199,0,1,1,Dermatológicos,0.25,Cardiovasculares
3355,MED-4354,Antigripales,MK,Barranquilla,Normal,Automático (ML),57288.94,44939.22,12349.72,129,45,164,4.95,2.14,180,1,9,595,0,0,0,Cardiovasculares,0.5,Antigripales
3356,MED-4355,Antigripales,La Santé,Barranquilla,Alta (Invierno),Automático (ML),55577.85,41789.0,13788.85,341,58,134,14.41,3.92,432,2,6,203,0,0,0,Pediatría,0.5,Antigripales
3357,MED-4356,Analgésicos,Bayer,Bogotá,Normal,Proveedor Programado,54048.34,39817.05,14231.29,353,26,365,26.29,0.94,753,1,9,788,0,0,1,Gastrointestinales,0.5,Analgésicos
3358,MED-4357,Higiene Personal,Pfizer,Bogotá,Alta (Epidemia),Proveedor Programado,30784.68,24612.3,6172.38,405,20,234,7.38,1.16,199,1,5,214,0,0,0,Pediatría,0.5,Higiene Personal
3359,MED-4358,Gastrointestinales,Tecnoquímicas,Bogotá,Alta (Epidemia),Proveedor Programado,70581.96,54838.15,15743.81,214,77,346,5.13,9.6,167,2,10,463,0,0,0,Pediatría,0.5,Gastrointestinales
3360,MED-4359,Analgésicos,Tecnoquímicas,Medellín,Promoción,Automático (ML),44468.68,28088.82,16379.86,68,30,199,14.12,5.13,411,2,12,449,1,0,0,Dermatológicos,0.25,Analgésicos
3361,MED-4360,Cardiovasculares,Sanofi,Medellín,Normal,Proveedor Programado,75323.39,51454.87,23868.52,189,15,200,24.03,2.72,728,0,10,285,0,0,0,Gastrointestinales,0.25,Cardiovasculares
3362,MED-4361,Cardiovasculares,Novartis,Bogotá,Alta (Epidemia),Proveedor Programado,38953.66,30460.82,8492.84,228,36,388,30.07,3.79,911,4,12,309,1,1,1,Pediatría,1.0,Pediatría
3363,MED-4362,Diabetes,Bayer,Cali,Alta (Invierno),Manual,74422.57,55681.68,18740.89,0,21,248,22.74,0.94,620,2,3,823,0,0,1,Dermatológicos,0.5,Diabetes
3364,MED-4363,Higiene Personal,Genfar,Medellín,Normal,Proveedor Programado,18452.56,12232.74,6219.82,110,32,208,21.59,0.92,633,3,9,370,1,1,0,Pediatría,0.5,Higiene Personal
3365,MED-4364,Pediatría,Abbott,Cartagena,Alta (Epidemia),Manual,75111.69,45552.26,29559.43,310,15,344,14.88,4.66,464,0,7,416,0,0,1,Pediatría,0.5,Pediatría
3366,MED-4365,Vitaminas,Sanofi,Cartagena,Alta (Invierno),Automático (ML),32038.77,19328.13,12710.64,21,44,121,17.68,1.84,538,3,1,129,1,1,0,Cardiovasculares,0.25,Vitaminas
3367,MED-4366,Antibióticos,Sanofi,Barranquilla,Promoción,Automático (ML),65424.38,50635.01,14789.37,430,65,124,22.79,1.9,711,3,12,306,0,1,1,Pediatría,0.5,Antibióticos
3368,MED-4367,Cardiovasculares,MK,Cartagena,Alta (Invierno),Automático (ML),63308.3,45851.0,17457.3,363,37,344,6.17,2.19,170,2,14,585,0,1,1,Dermatológicos,0.25,Cardiovasculares
3369,MED-4368,Analgésicos,Pfizer,Barranquilla,Alta (Invierno),Automático (ML),69727.23,54433.75,15293.48,342,58,443,9.23,8.57,279,3,14,669,1,0,0,Pediatría,0.75,Pediatría
3370,MED-4369,Vitaminas,Sanofi,Barranquilla,Promoción,Automático (ML),63736.69,52790.86,10945.83,117,47,414,11.59,0.52,327,0,1,840,0,0,1,Pediatría,0.5,Vitaminas
3371,MED-4370,Cardiovasculares,Pfizer,Barranquilla,Alta (Epidemia),Manual,53464.5,44468.06,8996.44,14,25,384,30.6,8.94,930,4,2,413,0,0,1,Pediatría,0.75,Pediatría
3372,MED-4371,Dermatológicos,Roche,Cartagena,Alta (Invierno),Automático (ML),29692.48,18887.55,10804.93,138,54,291,24.78,6.15,721,0,8,363,0,0,1,Dermatológicos,0.5,Dermatológicos
3373,MED-4372,Gastrointestinales,Roche,Barranquilla,Promoción,Automático (ML),64572.06,46200.09,18371.97,489,75,340,3.91,2.17,130,1,1,534,0,1,1,Pediatría,0.5,Gastrointestinales
3374,MED-4373,Pediatría,Abbott,Barranquilla,Alta (Epidemia),Manual,24695.97,17571.26,7124.71,462,10,233,22.59,0.57,666,1,6,392,0,1,0,Pediatría,0.5,Pediatría
3375,MED-4374,Gastrointestinales,Bayer,Bogotá,Alta (Epidemia),Manual,63236.33,40899.53,22336.8,433,71,143,20.71,3.82,612,2,12,657,1,0,1,Pediatría,0.5,Gastrointestinales
3376,MED-4375,Gastrointestinales,Abbott,Cartagena,Alta (Invierno),Proveedor Programado,6193.69,4657.83,1535.86,457,61,155,2.1,6.13,55,2,10,331,0,0,1,Pediatría,0.5,Gastrointestinales
3377,MED-4376,Cardiovasculares,La Santé,Bogotá,Promoción,Manual,38809.96,27098.57,11711.39,467,51,149,12.54,7.37,367,1,7,312,0,1,1,Pediatría,0.5,Cardiovasculares
3378,MED-4377,Analgésicos,Bayer,Cali,Normal,Manual,14370.98,9612.11,4758.87,481,45,398,15.82,2.39,491,2,12,84,0,1,1,Pediatría,1.0,Pediatría
3379,MED-4378,Pediatría,MK,Cartagena,Promoción,Proveedor Programado,75903.91,48196.83,27707.08,491,60,264,37.79,4.73,1121,2,7,694,1,1,1,Pediatría,0.75,Pediatría
3380,MED-4379,Analgésicos,Genfar,Bogotá,Alta (Invierno),Proveedor Programado,12187.99,7396.98,4791.01,20,55,125,33.95,4.93,1054,2,4,251,0,0,0,Pediatría,0.75,Pediatría
3381,MED-4380,Antibióticos,MK,Cali,Normal,Manual,29436.98,24611.53,4825.45,137,45,189,37.55,3.71,1154,3,10,649,1,0,1,Pediatría,0.75,Pediatría
3382,MED-4381,Dermatológicos,MK,Cartagena,Normal,Automático (ML),7211.57,5503.3,1708.27,106,78,405,39.52,5.54,1175,2,9,782,1,0,0,Dermatológicos,0.25,Dermatológicos
3383,MED-4382,Vitaminas,Genfar,Medellín,Promoción,Proveedor Programado,50336.03,38477.61,11858.42,352,51,359,30.08,6.91,909,0,11,878,0,0,0,Gastrointestinales,0.25,Vitaminas
3384,MED-4383,Cardiovasculares,MK,Bogotá,Normal,Automático (ML),79422.51,64103.07,15319.44,42,48,238,31.72,6.62,942,1,3,353,0,0,0,Antigripales,0.25,Cardiovasculares
3385,MED-4384,Dermatológicos,MK,Barranquilla,Promoción,Manual,38388.06,30466.69,7921.37,2,78,432,22.06,2.86,646,0,11,527,1,1,1,Dermatológicos,0.5,Dermatológicos
3386,MED-4385,Antigripales,Abbott,Cali,Normal,Proveedor Programado,29463.15,22381.48,7081.67,21,62,406,22.75,6.82,706,1,7,622,1,1,0,Pediatría,0.5,Antigripales
3387,MED-4386,Dermatológicos,Tecnoquímicas,Barranquilla,Alta (Epidemia),Automático (ML),77291.23,61819.21,15472.02,157,22,257,12.39,8.08,373,2,6,84,1,1,0,Dermatológicos,0.25,Dermatológicos
3388,MED-4387,Cardiovasculares,Novartis,Barranquilla,Alta (Invierno),Automático (ML),22107.0,14580.83,7526.17,134,23,364,4.37,6.23,112,1,1,245,1,1,1,Pediatría,0.5,Cardiovasculares
3389,MED-4388,Antigripales,Tecnoquímicas,Cali,Normal,Automático (ML),62756.36,43106.61,19649.75,210,76,126,33.82,9.18,1023,1,1,334,1,1,1,Antigripales,0.25,Antigripales
3390,MED-4389,Gastrointestinales,Novartis,Medellín,Alta (Epidemia),Proveedor Programado,58637.91,38505.71,20132.2,389,72,374,17.1,3.3,541,2,7,108,0,1,0,Pediatría,0.5,Gastrointestinales
3391,MED-4390,Gastrointestinales,Novartis,Barranquilla,Alta (Invierno),Automático (ML),26487.06,20124.67,6362.39,228,65,352,3.72,5.91,134,4,1,529,1,0,1,Cardiovasculares,0.5,Gastrointestinales
3392,MED-4391,Cardiovasculares,Tecnoquímicas,Cartagena,Alta (Epidemia),Manual,34445.79,22869.47,11576.32,29,38,339,35.82,3.21,1073,0,3,301,0,0,1,Pediatría,0.5,Cardiovasculares
3393,MED-4392,Diabetes,La Santé,Cartagena,Promoción,Manual,34537.14,24924.32,9612.82,283,71,370,3.63,6.25,92,2,1,731,1,0,0,Pediatría,0.5,Diabetes
3394,MED-4393,Cardiovasculares,Roche,Cartagena,Alta (Invierno),Proveedor Programado,8455.87,6426.82,2029.05,372,69,326,34.93,6.14,1044,0,10,519,1,1,0,Dermatológicos,0.25,Cardiovasculares
3395,MED-4394,Cardiovasculares,Roche,Cali,Normal,Automático (ML),67025.37,53485.63,13539.74,339,12,349,21.53,1.6,669,3,8,585,0,1,1,Pediatría,0.75,Pediatría
3396,MED-4395,Analgésicos,La Santé,Bogotá,Alta (Invierno),Proveedor Programado,24148.59,15694.65,8453.94,82,11,198,10.99,8.41,332,1,11,180,1,1,1,Pediatría,0.75,Pediatría
3397,MED-4396,Vitaminas,Bayer,Bogotá,Promoción,Manual,32284.28,20827.19,11457.09,267,74,337,35.39,2.5,1055,1,10,839,1,0,0,Dermatológicos,0.25,Vitaminas
3398,MED-4397,Pediatría,Bayer,Barranquilla,Promoción,Manual,35749.24,23516.74,12232.5,131,78,210,23.77,2.59,730,3,3,756,1,0,1,Cardiovasculares,0.75,Cardiovasculares
3399,MED-4398,Dermatológicos,La Santé,Bogotá,Alta (Invierno),Proveedor Programado,7280.61,4862.48,2418.13,468,35,212,14.15,9.66,407,0,14,41,0,0,1,Pediatría,0.5,Dermatológicos
3400,MED-4399,Vitaminas,La Santé,Cartagena,Alta (Epidemia),Manual,67025.71,50765.68,16260.03,245,68,411,6.29,6.63,187,0,11,313,1,0,0,Pediatría,0.5,Vitaminas
3401,MED-4400,Analgésicos,Tecnoquímicas,Cali,Normal,Proveedor Programado,13929.76,9987.06,3942.7,332,11,264,22.5,6.67,676,3,14,213,0,0,1,Pediatría,0.75,Pediatría
3402,MED-4401,Antigripales,La Santé,Medellín,Normal,Manual,74694.61,58572.18,16122.43,391,63,199,20.5,8.43,625,0,7,141,1,1,0,Gastrointestinales,0.25,Antigripales
3403,MED-4402,Antigripales,Abbott,Cartagena,Alta (Epidemia),Manual,39873.76,24345.38,15528.38,76,66,173,32.71,2.61,1006,1,2,327,0,0,0,Antigripales,0.25,Antigripales
3404,MED-4403,Vitaminas,Genfar,Cali,Normal,Automático (ML),20675.78,16687.84,3987.94,163,11,144,23.02,3.51,667,2,2,398,0,1,1,Pediatría,0.75,Pediatría
3405,MED-4404,Vitaminas,Abbott,Cali,Alta (Invierno),Proveedor Programado,43286.89,26063.9,17222.99,230,16,110,6.65,4.67,211,2,6,580,1,1,0,Dermatológicos,0.5,Vitaminas
3406,MED-4405,Gastrointestinales,Pfizer,Bogotá,Alta (Epidemia),Automático (ML),79012.3,66129.0,12883.3,458,66,365,7.71,4.99,265,1,6,690,0,0,1,Pediatría,0.5,Gastrointestinales
3407,MED-4406,Gastrointestinales,Tecnoquímicas,Cali,Normal,Automático (ML),38238.45,27418.91,10819.54,291,46,395,4.21,3.48,126,3,7,117,1,0,0,Pediatría,0.75,Pediatría
3408,MED-4407,Pediatría,Genfar,Cali,Normal,Manual,73207.52,52254.54,20952.98,70,42,364,34.78,9.09,1044,2,10,268,1,1,1,Gastrointestinales,0.5,Pediatría
3409,MED-4408,Gastrointestinales,La Santé,Medellín,Promoción,Proveedor Programado,17161.31,12291.2,4870.11,121,62,144,18.97,1.83,564,3,7,604,0,1,0,Cardiovasculares,0.5,Gastrointestinales
3410,MED-4409,Diabetes,MK,Cartagena,Normal,Automático (ML),66939.94,48388.36,18551.58,111,49,366,13.25,3.94,402,1,11,657,1,0,0,Pediatría,0.5,Diabetes
3411,MED-4410,Diabetes,Tecnoquímicas,Barranquilla,Normal,Manual,61607.13,49190.73,12416.4,79,23,170,19.82,1.77,591,1,12,823,0,1,1,Dermatológicos,0.25,Diabetes
3412,MED-4411,Gastrointestinales,Sanofi,Medellín,Promoción,Automático (ML),47686.22,37342.36,10343.86,266,36,349,34.76,8.8,1034,1,5,475,0,0,1,Antigripales,0.25,Gastrointestinales
3413,MED-4412,Analgésicos,Novartis,Cali,Normal,Proveedor Programado,30622.93,19381.78,11241.15,456,16,171,14.53,4.48,423,0,10,603,1,1,0,Pediatría,0.75,Pediatría
3414,MED-4413,Analgésicos,Roche,Cartagena,Normal,Automático (ML),77578.87,61625.42,15953.45,254,60,384,20.36,1.92,643,1,10,650,0,0,1,Pediatría,0.5,Analgésicos
3415,MED-4414,Antigripales,Bayer,Medellín,Alta (Epidemia),Manual,61960.64,40226.63,21734.01,73,79,368,21.75,7.88,673,2,11,262,1,1,0,Pediatría,0.5,Antigripales
3416,MED-4415,Dermatológicos,La Santé,Bogotá,Alta (Epidemia),Proveedor Programado,51389.4,38418.56,12970.84,396,45,241,36.63,2.27,1118,2,13,820,0,0,1,Pediatría,0.5,Dermatológicos
3417,MED-4416,Diabetes,Genfar,Bogotá,Alta (Invierno),Manual,5543.72,4691.24,852.48,268,73,413,3.37,1.21,121,1,10,288,1,0,0,Pediatría,1.0,Pediatría
3418,MED-4417,Dermatológicos,Novartis,Cali,Normal,Proveedor Programado,30046.51,21671.63,8374.88,305,61,309,6.12,7.47,194,1,8,223,1,0,0,Pediatría,0.75,Pediatría
3419,MED-4418,Vitaminas,La Santé,Cartagena,Alta (Invierno),Automático (ML),9433.33,7172.85,2260.48,319,17,202,33.34,9.12,1021,2,2,322,1,1,0,Pediatría,0.5,Vitaminas
3420,MED-4419,Vitaminas,Novartis,Medellín,Alta (Invierno),Manual,31656.4,19681.5,11974.9,284,12,234,19.77,8.32,590,1,4,811,0,1,0,Pediatría,0.75,Pediatría
3421,MED-4420,Diabetes,La Santé,Cali,Promoción,Automático (ML),21325.27,13282.23,8043.04,372,11,398,20.05,9.66,604,1,14,490,1,0,0,Pediatría,0.75,Pediatría
3422,MED-4421,Antibióticos,La Santé,Cali,Normal,Proveedor Programado,61874.97,45699.27,16175.7,271,40,176,22.07,1.15,697,3,6,728,1,1,0,Pediatría,0.5,Antibióticos
3423,MED-4422,Antibióticos,Novartis,Medellín,Alta (Epidemia),Manual,13294.75,9315.07,3979.68,249,35,283,39.65,2.47,1177,1,12,371,1,1,0,Pediatría,0.5,Antibióticos
3424,MED-4423,Antibióticos,Bayer,Medellín,Promoción,Automático (ML),48846.02,39040.98,9805.04,83,72,253,18.0,8.02,545,3,8,673,0,0,1,Pediatría,0.75,Pediatría
3425,MED-4424,Analgésicos,Sanofi,Medellín,Normal,Proveedor Programado,63810.35,52338.78,11471.57,188,30,344,36.65,4.98,1080,0,11,107,1,0,1,Pediatría,0.5,Analgésicos
3426,MED-4425,Gastrointestinales,Pfizer,Barranquilla,Alta (Invierno),Manual,19524.85,12439.29,7085.56,127,48,250,34.72,2.6,1062,1,3,580,0,1,0,Pediatría,0.75,Pediatría
3427,MED-4426,Pediatría,Pfizer,Bogotá,Promoción,Manual,68256.49,47209.66,21046.83,274,75,317,2.61,2.15,95,1,2,237,0,0,0,Pediatría,0.5,Pediatría
3428,MED-4427,Pediatría,Novartis,Medellín,Promoción,Proveedor Programado,78893.08,62388.83,16504.25,92,35,190,20.46,1.13,629,4,12,381,0,1,1,Pediatría,0.5,Pediatría
3429,MED-4428,Antigripales,Abbott,Barranquilla,Promoción,Manual,29606.33,23546.99,6059.34,138,11,362,30.26,1.9,942,4,2,31,0,1,0,Pediatría,0.75,Pediatría
3430,MED-4429,Pediatría,Novartis,Barranquilla,Promoción,Manual,32430.21,27265.19,5165.02,403,17,286,11.25,4.36,352,0,2,743,1,1,1,Pediatría,1.0,Pediatría
3431,MED-4430,Pediatría,Roche,Bogotá,Alta (Epidemia),Manual,64650.66,51059.62,13591.04,199,35,434,28.82,5.01,841,0,9,401,0,1,1,Gastrointestinales,0.25,Pediatría
3432,MED-4431,Gastrointestinales,Bayer,Bogotá,Alta (Invierno),Manual,34464.43,27255.07,7209.36,307,30,120,33.44,8.88,1032,3,7,501,0,1,0,Pediatría,0.5,Gastrointestinales
3433,MED-4432,Higiene Personal,Abbott,Cartagena,Normal,Manual,5794.69,4184.34,1610.35,172,18,120,25.85,3.06,752,2,4,673,1,1,0,Pediatría,0.75,Pediatría
3434,MED-4433,Vitaminas,Roche,Cali,Promoción,Automático (ML),22395.14,14638.8,7756.34,253,61,357,29.79,5.18,885,2,4,390,1,0,0,Cardiovasculares,0.5,Vitaminas
3435,MED-4434,Analgésicos,Tecnoquímicas,Bogotá,Alta (Invierno),Automático (ML),43163.41,26269.49,16893.92,37,64,233,31.13,4.44,987,1,6,751,1,1,1,Antigripales,0.25,Analgésicos
3436,MED-4435,Dermatológicos,Pfizer,Cartagena,Alta (Invierno),Manual,33846.02,27462.48,6383.54,137,55,180,8.94,1.36,273,1,6,347,1,0,0,Pediatría,0.5,Dermatológicos
3437,MED-4436,Antibióticos,Genfar,Cartagena,Alta (Invierno),Automático (ML),79497.97,63566.25,15931.72,318,39,171,11.25,8.85,365,1,9,743,0,0,0,Dermatológicos,0.25,Antibióticos
3438,MED-4437,Gastrointestinales,Pfizer,Medellín,Alta (Invierno),Automático (ML),71184.3,50067.34,21116.96,477,47,392,24.55,7.68,756,0,12,304,1,0,0,Gastrointestinales,0.5,Gastrointestinales
3439,MED-4438,Higiene Personal,Tecnoquímicas,Medellín,Alta (Invierno),Manual,7463.26,5062.95,2400.31,360,63,194,10.84,0.7,302,4,8,141,0,0,0,Cardiovasculares,0.5,Higiene Personal
3440,MED-4439,Gastrointestinales,Genfar,Medellín,Normal,Proveedor Programado,29788.97,19136.55,10652.42,182,17,354,20.29,9.48,605,0,10,888,0,0,1,Pediatría,0.75,Pediatría
3441,MED-4440,Higiene Personal,Pfizer,Barranquilla,Alta (Invierno),Automático (ML),28850.98,19417.08,9433.9,28,73,347,33.71,5.44,969,0,1,513,0,0,0,Dermatológicos,0.5,Higiene Personal
3442,MED-4441,Diabetes,Genfar,Barranquilla,Normal,Automático (ML),45732.67,27992.74,17739.93,451,66,238,27.23,4.37,826,1,6,592,1,1,1,Dermatológicos,0.5,Diabetes
3443,MED-4442,Diabetes,MK,Bogotá,Normal,Manual,30589.5,19832.54,10756.96,1,29,169,37.38,6.43,1121,2,6,501,1,0,0,Pediatría,0.75,Pediatría
3444,MED-4443,Dermatológicos,Pfizer,Bogotá,Promoción,Manual,53640.96,34225.86,19415.1,240,12,151,6.26,2.6,186,1,13,400,1,0,1,Dermatológicos,0.25,Dermatológicos
3445,MED-4444,Antigripales,Tecnoquímicas,Cartagena,Alta (Epidemia),Manual,22752.25,15728.76,7023.49,472,60,133,4.99,6.17,171,1,3,640,1,0,0,Pediatría,0.5,Antigripales
3446,MED-4445,Antigripales,Abbott,Bogotá,Alta (Epidemia),Manual,70151.41,58478.4,11673.01,414,29,404,3.93,8.78,112,1,7,404,0,0,1,Cardiovasculares,0.5,Antigripales
3447,MED-4446,Dermatológicos,La Santé,Cali,Alta (Epidemia),Automático (ML),39703.23,25913.31,13789.92,469,34,84,31.42,5.03,946,4,11,789,1,0,1,Pediatría,0.75,Pediatría
3448,MED-4447,Gastrointestinales,La Santé,Barranquilla,Normal,Proveedor Programado,35932.16,24970.61,10961.55,479,15,308,36.28,2.24,1100,0,6,205,0,1,1,Pediatría,0.75,Pediatría
3449,MED-4448,Diabetes,Pfizer,Medellín,Promoción,Automático (ML),59645.96,50094.33,9551.63,276,73,287,14.16,4.19,428,0,2,773,0,1,0,Pediatría,0.5,Diabetes
3450,MED-4449,Cardiovasculares,Genfar,Cartagena,Alta (Epidemia),Automático (ML),44831.09,31932.36,12898.73,382,13,381,10.99,8.06,330,1,1,505,0,0,1,Pediatría,0.5,Cardiovasculares
3451,MED-4450,Cardiovasculares,Abbott,Cartagena,Alta (Invierno),Manual,54277.1,34699.05,19578.05,338,26,314,34.14,8.15,1021,2,1,670,1,1,1,Pediatría,0.5,Cardiovasculares
3452,MED-4451,Antigripales,Abbott,Bogotá,Alta (Invierno),Proveedor Programado,49920.34,35002.48,14917.86,392,54,172,9.88,8.47,238,3,14,499,1,1,0,Dermatológicos,0.25,Antigripales
3453,MED-4452,Vitaminas,MK,Medellín,Alta (Epidemia),Proveedor Programado,49695.77,34459.66,15236.11,191,55,321,25.8,7.31,784,2,9,389,1,0,1,Pediatría,0.5,Vitaminas
3454,MED-4453,Dermatológicos,Sanofi,Barranquilla,Alta (Invierno),Automático (ML),19258.56,12365.63,6892.93,364,71,198,36.71,6.31,1122,3,14,235,1,0,0,Dermatológicos,0.5,Dermatológicos
3455,MED-4454,Analgésicos,Tecnoquímicas,Bogotá,Normal,Automático (ML),76377.49,64566.9,11810.59,0,77,230,15.04,1.76,492,1,14,80,1,0,1,Pediatría,0.5,Analgésicos
3456,MED-4455,Vitaminas,Pfizer,Cali,Alta (Invierno),Automático (ML),42697.16,27008.72,15688.44,176,64,168,30.74,7.88,897,0,3,329,0,0,1,Dermatológicos,0.5,Vitaminas
3457,MED-4456,Higiene Personal,Sanofi,Medellín,Promoción,Automático (ML),13238.39,11041.53,2196.86,347,59,377,33.59,6.59,974,2,8,170,1,0,1,Dermatológicos,0.25,Higiene Personal
3458,MED-4457,Cardiovasculares,La Santé,Barranquilla,Promoción,Proveedor Programado,44543.3,32756.29,11787.01,475,71,131,11.56,1.96,354,3,14,610,1,0,0,Cardiovasculares,0.75,Cardiovasculares
3459,MED-4458,Cardiovasculares,Novartis,Cartagena,Alta (Invierno),Manual,47060.88,37254.99,9805.89,400,49,393,34.87,1.03,1043,1,8,846,0,1,0,Gastrointestinales,0.25,Cardiovasculares
3460,MED-4459,Diabetes,Roche,Medellín,Promoción,Proveedor Programado,42700.13,29823.47,12876.66,64,20,254,3.56,9.7,93,4,1,314,0,0,1,Cardiovasculares,0.5,Diabetes
3461,MED-4460,Pediatría,MK,Medellín,Normal,Proveedor Programado,34754.43,26127.31,8627.12,277,71,125,12.46,9.55,404,3,7,267,0,1,0,Cardiovasculares,0.5,Pediatría
3462,MED-4461,Cardiovasculares,La Santé,Cartagena,Alta (Invierno),Automático (ML),44838.42,30076.5,14761.92,96,52,118,20.49,1.44,614,2,7,481,0,0,1,Antigripales,0.25,Cardiovasculares
3463,MED-4462,Analgésicos,Sanofi,Medellín,Normal,Manual,41128.49,33043.66,8084.83,289,22,158,8.9,3.84,255,0,14,630,1,0,0,Pediatría,0.5,Analgésicos
3464,MED-4463,Higiene Personal,MK,Cali,Promoción,Manual,35337.69,28020.34,7317.35,207,67,359,27.52,1.11,850,1,3,871,0,0,0,Pediatría,0.5,Higiene Personal
3465,MED-4464,Higiene Personal,Pfizer,Barranquilla,Promoción,Proveedor Programado,32635.91,21257.3,11378.61,19,41,284,3.58,7.46,128,1,13,576,0,1,1,Pediatría,0.5,Higiene Personal
3466,MED-4465,Diabetes,Novartis,Cartagena,Alta (Epidemia),Proveedor Programado,34721.76,22876.25,11845.51,472,34,128,15.19,2.83,447,2,4,373,1,1,1,Pediatría,0.5,Diabetes
3467,MED-4466,Pediatría,Roche,Bogotá,Alta (Epidemia),Manual,54348.24,37834.25,16513.99,367,68,425,4.3,0.59,97,1,7,546,0,0,1,Pediatría,0.5,Pediatría
3468,MED-4467,Antibióticos,Pfizer,Cali,Promoción,Automático (ML),33182.79,22520.33,10662.46,31,33,388,20.52,1.28,600,1,13,323,1,1,0,Pediatría,0.75,Pediatría
3469,MED-4468,Higiene Personal,Roche,Cartagena,Normal,Manual,72295.04,60200.21,12094.83,81,79,453,35.48,4.4,1070,3,7,241,1,0,1,Dermatológicos,0.5,Higiene Personal
3470,MED-4469,Antigripales,La Santé,Barranquilla,Alta (Invierno),Manual,48856.08,37210.07,11646.01,123,29,389,30.12,7.94,900,1,4,764,1,0,0,Pediatría,0.5,Antigripales
3471,MED-4470,Vitaminas,Roche,Barranquilla,Alta (Epidemia),Automático (ML),55391.14,36497.69,18893.45,321,22,180,25.31,5.29,774,1,2,523,1,0,1,Antigripales,0.25,Vitaminas
3472,MED-4471,Antibióticos,Sanofi,Cartagena,Alta (Epidemia),Proveedor Programado,79778.16,57816.38,21961.78,427,14,84,32.65,4.6,981,2,10,765,1,0,1,Pediatría,0.5,Antibióticos
3473,MED-4472,Higiene Personal,Novartis,Bogotá,Normal,Proveedor Programado,33569.08,22457.98,11111.1,419,33,307,21.15,3.54,657,2,13,637,0,0,1,Pediatría,0.75,Pediatría
3474,MED-4473,Higiene Personal,MK,Bogotá,Normal,Manual,30197.23,23074.82,7122.41,384,14,223,13.36,5.41,387,0,9,456,0,1,0,Pediatría,0.75,Pediatría
3475,MED-4474,Cardiovasculares,Abbott,Cali,Alta (Invierno),Proveedor Programado,20710.95,16355.6,4355.35,260,27,312,37.38,3.43,1127,1,6,424,0,0,1,Pediatría,0.5,Cardiovasculares
3476,MED-4475,Antigripales,Genfar,Barranquilla,Normal,Manual,57230.6,47621.74,9608.86,302,25,205,16.11,7.32,485,2,13,146,0,1,1,Dermatológicos,0.25,Antigripales
3477,MED-4476,Dermatológicos,Roche,Bogotá,Normal,Automático (ML),53798.05,38711.66,15086.39,336,21,71,24.72,9.94,759,1,9,316,0,0,1,Gastrointestinales,0.5,Dermatológicos
3478,MED-4477,Vitaminas,Roche,Cali,Alta (Epidemia),Automático (ML),71733.66,53429.99,18303.67,28,45,198,3.97,5.78,93,2,14,208,1,0,1,Dermatológicos,0.25,Vitaminas
3479,MED-4478,Cardiovasculares,Genfar,Cartagena,Normal,Manual,26167.43,19732.45,6434.98,467,11,323,27.51,5.23,842,2,14,825,1,1,0,Pediatría,0.5,Cardiovasculares
3480,MED-4479,Pediatría,MK,Medellín,Alta (Epidemia),Automático (ML),6940.3,5640.82,1299.48,77,45,222,13.69,1.53,400,4,13,841,0,1,1,Pediatría,0.75,Pediatría
3481,MED-4480,Antibióticos,Roche,Medellín,Alta (Epidemia),Proveedor Programado,7723.67,5249.09,2474.58,392,26,167,1.57,4.72,76,1,13,842,0,1,1,Pediatría,0.75,Pediatría
3482,MED-4481,Cardiovasculares,MK,Bogotá,Alta (Invierno),Proveedor Programado,79287.81,61821.0,17466.81,247,36,172,39.19,7.92,1153,1,2,615,0,1,0,Antigripales,0.25,Cardiovasculares
3483,MED-4482,Antibióticos,Novartis,Barranquilla,Alta (Invierno),Proveedor Programado,73556.17,47865.31,25690.86,82,25,366,21.35,5.97,670,0,3,748,1,1,1,Pediatría,0.5,Antibióticos
3484,MED-4483,Antibióticos,Genfar,Cartagena,Alta (Epidemia),Automático (ML),33532.76,28149.29,5383.47,304,10,388,38.26,5.11,1144,0,4,507,0,0,1,Pediatría,0.5,Antibióticos
3485,MED-4484,Cardiovasculares,Genfar,Bogotá,Alta (Invierno),Manual,36172.53,27820.21,8352.32,482,61,164,33.31,6.11,995,4,12,140,1,1,1,Pediatría,0.5,Cardiovasculares
3486,MED-4485,Pediatría,Bayer,Cartagena,Promoción,Proveedor Programado,43931.98,29830.37,14101.61,118,18,244,19.53,1.12,571,0,2,362,1,1,1,Dermatológicos,0.5,Pediatría
3487,MED-4486,Vitaminas,Tecnoquímicas,Bogotá,Alta (Invierno),Proveedor Programado,26066.28,16466.6,9599.68,169,50,147,6.79,4.68,161,2,11,805,0,1,1,Pediatría,0.5,Vitaminas
3488,MED-4487,Antigripales,La Santé,Bogotá,Promoción,Automático (ML),75722.47,50273.71,25448.76,250,67,341,7.33,5.0,223,5,1,529,0,0,0,Pediatría,0.75,Pediatría
3489,MED-4488,Antigripales,Roche,Barranquilla,Alta (Invierno),Automático (ML),55251.73,41644.38,13607.35,105,64,357,9.69,5.91,289,4,1,766,1,0,1,Pediatría,0.75,Pediatría
3490,MED-4489,Vitaminas,Pfizer,Barranquilla,Alta (Invierno),Proveedor Programado,43544.21,29323.03,14221.18,180,64,461,32.05,4.83,972,3,1,304,1,0,0,Cardiovasculares,0.5,Vitaminas
3491,MED-4490,Dermatológicos,MK,Medellín,Alta (Invierno),Proveedor Programado,49332.11,38136.36,11195.75,251,35,294,9.89,2.74,311,3,5,703,1,0,0,Cardiovasculares,0.5,Dermatológicos
3492,MED-4491,Analgésicos,Sanofi,Medellín,Alta (Invierno),Proveedor Programado,18724.59,11699.28,7025.31,104,68,175,11.21,4.49,337,1,1,85,0,1,1,Pediatría,0.5,Analgésicos
3493,MED-4492,Dermatológicos,Bayer,Bogotá,Normal,Proveedor Programado,21240.0,17621.4,3618.6,306,58,131,25.94,4.14,773,1,6,710,1,1,1,Pediatría,0.5,Dermatológicos
3494,MED-4493,Vitaminas,Tecnoquímicas,Cartagena,Alta (Epidemia),Manual,34550.4,25691.44,8858.96,482,46,436,38.24,4.91,1151,1,2,190,0,0,1,Dermatológicos,0.25,Vitaminas
3495,MED-4494,Antigripales,La Santé,Bogotá,Alta (Epidemia),Automático (ML),64803.34,47192.6,17610.74,391,63,201,39.58,5.61,1180,2,1,665,1,1,0,Antigripales,0.25,Antigripales
3496,MED-4495,Antibióticos,Novartis,Barranquilla,Normal,Automático (ML),6251.64,4756.57,1495.07,173,76,299,9.17,2.18,261,0,9,466,1,1,0,Pediatría,0.75,Pediatría
3497,MED-4496,Pediatría,Roche,Cali,Normal,Automático (ML),34903.14,25547.07,9356.07,163,22,91,17.1,0.69,514,2,4,778,1,1,0,Pediatría,0.75,Pediatría
3498,MED-4497,Pediatría,Novartis,Cartagena,Normal,Manual,28575.12,22104.52,6470.6,336,72,369,15.05,2.34,483,2,14,489,1,0,1,Pediatría,0.75,Pediatría
3499,MED-4498,Dermatológicos,MK,Cali,Alta (Epidemia),Manual,59793.27,37711.92,22081.35,72,41,269,21.13,8.76,643,0,3,97,0,0,1,Antigripales,0.25,Dermatológicos
3500,MED-4499,Antibióticos,Pfizer,Bogotá,Alta (Invierno),Automático (ML),42205.12,32780.17,9424.95,29,35,294,17.34,8.05,525,0,1,803,1,1,1,Antigripales,0.25,Antibióticos
3501,MED-4500,Vitaminas,Roche,Cartagena,Alta (Invierno),Manual,17275.77,11276.5,5999.27,380,14,258,23.13,1.91,673,1,2,198,0,0,1,Pediatría,0.5,Vitaminas
3502,MED-4501,Cardiovasculares,Sanofi,Barranquilla,Promoción,Proveedor Programado,52627.18,38104.14,14523.04,217,50,267,19.88,9.54,588,2,8,763,0,0,1,Pediatría,0.75,Pediatría
3503,MED-4502,Antigripales,Genfar,Cartagena,Promoción,Manual,16497.83,13532.43,2965.4,470,28,373,14.89,8.89,497,2,3,371,1,0,0,Pediatría,0.5,Antigripales
3504,MED-4503,Higiene Personal,Genfar,Cartagena,Normal,Proveedor Programado,22775.0,18544.23,4230.77,106,66,269,28.85,4.14,829,0,6,795,0,1,0,Dermatológicos,0.5,Higiene Personal
3505,MED-4504,Dermatológicos,MK,Cali,Normal,Automático (ML),48808.82,36772.18,12036.64,235,78,338,7.52,7.01,186,3,10,448,1,0,0,Pediatría,0.75,Pediatría
3506,MED-4505,Dermatológicos,Sanofi,Medellín,Alta (Invierno),Automático (ML),27888.23,20134.9,7753.33,456,29,286,20.3,8.29,597,2,10,283,0,0,1,Pediatría,0.75,Pediatría
3507,MED-4506,Antigripales,Abbott,Cali,Normal,Proveedor Programado,65008.1,40094.28,24913.82,381,75,452,24.73,0.85,717,2,1,153,1,1,1,Pediatría,0.5,Antigripales
3508,MED-4507,Analgésicos,Novartis,Barranquilla,Alta (Epidemia),Automático (ML),36470.34,27041.83,9428.51,380,59,228,34.32,9.73,1012,5,1,499,0,1,0,Pediatría,0.75,Pediatría
3509,MED-4508,Higiene Personal,MK,Barranquilla,Alta (Invierno),Proveedor Programado,8842.59,5567.59,3275.0,79,61,377,4.91,9.34,153,0,12,519,1,1,0,Pediatría,0.5,Higiene Personal
3510,MED-4509,Diabetes,Tecnoquímicas,Medellín,Alta (Epidemia),Manual,4682.25,3434.89,1247.36,301,45,243,13.09,4.17,400,2,2,709,1,0,1,Pediatría,1.0,Pediatría
3511,MED-4510,Pediatría,Tecnoquímicas,Barranquilla,Normal,Manual,60527.27,43246.97,17280.3,292,71,122,23.83,5.15,739,0,8,737,1,1,1,Gastrointestinales,0.25,Pediatría
3512,MED-4511,Gastrointestinales,Genfar,Cali,Normal,Automático (ML),76662.3,63504.87,13157.43,477,23,222,16.84,7.71,541,2,12,299,1,1,0,Gastrointestinales,0.5,Gastrointestinales
3513,MED-4512,Dermatológicos,Abbott,Bogotá,Alta (Invierno),Manual,26579.38,17330.27,9249.11,169,53,363,4.17,2.93,126,1,12,490,0,1,1,Pediatría,0.5,Dermatológicos
3514,MED-4513,Vitaminas,Novartis,Cartagena,Promoción,Manual,60750.86,40490.16,20260.7,385,12,232,23.39,9.62,677,1,13,540,1,1,1,Gastrointestinales,0.5,Vitaminas
3515,MED-4514,Cardiovasculares,Novartis,Barranquilla,Promoción,Automático (ML),59690.32,47462.39,12227.93,31,31,425,33.95,1.84,992,0,9,562,1,1,0,Antigripales,0.25,Cardiovasculares
3516,MED-4515,Cardiovasculares,Pfizer,Barranquilla,Normal,Automático (ML),58248.11,36075.21,22172.9,487,61,431,7.05,3.46,256,2,8,636,0,0,1,Pediatría,0.75,Pediatría
3517,MED-4516,Pediatría,Abbott,Bogotá,Normal,Manual,25407.77,17707.26,7700.51,277,72,415,12.22,3.12,367,2,12,187,0,1,1,Pediatría,1.0,Pediatría
3518,MED-4517,Antibióticos,La Santé,Barranquilla,Promoción,Automático (ML),30423.56,19776.52,10647.04,68,56,169,36.37,9.99,1070,1,5,870,1,1,1,Dermatológicos,0.5,Antibióticos
3519,MED-4518,Analgésicos,La Santé,Bogotá,Promoción,Manual,25008.51,17327.86,7680.65,91,53,329,37.45,9.58,1136,0,7,491,0,1,1,Dermatológicos,0.5,Analgésicos
3520,MED-4519,Dermatológicos,Tecnoquímicas,Cartagena,Alta (Invierno),Manual,73333.02,57850.73,15482.29,221,64,125,6.19,1.74,184,2,10,294,1,0,1,Dermatológicos,0.25,Dermatológicos
3521,MED-4520,Pediatría,Sanofi,Cartagena,Alta (Epidemia),Manual,67592.7,45698.25,21894.45,374,77,179,22.02,2.65,658,4,9,323,1,1,0,Pediatría,0.5,Pediatría
3522,MED-4521,Gastrointestinales,Sanofi,Barranquilla,Alta (Invierno),Automático (ML),71398.58,59741.97,11656.61,176,78,160,24.57,6.61,718,2,7,675,1,1,0,Cardiovasculares,0.5,Gastrointestinales
3523,MED-4522,Vitaminas,Tecnoquímicas,Medellín,Promoción,Manual,40279.22,27421.56,12857.66,470,66,346,25.41,1.27,759,5,5,169,1,0,1,Pediatría,0.75,Pediatría
3524,MED-4523,Diabetes,Pfizer,Cali,Normal,Manual,4907.38,3837.94,1069.44,383,57,273,14.25,5.43,458,0,1,659,1,0,0,Pediatría,0.5,Diabetes
3525,MED-4524,Higiene Personal,La Santé,Barranquilla,Promoción,Proveedor Programado,71315.3,58591.99,12723.31,85,58,341,17.0,7.13,503,0,12,617,0,1,1,Pediatría,0.5,Higiene Personal
3526,MED-4525,Higiene Personal,Pfizer,Barranquilla,Alta (Invierno),Proveedor Programado,54865.15,40903.27,13961.88,99,32,153,11.17,7.58,319,0,7,101,1,0,1,Dermatológicos,0.25,Higiene Personal
3527,MED-4526,Higiene Personal,Bayer,Barranquilla,Alta (Invierno),Automático (ML),72887.23,53683.95,19203.28,152,43,370,21.68,3.05,640,0,14,125,1,0,0,Gastrointestinales,0.25,Higiene Personal
3528,MED-4527,Antibióticos,Bayer,Bogotá,Alta (Invierno),Automático (ML),11974.09,9815.7,2158.39,315,27,177,37.91,8.86,1123,7,5,158,1,1,0,Pediatría,0.75,Pediatría
3529,MED-4528,Pediatría,Genfar,Bogotá,Alta (Epidemia),Proveedor Programado,74546.43,54383.24,20163.19,157,22,277,17.47,0.75,535,0,11,202,1,0,1,Diabetes,0.5,Pediatría
3530,MED-4529,Diabetes,La Santé,Cartagena,Promoción,Automático (ML),11544.41,8662.46,2881.95,200,65,265,23.68,4.07,709,3,8,566,0,0,1,Pediatría,0.75,Pediatría
3531,MED-4530,Gastrointestinales,Sanofi,Medellín,Normal,Manual,20667.36,17342.12,3325.24,193,12,93,5.39,7.34,175,2,4,132,1,0,1,Pediatría,0.75,Pediatría
3532,MED-4531,Dermatológicos,Tecnoquímicas,Medellín,Alta (Epidemia),Automático (ML),18787.43,14904.81,3882.62,95,41,420,12.21,0.62,354,2,9,787,1,0,0,Pediatría,1.0,Pediatría
3533,MED-4532,Antibióticos,Novartis,Bogotá,Alta (Invierno),Manual,13324.15,10199.4,3124.75,317,41,219,15.97,6.24,499,1,14,291,0,1,1,Pediatría,0.5,Antibióticos
3534,MED-4533,Cardiovasculares,Pfizer,Barranquilla,Normal,Automático (ML),17278.84,12042.85,5235.99,92,12,379,10.45,3.05,294,0,13,532,0,0,1,Pediatría,1.0,Pediatría
3535,MED-4534,Dermatológicos,Tecnoquímicas,Cali,Promoción,Automático (ML),49721.05,33464.64,16256.41,31,50,387,38.95,5.11,1151,1,8,211,1,0,1,Antigripales,0.25,Dermatológicos
3536,MED-4535,Vitaminas,Sanofi,Medellín,Promoción,Automático (ML),36311.39,21801.28,14510.11,212,54,405,12.37,3.57,393,4,9,354,1,0,1,Pediatría,0.75,Pediatría
3537,MED-4536,Diabetes,Tecnoquímicas,Barranquilla,Alta (Epidemia),Proveedor Programado,53384.55,36494.26,16890.29,426,71,291,3.38,1.82,91,1,1,362,1,1,0,Pediatría,0.5,Diabetes
3538,MED-4537,Dermatológicos,Novartis,Cali,Alta (Invierno),Proveedor Programado,32796.94,20046.15,12750.79,315,10,199,7.01,3.98,222,3,11,262,1,0,1,Pediatría,0.5,Dermatológicos
3539,MED-4538,Diabetes,Tecnoquímicas,Bogotá,Alta (Invierno),Automático (ML),74639.06,47264.53,27374.53,272,62,317,8.82,3.21,272,1,4,720,1,1,1,Pediatría,0.75,Pediatría
3540,MED-4539,Higiene Personal,Abbott,Cali,Normal,Automático (ML),3704.44,2852.89,851.55,427,22,207,34.71,1.38,1084,1,10,308,0,0,1,Pediatría,0.5,Higiene Personal
3541,MED-4540,Cardiovasculares,Abbott,Cali,Normal,Automático (ML),79345.61,67127.42,12218.19,316,55,364,4.04,6.83,106,1,9,32,1,1,0,Pediatría,0.5,Cardiovasculares
3542,MED-4541,Dermatológicos,Pfizer,Bogotá,Alta (Epidemia),Automático (ML),40093.48,27928.77,12164.71,0,65,365,30.43,5.17,924,1,13,559,0,0,0,Dermatológicos,0.5,Dermatológicos
3543,MED-4542,Pediatría,Roche,Bogotá,Normal,Proveedor Programado,49726.33,37451.38,12274.95,484,10,337,13.71,9.88,413,3,3,636,0,1,0,Pediatría,0.5,Pediatría
3544,MED-4543,Cardiovasculares,La Santé,Barranquilla,Alta (Epidemia),Proveedor Programado,8833.35,7023.73,1809.62,237,41,353,14.03,6.56,427,0,1,626,0,0,1,Pediatría,0.75,Pediatría
3545,MED-4544,Dermatológicos,La Santé,Medellín,Alta (Epidemia),Proveedor Programado,32615.3,24495.26,8120.04,318,11,345,5.05,0.76,149,0,4,323,1,1,0,Pediatría,0.5,Dermatológicos
3546,MED-4545,Gastrointestinales,MK,Medellín,Alta (Invierno),Automático (ML),50653.42,34107.61,16545.81,259,14,365,33.34,0.69,1011,1,6,649,1,0,0,Antigripales,0.25,Gastrointestinales
3547,MED-4546,Analgésicos,Tecnoquímicas,Barranquilla,Normal,Proveedor Programado,17399.78,11789.45,5610.33,476,58,224,8.81,2.66,266,1,3,403,0,0,0,Pediatría,0.5,Analgésicos
3548,MED-4547,Antigripales,Tecnoquímicas,Cartagena,Alta (Epidemia),Automático (ML),32997.45,26215.72,6781.73,22,25,332,14.16,2.87,447,1,7,411,0,0,1,Pediatría,0.5,Antigripales
3549,MED-4548,Gastrointestinales,Pfizer,Bogotá,Normal,Proveedor Programado,75972.81,52456.43,23516.38,287,62,180,24.41,6.04,725,4,6,362,1,0,1,Pediatría,0.5,Gastrointestinales
3550,MED-4549,Dermatológicos,Sanofi,Barranquilla,Normal,Automático (ML),61239.04,50183.25,11055.79,6,18,153,14.95,7.37,452,2,6,216,1,1,1,Dermatológicos,0.5,Dermatológicos
3551,MED-4550,Cardiovasculares,Pfizer,Cartagena,Promoción,Proveedor Programado,8864.92,7134.31,1730.61,314,30,125,39.34,1.46,1140,3,7,768,1,0,1,Pediatría,0.5,Cardiovasculares
3552,MED-4551,Diabetes,Roche,Barranquilla,Promoción,Proveedor Programado,31706.68,22833.1,8873.58,299,73,371,39.12,4.1,1223,0,14,427,1,0,0,Dermatológicos,0.25,Diabetes
3553,MED-4552,Gastrointestinales,MK,Cali,Promoción,Automático (ML),20182.18,13547.15,6635.03,142,73,129,33.85,8.66,1010,1,3,68,1,0,0,Pediatría,0.5,Gastrointestinales
3554,MED-4553,Dermatológicos,MK,Medellín,Alta (Invierno),Manual,53225.84,37282.08,15943.76,165,55,113,28.27,9.26,816,3,11,626,0,0,1,Pediatría,0.5,Dermatológicos
3555,MED-4554,Cardiovasculares,Tecnoquímicas,Bogotá,Alta (Epidemia),Automático (ML),65986.64,53548.72,12437.92,240,32,144,22.51,5.4,697,4,1,238,1,0,1,Pediatría,0.5,Cardiovasculares
3556,MED-4555,Vitaminas,MK,Bogotá,Alta (Epidemia),Manual,39642.49,26814.81,12827.68,7,12,97,6.08,3.95,176,1,13,737,1,0,0,Pediatría,0.5,Vitaminas
3557,MED-4556,Antibióticos,Novartis,Barranquilla,Promoción,Manual,22903.06,14581.12,8321.94,145,14,81,14.89,2.45,423,1,14,91,1,1,1,Pediatría,0.5,Antibióticos
3558,MED-4557,Diabetes,Genfar,Medellín,Normal,Automático (ML),54032.55,40732.72,13299.83,40,63,129,9.26,4.99,284,1,7,725,1,1,0,Pediatría,0.5,Diabetes
3559,MED-4558,Dermatológicos,Abbott,Cali,Alta (Epidemia),Manual,3300.23,2775.78,524.45,421,15,271,20.29,8.34,588,2,13,617,0,0,1,Pediatría,1.0,Pediatría
3560,MED-4559,Pediatría,Tecnoquímicas,Cali,Normal,Manual,56841.83,34171.74,22670.09,17,38,389,11.31,1.65,342,2,9,679,0,0,1,Pediatría,0.75,Pediatría
3561,MED-4560,Antigripales,La Santé,Bogotá,Promoción,Automático (ML),21823.7,13337.67,8486.03,95,27,410,33.03,5.75,951,0,3,474,1,1,1,Pediatría,1.0,Pediatría
3562,MED-4561,Dermatológicos,Pfizer,Medellín,Normal,Manual,71869.07,45647.42,26221.65,233,13,292,32.59,3.91,951,1,8,346,1,0,0,Gastrointestinales,0.25,Dermatológicos
3563,MED-4562,Analgésicos,MK,Cali,Alta (Epidemia),Manual,75865.34,60633.04,15232.3,338,29,374,16.55,8.51,491,2,8,215,1,1,1,Cardiovasculares,0.5,Analgésicos
3564,MED-4563,Higiene Personal,Pfizer,Cali,Alta (Invierno),Proveedor Programado,19086.56,15044.41,4042.15,10,28,425,25.61,6.25,737,3,3,495,1,0,0,Cardiovasculares,0.5,Higiene Personal
3565,MED-4564,Diabetes,Novartis,Cartagena,Alta (Epidemia),Automático (ML),11895.18,7285.5,4609.68,247,20,200,36.81,6.09,1086,2,2,699,0,1,0,Pediatría,0.5,Diabetes
3566,MED-4565,Vitaminas,Novartis,Barranquilla,Alta (Epidemia),Automático (ML),4078.5,3307.22,771.28,56,23,279,25.77,9.63,784,1,9,107,0,1,1,Pediatría,0.75,Pediatría
3567,MED-4566,Gastrointestinales,Roche,Medellín,Alta (Invierno),Proveedor Programado,21853.43,15000.93,6852.5,223,47,422,5.58,4.42,212,1,9,821,0,0,0,Pediatría,0.75,Pediatría
3568,MED-4567,Dermatológicos,Novartis,Cartagena,Normal,Proveedor Programado,9849.95,5996.31,3853.64,170,75,153,15.32,4.78,465,1,12,646,0,0,0,Pediatría,0.5,Dermatológicos
3569,MED-4568,Higiene Personal,Pfizer,Cali,Promoción,Manual,46361.64,32847.25,13514.39,291,25,310,39.02,5.52,1164,4,13,360,1,0,0,Pediatría,1.0,Pediatría
3570,MED-4569,Dermatológicos,MK,Bogotá,Alta (Epidemia),Proveedor Programado,7793.28,4937.08,2856.2,438,33,159,30.8,9.63,948,3,4,196,1,0,0,Pediatría,0.5,Dermatológicos
3571,MED-4570,Pediatría,Pfizer,Medellín,Normal,Proveedor Programado,41158.81,34413.87,6744.94,394,23,330,10.82,2.26,302,0,2,891,1,0,1,Pediatría,0.75,Pediatría
3572,MED-4571,Antigripales,Tecnoquímicas,Bogotá,Normal,Automático (ML),23840.58,19737.09,4103.49,431,75,267,33.95,2.71,1003,1,11,437,1,0,0,Dermatológicos,0.25,Antigripales
3573,MED-4572,Antigripales,Pfizer,Cali,Alta (Epidemia),Automático (ML),33185.38,25845.91,7339.47,276,61,374,2.66,8.16,71,4,6,495,0,0,0,Cardiovasculares,0.5,Antigripales
3574,MED-4573,Gastrointestinales,Genfar,Bogotá,Alta (Invierno),Manual,44507.77,34767.55,9740.22,118,35,286,30.13,7.51,888,2,4,123,1,1,0,Pediatría,0.5,Gastrointestinales
3575,MED-4574,Diabetes,Abbott,Cartagena,Normal,Proveedor Programado,41298.87,33636.64,7662.23,63,60,371,37.19,2.77,1129,1,2,626,0,0,1,Antigripales,0.25,Diabetes
3576,MED-4575,Gastrointestinales,Roche,Cartagena,Alta (Epidemia),Proveedor Programado,59530.0,40213.62,19316.38,93,60,335,9.53,2.62,282,1,7,102,1,1,1,Pediatría,0.5,Gastrointestinales
3577,MED-4576,Cardiovasculares,Sanofi,Medellín,Alta (Epidemia),Automático (ML),75589.66,47480.99,28108.67,381,25,200,24.24,4.05,729,0,12,380,1,0,0,Gastrointestinales,0.25,Cardiovasculares
3578,MED-4577,Pediatría,Roche,Bogotá,Alta (Invierno),Automático (ML),40816.82,26371.94,14444.88,105,15,145,28.45,1.26,864,0,13,377,1,1,0,Pediatría,0.75,Pediatría
3579,MED-4578,Analgésicos,Sanofi,Cali,Normal,Proveedor Programado,53870.54,44671.64,9198.9,61,66,349,38.66,1.45,1148,0,4,360,0,0,1,Antigripales,0.25,Analgésicos
3580,MED-4579,Antibióticos,Sanofi,Barranquilla,Normal,Manual,15053.34,11411.26,3642.08,9,55,194,8.38,7.23,238,4,11,290,0,0,0,Cardiovasculares,0.75,Cardiovasculares
3581,MED-4580,Dermatológicos,MK,Bogotá,Promoción,Proveedor Programado,4035.77,2935.47,1100.3,313,29,423,26.29,3.48,795,2,1,127,0,1,0,Pediatría,0.5,Dermatológicos
3582,MED-4581,Vitaminas,Pfizer,Barranquilla,Alta (Epidemia),Proveedor Programado,6993.84,4715.81,2278.03,353,28,124,12.18,2.22,360,2,8,830,1,0,1,Pediatría,0.75,Pediatría
3583,MED-4582,Pediatría,Roche,Barranquilla,Alta (Invierno),Manual,71662.51,54285.68,17376.83,298,77,152,19.06,7.93,562,0,4,70,0,1,1,Antigripales,0.25,Pediatría
3584,MED-4583,Pediatría,Pfizer,Bogotá,Normal,Automático (ML),72567.29,44797.54,27769.75,381,52,317,5.56,3.96,134,4,11,330,0,0,1,Pediatría,0.5,Pediatría
3585,MED-4584,Diabetes,MK,Medellín,Promoción,Manual,8700.18,6516.49,2183.69,246,18,91,28.14,2.52,837,0,4,61,0,0,0,Pediatría,0.75,Pediatría
3586,MED-4585,Analgésicos,Bayer,Barranquilla,Alta (Epidemia),Proveedor Programado,50620.87,36417.13,14203.74,157,72,392,21.69,6.74,624,0,2,512,1,1,0,Dermatológicos,0.5,Analgésicos
3587,MED-4586,Dermatológicos,Genfar,Cartagena,Promoción,Manual,22807.17,18479.68,4327.49,341,65,354,8.12,0.57,246,3,8,835,0,1,0,Pediatría,0.75,Pediatría
3588,MED-4587,Dermatológicos,La Santé,Medellín,Normal,Automático (ML),22249.83,16696.2,5553.63,182,65,156,6.57,4.23,208,3,5,623,0,0,1,Cardiovasculares,0.5,Dermatológicos
3589,MED-4588,Analgésicos,Sanofi,Bogotá,Alta (Epidemia),Proveedor Programado,11239.24,7964.17,3275.07,383,50,285,31.26,2.03,946,1,6,503,0,0,0,Pediatría,0.5,Analgésicos
3590,MED-4589,Dermatológicos,Bayer,Barranquilla,Alta (Epidemia),Automático (ML),61414.4,45883.17,15531.23,10,37,131,16.82,2.4,509,1,1,188,1,1,1,Dermatológicos,0.5,Dermatológicos
3591,MED-4590,Cardiovasculares,Roche,Cali,Normal,Proveedor Programado,13412.18,8878.43,4533.75,491,25,414,5.93,5.11,189,4,2,486,0,1,0,Pediatría,0.75,Pediatría
3592,MED-4591,Higiene Personal,Roche,Cartagena,Alta (Epidemia),Automático (ML),73085.2,55545.21,17539.99,328,59,171,31.51,4.6,944,4,11,728,1,1,0,Pediatría,0.5,Higiene Personal
3593,MED-4592,Analgésicos,Pfizer,Barranquilla,Alta (Epidemia),Proveedor Programado,79327.76,52436.05,26891.71,109,72,169,20.61,2.95,616,3,2,781,1,1,0,Pediatría,0.5,Analgésicos
3594,MED-4593,Antigripales,Novartis,Cartagena,Promoción,Proveedor Programado,8461.42,5114.38,3347.04,487,73,432,27.6,2.74,823,2,6,48,1,1,1,Dermatológicos,0.25,Antigripales
3595,MED-4594,Cardiovasculares,Roche,Cartagena,Alta (Invierno),Manual,21719.34,14449.58,7269.76,287,45,246,31.95,6.54,982,2,5,811,0,1,0,Pediatría,0.5,Cardiovasculares
3596,MED-4595,Cardiovasculares,MK,Medellín,Normal,Manual,27933.98,23735.68,4198.3,328,63,339,6.3,2.77,176,0,10,585,0,0,1,Pediatría,0.5,Cardiovasculares
3597,MED-4596,Analgésicos,Tecnoquímicas,Barranquilla,Alta (Epidemia),Proveedor Programado,77885.55,46828.66,31056.89,436,10,65,37.42,1.87,1116,2,11,175,1,0,0,Gastrointestinales,0.5,Analgésicos
3598,MED-4597,Antigripales,Novartis,Bogotá,Alta (Invierno),Automático (ML),11936.21,7359.98,4576.23,449,35,374,28.02,7.8,824,1,1,56,0,1,1,Pediatría,0.5,Antigripales
3599,MED-4598,Antigripales,Novartis,Medellín,Alta (Epidemia),Automático (ML),32059.99,20129.35,11930.64,483,59,386,5.13,0.77,140,1,9,192,0,0,1,Pediatría,0.75,Pediatría
3600,MED-4599,Diabetes,Roche,Bogotá,Alta (Epidemia),Manual,15159.6,10276.13,4883.47,264,70,171,26.6,1.58,820,0,6,162,1,1,0,Dermatológicos,0.25,Diabetes
3601,MED-4600,Higiene Personal,Genfar,Cartagena,Alta (Epidemia),Manual,73087.93,54899.25,18188.68,402,75,425,25.42,6.39,768,1,1,403,1,1,0,Antigripales,0.25,Higiene Personal
3602,MED-4601,Analgésicos,Roche,Cali,Alta (Invierno),Manual,30214.13,19210.13,11004.0,125,26,402,4.3,8.36,113,2,3,561,1,1,0,Pediatría,0.5,Analgésicos
3603,MED-4602,Higiene Personal,Tecnoquímicas,Cartagena,Promoción,Proveedor Programado,77621.65,53345.9,24275.75,353,25,353,1.16,3.46,47,3,7,773,1,1,1,Dermatológicos,0.5,Higiene Personal
3604,MED-4603,Vitaminas,Roche,Medellín,Alta (Epidemia),Proveedor Programado,19288.56,11874.64,7413.92,422,14,159,34.17,2.91,1021,1,5,344,0,0,0,Pediatría,0.5,Vitaminas
3605,MED-4604,Higiene Personal,Bayer,Bogotá,Alta (Invierno),Manual,42492.8,27029.45,15463.35,365,79,454,34.13,3.68,1044,0,10,118,0,1,0,Dermatológicos,0.5,Higiene Personal
3606,MED-4605,Analgésicos,Sanofi,Cartagena,Alta (Epidemia),Automático (ML),28223.0,21542.36,6680.64,381,51,332,13.95,8.3,416,0,7,672,1,1,1,Pediatría,0.75,Pediatría
3607,MED-4606,Cardiovasculares,Abbott,Cartagena,Normal,Proveedor Programado,46834.85,29333.88,17500.97,392,66,378,1.57,7.88,49,1,6,215,1,1,1,Pediatría,0.5,Cardiovasculares
3608,MED-4607,Higiene Personal,Genfar,Barranquilla,Alta (Epidemia),Proveedor Programado,46189.45,34170.36,12019.09,141,64,197,13.61,1.62,407,1,14,347,1,1,1,Pediatría,0.5,Higiene Personal
3609,MED-4608,Gastrointestinales,MK,Bogotá,Alta (Invierno),Automático (ML),26016.23,16226.44,9789.79,2,16,391,8.94,2.8,279,3,6,296,0,0,1,Cardiovasculares,0.5,Gastrointestinales
3610,MED-4609,Gastrointestinales,La Santé,Cali,Alta (Invierno),Proveedor Programado,35946.34,25460.89,10485.45,412,21,238,32.82,1.56,979,2,12,67,1,1,1,Pediatría,0.75,Pediatría
3611,MED-4610,Dermatológicos,Pfizer,Bogotá,Alta (Epidemia),Proveedor Programado,42685.26,28397.53,14287.73,370,60,247,34.02,8.95,1001,1,14,76,1,0,1,Gastrointestinales,0.25,Dermatológicos
3612,MED-4611,Diabetes,La Santé,Bogotá,Normal,Proveedor Programado,66055.71,41410.55,24645.16,420,12,70,24.46,5.43,728,0,8,683,1,1,1,Dermatológicos,0.25,Diabetes
3613,MED-4612,Gastrointestinales,Genfar,Cali,Promoción,Automático (ML),42818.25,28149.43,14668.82,371,56,132,38.83,1.05,1193,0,2,285,1,0,1,Antigripales,0.25,Gastrointestinales
3614,MED-4613,Cardiovasculares,Tecnoquímicas,Bogotá,Promoción,Automático (ML),36942.21,24933.33,12008.88,319,73,393,27.84,6.53,838,0,7,422,1,0,0,Dermatológicos,0.5,Cardiovasculares
3615,MED-4614,Analgésicos,Roche,Medellín,Alta (Epidemia),Proveedor Programado,39456.77,27167.35,12289.42,22,65,417,19.08,9.46,578,2,4,793,0,0,0,Cardiovasculares,0.5,Analgésicos
3616,MED-4615,Cardiovasculares,Genfar,Bogotá,Normal,Proveedor Programado,77321.71,52841.91,24479.8,266,36,332,20.09,4.44,615,0,13,70,1,1,0,Gastrointestinales,0.5,Cardiovasculares
3617,MED-4616,Vitaminas,Tecnoquímicas,Medellín,Alta (Invierno),Proveedor Programado,32904.47,25867.4,7037.07,307,52,287,9.56,7.84,269,0,13,700,1,0,1,Pediatría,0.75,Pediatría
3618,MED-4617,Pediatría,MK,Barranquilla,Promoción,Automático (ML),68717.16,49609.01,19108.15,471,33,403,26.55,7.44,826,1,2,311,0,1,1,Pediatría,0.5,Pediatría
3619,MED-4618,Analgésicos,Pfizer,Cartagena,Normal,Automático (ML),21721.95,17936.37,3785.58,156,18,401,15.8,8.92,470,0,2,792,0,0,0,Pediatría,0.5,Analgésicos
3620,MED-4619,Dermatológicos,Novartis,Bogotá,Normal,Automático (ML),54688.49,45632.63,9055.86,441,58,359,9.28,3.28,277,1,11,852,0,1,0,Pediatría,0.75,Pediatría
3621,MED-4620,Gastrointestinales,Novartis,Barranquilla,Promoción,Proveedor Programado,71546.88,48585.78,22961.1,196,18,262,29.15,6.62,882,0,14,665,1,0,1,Gastrointestinales,0.75,Gastrointestinales
3622,MED-4621,Gastrointestinales,Tecnoquímicas,Cali,Promoción,Manual,16466.09,13876.57,2589.52,425,48,168,37.8,9.8,1131,4,5,403,1,0,0,Pediatría,0.75,Pediatría
3623,MED-4622,Cardiovasculares,Bayer,Cartagena,Promoción,Automático (ML),22755.39,13796.06,8959.33,493,75,317,12.42,1.76,374,2,4,831,1,1,0,Pediatría,0.75,Pediatría
3624,MED-4623,Diabetes,MK,Bogotá,Alta (Epidemia),Proveedor Programado,24354.82,19743.03,4611.79,86,60,235,35.73,0.96,1032,0,11,565,0,1,1,Dermatológicos,0.5,Diabetes
3625,MED-4624,Pediatría,Roche,Bogotá,Normal,Proveedor Programado,17925.54,12052.61,5872.93,153,63,412,7.68,4.66,213,1,4,543,0,1,1,Pediatría,0.75,Pediatría
3626,MED-4625,Diabetes,MK,Cartagena,Alta (Epidemia),Proveedor Programado,34475.0,22295.24,12179.76,8,11,298,31.96,5.38,937,2,10,112,0,0,0,Pediatría,0.75,Pediatría
3627,MED-4626,Gastrointestinales,La Santé,Medellín,Alta (Invierno),Manual,42689.56,28097.3,14592.26,82,19,287,17.41,5.39,512,1,3,52,1,1,1,Dermatológicos,0.5,Gastrointestinales
3628,MED-4627,Gastrointestinales,Novartis,Medellín,Normal,Manual,79432.52,62527.33,16905.19,294,53,110,14.0,6.6,425,4,1,182,1,0,1,Cardiovasculares,0.5,Gastrointestinales
3629,MED-4628,Dermatológicos,Genfar,Cartagena,Alta (Epidemia),Automático (ML),11540.32,7156.23,4384.09,129,34,163,35.91,8.74,1069,1,9,108,1,1,1,Pediatría,0.75,Pediatría
3630,MED-4629,Cardiovasculares,Bayer,Barranquilla,Normal,Automático (ML),9628.24,8001.18,1627.06,10,60,116,9.04,4.78,285,1,14,541,1,0,0,Pediatría,0.5,Cardiovasculares
3631,MED-4630,Pediatría,Novartis,Bogotá,Promoción,Automático (ML),73871.3,61474.43,12396.87,91,65,346,36.91,7.97,1104,0,8,146,1,1,0,Dermatológicos,0.5,Pediatría
3632,MED-4631,Vitaminas,Roche,Cali,Alta (Epidemia),Manual,75244.34,55191.86,20052.48,461,35,338,6.29,3.08,213,0,14,326,1,0,1,Dermatológicos,0.25,Vitaminas
3633,MED-4632,Antigripales,Pfizer,Barranquilla,Alta (Epidemia),Proveedor Programado,18778.77,13901.04,4877.73,418,14,125,24.98,7.87,756,0,5,725,0,0,1,Pediatría,0.5,Antigripales
3634,MED-4633,Pediatría,Abbott,Cali,Promoción,Automático (ML),67835.17,55038.88,12796.29,32,78,382,9.64,7.03,253,3,10,705,1,1,1,Pediatría,0.75,Pediatría
3635,MED-4634,Gastrointestinales,Roche,Bogotá,Promoción,Manual,12576.51,8877.06,3699.45,133,46,405,17.23,4.23,518,3,3,343,1,1,1,Cardiovasculares,0.5,Gastrointestinales
3636,MED-4635,Pediatría,Tecnoquímicas,Medellín,Alta (Epidemia),Manual,39719.73,30265.68,9454.05,407,58,175,16.46,0.89,513,3,6,279,1,1,1,Cardiovasculares,0.5,Pediatría
3637,MED-4636,Antibióticos,La Santé,Barranquilla,Alta (Invierno),Manual,24515.29,15232.91,9282.38,182,79,332,37.59,9.9,1115,0,5,579,0,1,0,Dermatológicos,0.5,Antibióticos
3638,MED-4637,Diabetes,Sanofi,Medellín,Alta (Epidemia),Manual,39365.14,26715.6,12649.54,350,37,409,38.85,8.33,1179,4,6,208,1,0,1,Pediatría,1.0,Pediatría
3639,MED-4638,Pediatría,Abbott,Barranquilla,Normal,Manual,10594.36,8913.34,1681.02,424,72,337,38.36,6.16,1122,2,14,302,0,0,0,Dermatológicos,0.25,Pediatría
3640,MED-4639,Gastrointestinales,Tecnoquímicas,Barranquilla,Promoción,Manual,56886.44,47394.67,9491.77,141,43,279,36.41,5.68,1102,1,12,147,1,1,0,Gastrointestinales,0.5,Gastrointestinales
3641,MED-4640,Antibióticos,Tecnoquímicas,Cartagena,Promoción,Manual,27328.93,18992.19,8336.74,129,79,340,27.49,5.07,838,0,10,32,0,1,1,Dermatológicos,0.5,Antibióticos
3642,MED-4641,Diabetes,Novartis,Cali,Promoción,Automático (ML),25841.74,16180.29,9661.45,113,72,364,19.16,7.54,581,0,4,888,0,0,1,Pediatría,0.5,Diabetes
3643,MED-4642,Dermatológicos,Abbott,Cali,Normal,Automático (ML),53988.81,33332.05,20656.76,0,41,333,24.36,3.02,762,1,1,630,1,1,1,Dermatológicos,0.5,Dermatológicos
3644,MED-4643,Antigripales,Roche,Cali,Alta (Invierno),Manual,14725.1,11986.98,2738.12,200,49,126,34.5,5.29,1057,2,10,801,0,1,1,Pediatría,0.75,Pediatría
3645,MED-4644,Gastrointestinales,Novartis,Bogotá,Alta (Epidemia),Automático (ML),51839.42,34659.65,17179.77,228,32,278,5.6,5.44,185,0,9,788,1,1,1,Pediatría,0.5,Gastrointestinales
3646,MED-4645,Higiene Personal,Pfizer,Barranquilla,Promoción,Manual,78862.38,63623.96,15238.42,458,25,388,31.04,9.95,936,1,10,714,0,1,0,Gastrointestinales,0.5,Higiene Personal
3647,MED-4646,Antigripales,Sanofi,Medellín,Alta (Invierno),Manual,28943.07,24385.01,4558.06,170,28,372,12.58,3.1,375,3,9,588,1,1,0,Pediatría,0.75,Pediatría
3648,MED-4647,Dermatológicos,Bayer,Barranquilla,Normal,Automático (ML),65128.01,54878.37,10249.64,497,48,344,34.64,2.18,1043,0,10,487,1,1,0,Gastrointestinales,0.25,Dermatológicos
3649,MED-4648,Dermatológicos,Abbott,Cartagena,Promoción,Proveedor Programado,52924.36,34907.84,18016.52,306,26,322,12.59,6.96,431,1,7,344,0,1,0,Dermatológicos,0.25,Dermatológicos
3650,MED-4649,Higiene Personal,La Santé,Cali,Alta (Epidemia),Manual,61288.29,51266.76,10021.53,45,44,295,3.8,9.49,100,2,9,445,0,1,1,Pediatría,0.5,Higiene Personal
3651,MED-4650,Gastrointestinales,Sanofi,Bogotá,Normal,Automático (ML),6023.08,4645.3,1377.78,290,17,177,36.45,3.37,1089,3,13,552,0,0,1,Pediatría,0.5,Gastrointestinales
3652,MED-4651,Antibióticos,Bayer,Bogotá,Promoción,Automático (ML),45816.79,35865.93,9950.86,484,47,418,37.31,8.2,1103,5,3,97,0,0,0,Pediatría,1.0,Pediatría
3653,MED-4652,Diabetes,Bayer,Barranquilla,Promoción,Proveedor Programado,3735.56,2776.25,959.31,381,52,270,32.11,1.04,971,0,1,529,1,0,1,Pediatría,0.5,Diabetes
3654,MED-4653,Higiene Personal,Sanofi,Cartagena,Alta (Invierno),Proveedor Programado,6955.76,5183.06,1772.7,340,33,384,39.02,7.66,1164,2,1,352,1,1,0,Pediatría,0.5,Higiene Personal
3655,MED-4654,Cardiovasculares,MK,Bogotá,Alta (Epidemia),Proveedor Programado,37511.09,30139.92,7371.17,240,46,96,6.66,4.2,187,2,1,477,0,1,1,Cardiovasculares,0.5,Cardiovasculares
3656,MED-4655,Cardiovasculares,Genfar,Cali,Alta (Invierno),Automático (ML),18446.76,15198.59,3248.17,379,29,229,30.51,6.25,925,2,7,706,1,0,1,Pediatría,0.5,Cardiovasculares
3657,MED-4656,Gastrointestinales,Novartis,Cartagena,Promoción,Manual,39521.5,30513.66,9007.84,426,55,446,21.04,7.07,624,1,11,546,1,0,1,Dermatológicos,0.25,Gastrointestinales
3658,MED-4657,Vitaminas,MK,Cartagena,Alta (Invierno),Automático (ML),6414.43,3904.2,2510.23,328,36,164,18.77,3.59,544,1,13,803,0,0,0,Pediatría,0.75,Pediatría
3659,MED-4658,Gastrointestinales,Pfizer,Medellín,Normal,Manual,25773.86,21735.99,4037.87,409,22,346,13.06,2.84,422,1,7,257,1,0,0,Pediatría,0.75,Pediatría
3660,MED-4659,Pediatría,Abbott,Cali,Alta (Invierno),Automático (ML),10894.79,8901.79,1993.0,410,49,309,37.94,5.05,1095,2,8,68,1,0,1,Pediatría,0.5,Pediatría
3661,MED-4660,Cardiovasculares,Genfar,Cali,Promoción,Proveedor Programado,9256.22,6930.37,2325.85,400,57,197,22.66,3.44,688,0,6,684,1,1,0,Dermatológicos,0.5,Cardiovasculares
3662,MED-4661,Dermatológicos,Novartis,Bogotá,Alta (Invierno),Proveedor Programado,35117.61,26123.09,8994.52,454,21,182,27.01,0.95,813,2,7,269,0,0,1,Pediatría,0.75,Pediatría
3663,MED-4662,Antigripales,La Santé,Barranquilla,Alta (Epidemia),Proveedor Programado,78509.02,65871.14,12637.88,162,23,422,3.35,2.87,98,5,11,577,0,1,0,Dermatológicos,0.5,Antigripales
3664,MED-4663,Higiene Personal,MK,Cali,Alta (Invierno),Proveedor Programado,54489.16,35597.97,18891.19,310,13,124,2.67,4.6,67,1,14,70,1,0,1,Dermatológicos,0.25,Higiene Personal
3665,MED-4664,Pediatría,Tecnoquímicas,Bogotá,Alta (Invierno),Proveedor Programado,44427.14,34696.12,9731.02,381,25,349,1.68,2.53,48,1,13,567,1,1,0,Dermatológicos,0.25,Pediatría
3666,MED-4665,Antibióticos,MK,Medellín,Alta (Invierno),Manual,76035.77,61905.89,14129.88,22,29,132,6.9,1.78,200,2,7,534,0,1,0,Dermatológicos,0.5,Antibióticos
3667,MED-4666,Gastrointestinales,MK,Barranquilla,Normal,Manual,70966.86,49707.63,21259.23,323,30,304,28.15,9.2,856,3,3,695,1,0,1,Pediatría,0.75,Pediatría
3668,MED-4667,Pediatría,Tecnoquímicas,Barranquilla,Alta (Epidemia),Automático (ML),21428.03,15412.37,6015.66,57,22,221,36.78,6.84,1049,0,14,553,1,1,1,Pediatría,0.75,Pediatría
3669,MED-4668,Gastrointestinales,Genfar,Medellín,Alta (Epidemia),Proveedor Programado,61683.8,44457.12,17226.68,250,12,139,4.98,4.43,157,5,7,323,1,1,1,Dermatológicos,0.5,Gastrointestinales
3670,MED-4669,Antibióticos,Pfizer,Cartagena,Normal,Proveedor Programado,66674.16,46829.6,19844.56,2,25,353,7.46,2.89,256,1,10,596,1,0,0,Dermatológicos,0.5,Antibióticos
3671,MED-4670,Cardiovasculares,Abbott,Medellín,Normal,Proveedor Programado,49284.87,41848.52,7436.35,469,73,189,2.7,3.31,70,2,11,324,1,0,0,Pediatría,0.5,Cardiovasculares
3672,MED-4671,Antigripales,Novartis,Cartagena,Normal,Proveedor Programado,11298.82,8315.14,2983.68,2,53,220,31.55,3.47,916,0,3,711,0,1,1,Pediatría,0.5,Antigripales
3673,MED-4672,Higiene Personal,Tecnoquímicas,Bogotá,Alta (Epidemia),Automático (ML),46111.98,30489.61,15622.37,254,53,110,30.3,1.05,881,2,3,593,0,1,1,Antigripales,0.25,Higiene Personal
3674,MED-4673,Vitaminas,MK,Bogotá,Normal,Automático (ML),78580.45,51467.72,27112.73,172,73,158,38.34,6.41,1153,0,13,441,0,0,0,Gastrointestinales,0.5,Vitaminas
3675,MED-4674,Gastrointestinales,Tecnoquímicas,Bogotá,Normal,Manual,24445.51,20339.63,4105.88,320,66,181,24.81,3.66,697,1,1,633,0,1,0,Dermatológicos,0.5,Gastrointestinales
3676,MED-4675,Higiene Personal,Genfar,Barranquilla,Normal,Manual,22057.0,14616.66,7440.34,155,11,80,8.23,7.77,251,0,8,201,0,1,1,Pediatría,0.75,Pediatría
3677,MED-4676,Dermatológicos,Abbott,Barranquilla,Normal,Proveedor Programado,19143.34,15188.74,3954.6,127,20,405,28.1,1.24,853,1,6,129,0,1,1,Pediatría,1.0,Pediatría
3678,MED-4677,Cardiovasculares,Pfizer,Cartagena,Alta (Invierno),Automático (ML),20784.19,14354.32,6429.87,464,29,221,30.53,7.85,933,2,1,271,1,0,1,Pediatría,0.5,Cardiovasculares
3679,MED-4678,Analgésicos,Abbott,Barranquilla,Promoción,Proveedor Programado,64609.66,51749.37,12860.29,494,70,201,19.6,8.23,549,1,14,211,0,1,0,Diabetes,0.5,Analgésicos
3680,MED-4679,Antibióticos,Abbott,Medellín,Normal,Automático (ML),75836.5,63247.98,12588.52,243,66,121,6.7,7.68,183,4,3,724,1,0,1,Pediatría,0.5,Antibióticos
3681,MED-4680,Antibióticos,Novartis,Barranquilla,Alta (Invierno),Manual,32738.35,25709.45,7028.9,298,56,357,37.36,4.78,1084,3,13,161,0,0,1,Pediatría,0.5,Antibióticos
3682,MED-4681,Dermatológicos,La Santé,Barranquilla,Alta (Epidemia),Proveedor Programado,28876.4,18870.52,10005.88,30,57,404,11.79,3.42,349,1,14,80,1,1,1,Pediatría,0.5,Dermatológicos
3683,MED-4682,Antibióticos,Roche,Cartagena,Normal,Automático (ML),29050.35,17483.87,11566.48,157,28,383,29.04,7.3,861,0,4,778,0,1,0,Dermatológicos,0.5,Antibióticos
3684,MED-4683,Pediatría,Bayer,Barranquilla,Alta (Epidemia),Proveedor Programado,23080.16,17644.94,5435.22,28,16,265,22.41,6.16,697,0,7,647,0,1,0,Pediatría,0.75,Pediatría
3685,MED-4684,Antigripales,Tecnoquímicas,Medellín,Alta (Epidemia),Proveedor Programado,66050.87,42848.07,23202.8,265,33,388,30.92,6.04,912,1,13,519,0,1,0,Gastrointestinales,0.75,Gastrointestinales
3686,MED-4685,Antibióticos,Novartis,Bogotá,Alta (Epidemia),Proveedor Programado,26480.77,17260.85,9219.92,348,25,111,36.99,2.28,1115,0,1,655,0,0,1,Pediatría,0.5,Antibióticos
3687,MED-4686,Higiene Personal,MK,Cartagena,Promoción,Automático (ML),32280.18,21712.36,10567.82,15,20,346,37.75,5.12,1121,3,6,236,0,1,1,Pediatría,1.0,Pediatría
3688,MED-4687,Vitaminas,Pfizer,Cali,Alta (Invierno),Manual,73565.54,51779.94,21785.6,47,63,365,37.29,6.09,1108,1,7,41,0,1,0,Dermatológicos,0.5,Vitaminas
3689,MED-4688,Gastrointestinales,MK,Barranquilla,Normal,Manual,10314.29,7526.16,2788.13,203,64,460,20.27,7.93,588,2,5,629,0,0,1,Pediatría,0.5,Gastrointestinales
3690,MED-4689,Pediatría,Bayer,Cartagena,Promoción,Automático (ML),52703.67,41774.37,10929.3,415,70,468,36.64,4.64,1095,1,4,437,1,0,0,Dermatológicos,0.5,Pediatría
3691,MED-4690,Pediatría,Genfar,Medellín,Alta (Epidemia),Proveedor Programado,18111.16,10878.15,7233.01,17,73,171,36.2,4.99,1059,2,7,523,0,1,0,Pediatría,0.75,Pediatría
3692,MED-4691,Pediatría,Pfizer,Bogotá,Promoción,Automático (ML),38336.29,23149.15,15187.14,375,32,385,6.62,6.61,228,2,8,406,1,0,1,Pediatría,1.0,Pediatría
3693,MED-4692,Antibióticos,Abbott,Cali,Alta (Epidemia),Automático (ML),23139.15,14864.12,8275.03,414,79,259,25.74,3.51,762,0,9,258,1,0,1,Dermatológicos,0.5,Antibióticos
3694,MED-4693,Antibióticos,Bayer,Medellín,Normal,Automático (ML),27617.41,21941.2,5676.21,169,16,371,13.69,7.25,380,1,9,34,0,0,0,Pediatría,0.75,Pediatría
3695,MED-4694,Higiene Personal,Genfar,Medellín,Normal,Proveedor Programado,28664.79,22241.28,6423.51,332,49,411,39.85,6.99,1155,0,2,403,1,1,1,Dermatológicos,0.5,Higiene Personal
3696,MED-4695,Pediatría,Roche,Bogotá,Alta (Invierno),Automático (ML),26596.56,20441.81,6154.75,374,36,415,22.07,3.31,679,2,13,190,1,0,1,Pediatría,0.5,Pediatría
3697,MED-4696,Diabetes,Pfizer,Barranquilla,Normal,Manual,39192.87,25404.42,13788.45,182,14,324,9.91,8.56,259,1,1,336,0,1,1,Pediatría,0.5,Diabetes
3698,MED-4697,Higiene Personal,Abbott,Bogotá,Alta (Epidemia),Manual,70082.48,58962.19,11120.29,218,37,237,4.01,8.23,69,1,7,98,0,1,1,Dermatológicos,0.25,Higiene Personal
3699,MED-4698,Analgésicos,La Santé,Bogotá,Promoción,Automático (ML),42386.02,33556.29,8829.73,300,69,302,38.73,6.61,1165,4,6,463,0,1,0,Pediatría,1.0,Pediatría
3700,MED-4699,Antigripales,Abbott,Barranquilla,Alta (Epidemia),Manual,56025.2,42674.87,13350.33,458,51,372,39.85,3.71,1189,1,7,651,1,1,1,Gastrointestinales,0.25,Antigripales
3701,MED-4700,Diabetes,Sanofi,Bogotá,Normal,Automático (ML),37550.64,30951.89,6598.75,75,16,251,29.19,2.54,863,2,10,171,1,0,1,Pediatría,1.0,Pediatría
3702,MED-4701,Gastrointestinales,Roche,Barranquilla,Alta (Invierno),Manual,56648.08,39114.52,17533.56,205,22,84,28.13,4.65,807,0,7,640,1,0,0,Antigripales,0.25,Gastrointestinales
3703,MED-4702,Antigripales,Genfar,Medellín,Alta (Epidemia),Proveedor Programado,34904.57,23243.97,11660.6,443,14,289,34.02,4.73,1025,2,11,64,1,1,1,Pediatría,0.75,Pediatría
3704,MED-4703,Diabetes,Tecnoquímicas,Cali,Normal,Manual,79541.19,59845.56,19695.63,474,20,198,34.4,1.57,1032,1,7,301,1,1,0,Gastrointestinales,0.5,Diabetes
3705,MED-4704,Pediatría,Tecnoquímicas,Barranquilla,Alta (Invierno),Manual,72324.57,60514.29,11810.28,353,67,393,15.55,3.81,474,2,3,39,0,1,1,Pediatría,0.5,Pediatría
3706,MED-4705,Analgésicos,La Santé,Cali,Alta (Invierno),Automático (ML),45943.35,34220.94,11722.41,262,50,257,11.89,2.17,354,1,8,821,0,1,1,Pediatría,0.5,Analgésicos
3707,MED-4706,Pediatría,Tecnoquímicas,Barranquilla,Promoción,Manual,8394.08,6340.83,2053.25,454,37,89,29.57,2.6,905,3,3,38,0,0,0,Pediatría,0.5,Pediatría
3708,MED-4707,Diabetes,Roche,Barranquilla,Promoción,Automático (ML),19365.51,15814.51,3551.0,359,79,244,33.76,3.46,1020,2,12,557,1,1,1,Dermatológicos,0.25,Diabetes
3709,MED-4708,Gastrointestinales,Sanofi,Cali,Promoción,Manual,28705.07,18082.82,10622.25,261,52,401,11.15,4.67,333,0,7,173,1,0,0,Pediatría,0.5,Gastrointestinales
3710,MED-4709,Cardiovasculares,Roche,Medellín,Alta (Epidemia),Proveedor Programado,47219.11,33145.65,14073.46,314,32,406,33.58,0.88,966,0,14,495,1,1,0,Gastrointestinales,0.25,Cardiovasculares
3711,MED-4710,Antigripales,Roche,Bogotá,Alta (Epidemia),Proveedor Programado,32173.42,19406.03,12767.39,52,48,324,20.98,8.04,648,0,8,234,1,1,1,Dermatológicos,0.5,Antigripales
3712,MED-4711,Analgésicos,Sanofi,Barranquilla,Alta (Invierno),Proveedor Programado,53316.37,40685.3,12631.07,197,76,128,37.68,7.1,1127,1,4,467,1,0,0,Dermatológicos,0.5,Analgésicos
3713,MED-4712,Higiene Personal,MK,Barranquilla,Promoción,Manual,41941.8,34579.56,7362.24,436,40,311,29.62,1.44,876,2,12,162,1,1,1,Pediatría,0.5,Higiene Personal
3714,MED-4713,Diabetes,Roche,Cali,Promoción,Manual,72691.28,51836.1,20855.18,475,41,152,16.18,9.24,470,1,5,284,0,1,0,Cardiovasculares,0.5,Diabetes
3715,MED-4714,Cardiovasculares,Genfar,Barranquilla,Promoción,Proveedor Programado,45558.35,33143.49,12414.86,63,35,89,9.24,1.42,297,2,2,121,0,1,0,Dermatológicos,0.75,Dermatológicos
3716,MED-4715,Antibióticos,Bayer,Barranquilla,Alta (Invierno),Automático (ML),24160.05,17579.11,6580.94,425,64,364,11.26,7.45,332,1,5,504,0,0,1,Pediatría,0.5,Antibióticos
3717,MED-4716,Vitaminas,MK,Bogotá,Promoción,Proveedor Programado,9709.64,7772.49,1937.15,451,69,137,17.67,4.61,515,2,6,592,0,1,0,Cardiovasculares,0.5,Vitaminas
3718,MED-4717,Vitaminas,Genfar,Medellín,Alta (Invierno),Manual,7155.82,5885.6,1270.22,442,57,380,18.69,1.66,577,0,3,484,0,0,0,Pediatría,0.5,Vitaminas
3719,MED-4718,Dermatológicos,Tecnoquímicas,Barranquilla,Normal,Automático (ML),12731.51,9867.44,2864.07,113,34,175,16.18,1.82,482,0,10,450,0,1,1,Pediatría,0.75,Pediatría
3720,MED-4719,Antigripales,Bayer,Barranquilla,Alta (Epidemia),Proveedor Programado,12130.06,9902.66,2227.4,284,58,402,2.97,6.08,45,1,12,313,0,0,1,Pediatría,0.75,Pediatría
3721,MED-4720,Diabetes,Novartis,Barranquilla,Alta (Epidemia),Manual,36634.53,23636.1,12998.43,29,51,443,27.08,6.97,806,2,13,509,1,0,0,Dermatológicos,0.5,Diabetes
3722,MED-4721,Higiene Personal,La Santé,Medellín,Promoción,Proveedor Programado,75714.4,52733.53,22980.87,476,60,317,5.14,5.48,124,1,3,585,0,0,1,Pediatría,0.5,Higiene Personal
3723,MED-4722,Dermatológicos,Tecnoquímicas,Cartagena,Alta (Epidemia),Automático (ML),50244.14,36134.53,14109.61,249,14,200,31.84,7.88,961,1,1,391,1,1,0,Antigripales,0.25,Dermatológicos
3724,MED-4723,Antibióticos,Pfizer,Cartagena,Normal,Automático (ML),74736.98,60671.52,14065.46,175,75,260,34.79,7.9,1017,0,3,709,0,1,1,Antigripales,0.25,Antibióticos
3725,MED-4724,Dermatológicos,MK,Cartagena,Normal,Automático (ML),50045.71,42237.77,7807.94,411,10,227,17.62,5.37,531,2,2,664,0,1,1,Pediatría,0.75,Pediatría
3726,MED-4725,Dermatológicos,MK,Cali,Alta (Epidemia),Manual,71161.18,56678.71,14482.47,267,78,425,10.15,5.17,310,4,11,514,1,1,1,Pediatría,0.75,Pediatría
3727,MED-4726,Higiene Personal,Sanofi,Bogotá,Alta (Invierno),Manual,21721.45,18089.5,3631.95,86,47,165,25.87,6.4,798,3,2,314,0,0,0,Pediatría,1.0,Pediatría
3728,MED-4727,Antibióticos,Genfar,Bogotá,Promoción,Manual,54907.95,34510.89,20397.06,481,49,227,35.02,4.33,1079,1,7,656,0,1,1,Gastrointestinales,0.5,Antibióticos
3729,MED-4728,Cardiovasculares,Genfar,Cartagena,Alta (Invierno),Proveedor Programado,62360.05,47380.57,14979.48,137,61,323,5.24,3.56,155,3,14,371,1,1,0,Pediatría,0.5,Cardiovasculares
3730,MED-4729,Higiene Personal,Abbott,Medellín,Normal,Automático (ML),77602.88,55834.45,21768.43,120,62,208,37.41,6.07,1103,1,9,360,0,1,1,Gastrointestinales,0.5,Higiene Personal
3731,MED-4730,Cardiovasculares,MK,Cartagena,Normal,Automático (ML),63953.08,43521.18,20431.9,379,31,175,12.42,2.77,391,0,5,489,1,1,1,Dermatológicos,0.25,Cardiovasculares
3732,MED-4731,Antibióticos,Sanofi,Bogotá,Alta (Invierno),Manual,69481.45,53911.21,15570.24,428,48,147,38.06,5.76,1132,0,8,708,0,0,1,Gastrointestinales,0.25,Antibióticos
3733,MED-4732,Analgésicos,Bayer,Cali,Normal,Proveedor Programado,15765.39,11816.81,3948.58,129,35,326,33.56,4.27,1012,3,14,47,0,0,1,Pediatría,1.0,Pediatría
3734,MED-4733,Dermatológicos,La Santé,Bogotá,Alta (Invierno),Manual,21139.35,15389.44,5749.91,63,42,149,30.67,1.97,948,1,13,409,0,0,0,Pediatría,0.5,Dermatológicos
3735,MED-4734,Antibióticos,Abbott,Cali,Alta (Epidemia),Automático (ML),64736.33,39923.75,24812.58,170,73,309,5.04,2.17,173,2,14,155,1,0,1,Pediatría,0.5,Antibióticos
3736,MED-4735,Dermatológicos,Novartis,Barranquilla,Alta (Invierno),Proveedor Programado,79498.63,57689.0,21809.63,462,46,98,32.95,3.4,979,1,5,562,0,0,1,Gastrointestinales,0.5,Dermatológicos
3737,MED-4736,Cardiovasculares,Sanofi,Medellín,Promoción,Automático (ML),5010.02,3073.97,1936.05,202,44,123,9.86,5.72,304,0,1,410,0,0,1,Pediatría,0.5,Cardiovasculares
3738,MED-4737,Vitaminas,Sanofi,Cartagena,Promoción,Automático (ML),58112.04,36071.6,22040.44,14,18,392,22.63,9.52,694,1,11,168,1,0,0,Gastrointestinales,0.5,Vitaminas
3739,MED-4738,Antigripales,Sanofi,Bogotá,Promoción,Proveedor Programado,31773.18,19773.17,12000.01,158,31,94,34.31,9.05,1014,2,2,240,1,1,0,Pediatría,0.75,Pediatría
3740,MED-4739,Antigripales,Bayer,Cartagena,Alta (Epidemia),Proveedor Programado,57823.54,46993.71,10829.83,343,27,219,36.3,3.92,1077,3,9,426,1,0,0,Pediatría,0.75,Pediatría
3741,MED-4740,Higiene Personal,Genfar,Barranquilla,Normal,Automático (ML),67167.84,50030.31,17137.53,66,75,174,26.5,4.93,794,3,2,837,0,0,1,Antigripales,0.25,Higiene Personal
3742,MED-4741,Gastrointestinales,Abbott,Cartagena,Alta (Invierno),Manual,71073.89,49813.24,21260.65,270,59,176,14.51,6.64,423,2,10,811,0,1,1,Pediatría,0.5,Gastrointestinales
3743,MED-4742,Antibióticos,Tecnoquímicas,Cartagena,Alta (Epidemia),Proveedor Programado,38529.95,23404.05,15125.9,317,16,302,21.51,5.73,641,2,9,611,0,1,0,Pediatría,1.0,Pediatría
3744,MED-4743,Antibióticos,La Santé,Bogotá,Normal,Proveedor Programado,46538.36,36169.71,10368.65,210,31,378,18.8,5.19,569,1,13,364,1,1,1,Gastrointestinales,0.25,Antibióticos
3745,MED-4744,Vitaminas,Bayer,Cartagena,Alta (Invierno),Automático (ML),44448.44,26831.15,17617.29,57,68,143,34.57,9.61,1007,3,14,255,0,0,0,Pediatría,0.75,Pediatría
3746,MED-4745,Antibióticos,Novartis,Medellín,Alta (Epidemia),Manual,71351.0,51878.66,19472.34,400,78,440,3.42,7.26,116,0,12,102,0,0,0,Pediatría,0.5,Antibióticos
3747,MED-4746,Pediatría,Abbott,Bogotá,Alta (Epidemia),Proveedor Programado,54452.31,36468.4,17983.91,38,65,347,21.3,8.14,652,0,10,461,0,1,1,Pediatría,0.5,Pediatría
3748,MED-4747,Higiene Personal,MK,Cartagena,Normal,Automático (ML),64376.04,51249.47,13126.57,409,18,82,35.11,5.81,1046,2,9,246,1,1,0,Pediatría,0.5,Higiene Personal
3749,MED-4748,Antibióticos,Sanofi,Medellín,Promoción,Manual,52533.17,40205.09,12328.08,234,41,108,22.54,6.44,720,0,5,129,1,0,0,Antigripales,0.25,Antibióticos
3750,MED-4749,Diabetes,La Santé,Barranquilla,Alta (Epidemia),Proveedor Programado,71878.26,49006.88,22871.38,67,66,128,27.74,3.0,827,0,14,182,0,1,0,Gastrointestinales,0.5,Diabetes
3751,MED-4750,Dermatológicos,Novartis,Barranquilla,Alta (Invierno),Proveedor Programado,31366.47,23239.4,8127.07,108,26,135,12.61,7.7,385,2,4,209,1,0,1,Pediatría,0.75,Pediatría
3752,MED-4751,Vitaminas,La Santé,Cartagena,Normal,Proveedor Programado,55962.49,45211.03,10751.46,455,59,126,13.77,2.2,401,3,6,763,0,0,0,Pediatría,0.5,Vitaminas
3753,MED-4752,Dermatológicos,Roche,Barranquilla,Promoción,Manual,20937.36,16348.7,4588.66,82,64,430,33.21,1.25,1020,3,5,873,1,1,1,Pediatría,0.5,Dermatológicos
3754,MED-4753,Vitaminas,Tecnoquímicas,Cali,Alta (Invierno),Proveedor Programado,41096.2,29898.05,11198.15,72,54,108,5.59,5.66,180,0,6,354,1,0,1,Pediatría,0.5,Vitaminas
3755,MED-4754,Dermatológicos,Roche,Barranquilla,Promoción,Manual,79346.83,66260.88,13085.95,276,45,95,17.0,9.97,488,1,14,606,1,1,1,Dermatológicos,0.25,Dermatológicos
3756,MED-4755,Antibióticos,La Santé,Barranquilla,Alta (Epidemia),Manual,23348.24,15513.02,7835.22,304,33,162,33.92,9.6,998,1,7,252,0,0,0,Pediatría,0.5,Antibióticos
3757,MED-4756,Antigripales,Tecnoquímicas,Cartagena,Normal,Proveedor Programado,31249.91,21423.82,9826.09,252,65,353,25.82,8.85,784,0,5,392,1,0,1,Dermatológicos,0.25,Antigripales
3758,MED-4757,Diabetes,Roche,Barranquilla,Normal,Proveedor Programado,40078.55,31050.41,9028.14,445,79,144,13.53,9.23,384,3,10,338,0,0,1,Cardiovasculares,0.5,Diabetes
3759,MED-4758,Analgésicos,Roche,Bogotá,Promoción,Proveedor Programado,19756.95,12568.07,7188.88,103,32,247,16.96,6.81,500,2,2,205,1,1,0,Pediatría,0.5,Analgésicos
3760,MED-4759,Diabetes,Sanofi,Medellín,Alta (Epidemia),Manual,65325.02,50851.28,14473.74,228,13,319,10.12,9.16,313,0,5,842,1,1,0,Dermatológicos,0.25,Diabetes
3761,MED-4760,Vitaminas,La Santé,Cali,Alta (Invierno),Manual,75334.85,63065.16,12269.69,61,52,222,29.46,8.94,888,0,8,437,0,1,0,Antigripales,0.25,Vitaminas
3762,MED-4761,Analgésicos,Roche,Bogotá,Alta (Epidemia),Proveedor Programado,7939.66,6522.89,1416.77,47,36,371,19.49,3.29,563,0,12,176,0,0,1,Pediatría,1.0,Pediatría
3763,MED-4762,Vitaminas,Abbott,Medellín,Normal,Proveedor Programado,21733.49,14429.31,7304.18,117,16,403,32.82,7.84,984,1,6,275,0,1,0,Pediatría,1.0,Pediatría
3764,MED-4763,Vitaminas,Sanofi,Cali,Normal,Automático (ML),8094.39,6047.12,2047.27,203,38,99,16.9,8.73,496,0,7,309,1,1,1,Pediatría,0.75,Pediatría
3765,MED-4764,Pediatría,Bayer,Bogotá,Normal,Proveedor Programado,8165.73,6024.67,2141.06,132,62,139,21.01,7.99,621,3,1,652,1,0,0,Pediatría,0.5,Pediatría
3766,MED-4765,Antigripales,La Santé,Cartagena,Alta (Epidemia),Automático (ML),16767.76,10173.63,6594.13,278,26,133,1.29,4.11,45,1,3,490,1,0,0,Pediatría,0.75,Pediatría
3767,MED-4766,Pediatría,Novartis,Medellín,Alta (Epidemia),Proveedor Programado,27901.27,16969.09,10932.18,412,29,285,16.78,7.45,517,1,8,189,1,1,1,Pediatría,0.75,Pediatría
3768,MED-4767,Diabetes,Pfizer,Cali,Alta (Invierno),Proveedor Programado,61337.28,37914.26,23423.02,499,18,224,11.5,6.37,289,2,3,756,0,0,0,Pediatría,0.5,Diabetes
3769,MED-4768,Cardiovasculares,MK,Cali,Promoción,Proveedor Programado,64619.47,40850.35,23769.12,422,73,270,22.34,0.54,648,1,13,616,0,1,1,Gastrointestinales,0.5,Cardiovasculares
3770,MED-4769,Analgésicos,Bayer,Medellín,Alta (Invierno),Proveedor Programado,24157.27,20416.26,3741.01,398,12,306,37.89,9.39,1160,1,8,619,0,0,0,Pediatría,0.5,Analgésicos
3771,MED-4770,Cardiovasculares,Tecnoquímicas,Barranquilla,Promoción,Manual,12200.41,8287.47,3912.94,117,69,257,25.44,1.23,753,4,8,847,1,1,0,Pediatría,0.75,Pediatría
3772,MED-4771,Diabetes,Novartis,Barranquilla,Alta (Invierno),Proveedor Programado,70343.18,51334.19,19008.99,358,40,121,10.84,0.87,332,3,3,889,1,1,1,Dermatológicos,0.5,Diabetes
3773,MED-4772,Analgésicos,Tecnoquímicas,Medellín,Alta (Invierno),Manual,47754.35,33126.9,14627.45,18,38,160,36.07,7.87,1081,0,3,367,1,1,0,Pediatría,0.5,Analgésicos
3774,MED-4773,Analgésicos,Sanofi,Barranquilla,Alta (Epidemia),Automático (ML),27159.04,18398.49,8760.55,52,73,182,24.58,7.42,743,1,13,684,0,0,1,Cardiovasculares,0.5,Analgésicos
3775,MED-4774,Antigripales,Roche,Barranquilla,Normal,Automático (ML),71702.58,59179.58,12523.0,22,16,390,1.34,3.57,45,0,14,151,1,0,0,Dermatológicos,0.25,Antigripales
3776,MED-4775,Gastrointestinales,MK,Cartagena,Promoción,Proveedor Programado,61462.07,42428.96,19033.11,404,62,223,12.18,4.54,361,0,11,267,0,1,1,Pediatría,0.5,Gastrointestinales
3777,MED-4776,Antigripales,Genfar,Cartagena,Normal,Manual,64743.73,39728.72,25015.01,424,76,214,23.14,4.35,659,0,10,359,0,0,1,Diabetes,0.5,Antigripales
3778,MED-4777,Antigripales,Tecnoquímicas,Cali,Alta (Invierno),Proveedor Programado,64534.74,50051.69,14483.05,73,21,407,28.1,1.87,844,1,8,408,0,0,0,Dermatológicos,0.5,Antigripales
3779,MED-4778,Antigripales,Sanofi,Cali,Normal,Manual,49720.19,37745.26,11974.93,396,46,139,34.01,2.56,1043,1,10,290,0,1,1,Pediatría,0.5,Antigripales
3780,MED-4779,Dermatológicos,Bayer,Cartagena,Alta (Epidemia),Manual,40625.17,30651.79,9973.38,145,33,239,39.22,5.23,1170,0,6,881,1,0,0,Antigripales,0.25,Dermatológicos
3781,MED-4780,Antigripales,Genfar,Cali,Normal,Automático (ML),15393.71,10999.73,4393.98,268,56,193,11.27,7.37,322,0,1,866,0,1,0,Pediatría,0.5,Antigripales
3782,MED-4781,Vitaminas,Genfar,Medellín,Alta (Epidemia),Manual,18406.82,12273.6,6133.22,350,22,152,35.97,0.75,1066,2,3,788,0,1,0,Pediatría,0.5,Vitaminas
3783,MED-4782,Gastrointestinales,La Santé,Cali,Promoción,Manual,64302.71,51800.14,12502.57,305,63,298,17.59,1.14,546,4,6,625,1,0,1,Pediatría,0.5,Gastrointestinales
3784,MED-4783,Vitaminas,MK,Cali,Alta (Epidemia),Automático (ML),45860.01,35530.94,10329.07,101,76,445,25.34,6.68,718,0,11,256,1,0,0,Dermatológicos,0.5,Vitaminas
3785,MED-4784,Pediatría,Roche,Medellín,Alta (Epidemia),Automático (ML),41960.56,34453.36,7507.2,327,30,386,20.61,9.24,637,4,12,490,0,0,1,Pediatría,0.75,Pediatría
3786,MED-4785,Antigripales,Novartis,Bogotá,Promoción,Proveedor Programado,27684.84,17835.93,9848.91,451,44,325,37.42,2.06,1107,0,10,597,0,0,0,Dermatológicos,0.25,Antigripales
3787,MED-4786,Gastrointestinales,Bayer,Cali,Alta (Invierno),Proveedor Programado,78097.31,54015.7,24081.61,487,46,147,3.1,7.05,94,1,4,392,1,1,0,Cardiovasculares,0.5,Gastrointestinales
3788,MED-4787,Pediatría,Abbott,Bogotá,Alta (Epidemia),Proveedor Programado,12923.98,9451.98,3472.0,156,57,253,27.99,6.75,848,3,7,388,1,1,1,Pediatría,0.75,Pediatría
3789,MED-4788,Diabetes,Pfizer,Barranquilla,Promoción,Manual,46610.58,38997.89,7612.69,97,77,341,22.99,4.06,692,0,11,518,0,0,1,Dermatológicos,0.5,Diabetes
3790,MED-4789,Cardiovasculares,Genfar,Bogotá,Promoción,Manual,7577.39,6326.05,1251.34,393,49,246,36.89,1.25,1116,1,8,122,1,0,0,Pediatría,0.5,Cardiovasculares
3791,MED-4790,Higiene Personal,La Santé,Barranquilla,Alta (Invierno),Automático (ML),9757.46,6786.23,2971.23,470,30,166,32.35,1.84,973,2,3,553,0,0,0,Pediatría,0.5,Higiene Personal
3792,MED-4791,Diabetes,Sanofi,Bogotá,Alta (Epidemia),Manual,5388.66,4154.22,1234.44,79,52,385,29.72,7.83,874,3,3,615,1,0,0,Pediatría,0.5,Diabetes
3793,MED-4792,Gastrointestinales,Roche,Cartagena,Promoción,Proveedor Programado,12536.61,10460.74,2075.87,321,68,136,8.43,3.88,316,2,3,219,1,1,1,Cardiovasculares,0.5,Gastrointestinales
3794,MED-4793,Diabetes,Pfizer,Cali,Alta (Invierno),Proveedor Programado,49171.74,33463.62,15708.12,92,54,244,2.17,6.03,27,1,5,57,0,1,0,Pediatría,0.5,Diabetes
3795,MED-4794,Higiene Personal,Bayer,Cartagena,Normal,Manual,19296.62,14648.13,4648.49,412,79,470,12.11,3.97,407,1,10,290,0,0,1,Pediatría,0.75,Pediatría
3796,MED-4795,Cardiovasculares,Pfizer,Bogotá,Alta (Invierno),Proveedor Programado,64855.3,39550.31,25304.99,249,48,137,35.48,4.68,1027,6,7,613,0,1,0,Pediatría,0.5,Cardiovasculares
3797,MED-4796,Higiene Personal,Roche,Medellín,Normal,Automático (ML),75675.98,53348.15,22327.83,43,58,442,29.58,7.96,892,3,14,360,1,0,1,Gastrointestinales,0.5,Higiene Personal
3798,MED-4797,Antigripales,Novartis,Cartagena,Normal,Automático (ML),76279.39,57744.58,18534.81,345,73,417,6.2,0.61,207,3,14,81,1,1,0,Pediatría,0.5,Antigripales
3799,MED-4798,Higiene Personal,La Santé,Barranquilla,Normal,Automático (ML),9791.18,6051.61,3739.57,129,58,304,28.27,6.47,861,2,5,846,0,1,1,Dermatológicos,0.5,Higiene Personal
3800,MED-4799,Cardiovasculares,Novartis,Cartagena,Alta (Invierno),Automático (ML),26694.17,21694.35,4999.82,191,79,291,25.41,5.85,783,1,13,299,1,0,0,Dermatológicos,0.25,Cardiovasculares
3801,MED-4800,Analgésicos,Abbott,Medellín,Promoción,Manual,73422.07,50100.76,23321.31,98,70,442,38.26,1.31,1133,0,13,376,0,0,1,Gastrointestinales,0.5,Analgésicos
3802,MED-4801,Diabetes,MK,Medellín,Promoción,Manual,75037.63,58945.31,16092.32,297,68,348,10.31,6.96,310,3,2,397,1,1,1,Pediatría,0.5,Diabetes
3803,MED-4802,Analgésicos,Abbott,Cartagena,Alta (Invierno),Proveedor Programado,9137.02,7576.59,1560.43,193,21,359,8.82,9.83,255,4,4,57,0,0,0,Cardiovasculares,0.75,Cardiovasculares
3804,MED-4803,Cardiovasculares,Roche,Barranquilla,Alta (Epidemia),Manual,49798.28,40279.94,9518.34,113,11,94,8.9,1.55,284,1,8,350,1,1,1,Dermatológicos,0.5,Cardiovasculares
3805,MED-4804,Pediatría,Novartis,Medellín,Promoción,Automático (ML),52503.46,33508.83,18994.63,167,75,155,9.1,9.57,251,2,13,828,0,1,1,Pediatría,0.5,Pediatría
3806,MED-4805,Diabetes,Tecnoquímicas,Cartagena,Normal,Automático (ML),62773.38,50592.69,12180.69,11,36,196,9.07,2.21,292,0,6,380,1,1,1,Dermatológicos,0.5,Diabetes
3807,MED-4806,Gastrointestinales,Pfizer,Cartagena,Alta (Epidemia),Automático (ML),45398.97,34999.71,10399.26,199,69,224,20.27,6.45,600,2,6,215,0,0,1,Antigripales,0.25,Gastrointestinales
3808,MED-4807,Dermatológicos,La Santé,Barranquilla,Normal,Automático (ML),76231.85,46782.95,29448.9,378,48,431,37.5,8.89,1128,4,3,725,1,1,0,Pediatría,0.75,Pediatría
3809,MED-4808,Dermatológicos,Genfar,Bogotá,Normal,Proveedor Programado,39655.14,31293.95,8361.19,412,65,224,19.2,7.05,586,2,3,708,1,0,0,Cardiovasculares,0.5,Dermatológicos
3810,MED-4809,Analgésicos,Bayer,Medellín,Alta (Epidemia),Proveedor Programado,66287.16,51390.71,14896.45,139,52,206,6.03,7.69,171,1,3,794,1,1,1,Pediatría,0.5,Analgésicos
3811,MED-4810,Antigripales,Genfar,Barranquilla,Promoción,Automático (ML),32232.83,22896.41,9336.42,339,37,332,12.98,8.16,402,0,8,542,0,0,0,Pediatría,1.0,Pediatría
3812,MED-4811,Antibióticos,Sanofi,Barranquilla,Promoción,Manual,73774.34,51037.31,22737.03,325,61,433,6.69,8.91,225,1,4,646,0,1,0,Pediatría,0.75,Pediatría
3813,MED-4812,Gastrointestinales,Tecnoquímicas,Cartagena,Promoción,Proveedor Programado,70704.55,52964.79,17739.76,448,10,254,37.33,4.13,1114,4,9,844,0,0,0,Pediatría,0.5,Gastrointestinales
3814,MED-4813,Vitaminas,Tecnoquímicas,Bogotá,Alta (Invierno),Automático (ML),35489.88,26390.07,9099.81,84,73,396,26.48,0.77,773,0,1,691,1,1,1,Antigripales,0.25,Vitaminas
3815,MED-4814,Analgésicos,Bayer,Cali,Alta (Epidemia),Proveedor Programado,16906.81,11781.63,5125.18,99,13,67,11.78,4.06,383,1,7,41,0,0,0,Pediatría,1.0,Pediatría
3816,MED-4815,Pediatría,Abbott,Barranquilla,Promoción,Manual,33153.69,26211.77,6941.92,399,68,384,39.34,5.19,1187,3,12,385,1,0,1,Pediatría,0.5,Pediatría
3817,MED-4816,Cardiovasculares,Pfizer,Barranquilla,Alta (Invierno),Manual,16295.96,11276.49,5019.47,360,36,332,22.95,4.7,648,0,4,263,0,1,0,Pediatría,0.5,Cardiovasculares
3818,MED-4817,Higiene Personal,Genfar,Bogotá,Normal,Manual,22455.81,14600.28,7855.53,131,71,440,35.33,6.63,1060,1,12,623,0,1,0,Dermatológicos,0.25,Higiene Personal
3819,MED-4818,Gastrointestinales,MK,Cartagena,Alta (Epidemia),Proveedor Programado,13401.47,9501.75,3899.72,359,14,284,21.01,8.45,666,0,11,456,0,0,1,Pediatría,0.75,Pediatría
3820,MED-4819,Dermatológicos,Pfizer,Barranquilla,Promoción,Automático (ML),40569.53,33448.12,7121.41,390,51,202,12.29,4.5,382,3,2,377,1,1,1,Cardiovasculares,0.5,Dermatológicos
3821,MED-4820,Vitaminas,Novartis,Cartagena,Promoción,Proveedor Programado,42387.03,29999.74,12387.29,498,62,331,8.08,9.37,265,0,3,540,0,1,0,Pediatría,0.5,Vitaminas
3822,MED-4821,Higiene Personal,Roche,Barranquilla,Alta (Invierno),Manual,44667.5,29451.74,15215.76,85,16,374,27.94,1.84,847,0,11,535,1,0,1,Gastrointestinales,0.5,Higiene Personal
3823,MED-4822,Gastrointestinales,Sanofi,Bogotá,Normal,Manual,78378.92,50312.32,28066.6,136,17,288,15.33,8.11,474,1,6,265,0,0,0,Dermatológicos,0.25,Gastrointestinales
3824,MED-4823,Vitaminas,Genfar,Cali,Normal,Automático (ML),18830.09,15599.12,3230.97,12,54,340,35.66,8.15,1036,0,14,819,1,1,1,Dermatológicos,0.25,Vitaminas
3825,MED-4824,Antibióticos,MK,Cali,Normal,Proveedor Programado,26189.05,17200.43,8988.62,423,30,384,38.33,5.92,1132,4,13,641,1,0,1,Pediatría,0.75,Pediatría
3826,MED-4825,Antibióticos,Novartis,Medellín,Normal,Automático (ML),54642.63,34350.84,20291.79,75,30,237,1.83,4.2,79,3,3,398,0,1,1,Dermatológicos,0.5,Antibióticos
3827,MED-4826,Cardiovasculares,Bayer,Cartagena,Normal,Manual,27301.13,22497.97,4803.16,465,48,140,19.74,9.88,591,1,7,159,0,0,1,Pediatría,0.5,Cardiovasculares
3828,MED-4827,Higiene Personal,Novartis,Cali,Alta (Epidemia),Automático (ML),27025.27,19085.39,7939.88,499,16,383,4.75,0.94,140,2,5,689,0,1,0,Pediatría,0.75,Pediatría
3829,MED-4828,Cardiovasculares,Pfizer,Cali,Alta (Invierno),Automático (ML),74304.72,46190.52,28114.2,319,19,293,15.43,6.34,483,0,7,120,1,1,1,Dermatológicos,0.25,Cardiovasculares
3830,MED-4829,Dermatológicos,Tecnoquímicas,Medellín,Normal,Manual,50426.4,32571.69,17854.71,385,73,263,35.37,6.69,1046,3,1,708,0,1,0,Pediatría,0.5,Dermatológicos
3831,MED-4830,Dermatológicos,Novartis,Cartagena,Promoción,Manual,61945.61,47021.49,14924.12,475,57,216,5.45,6.65,171,3,2,596,0,0,1,Pediatría,0.5,Dermatológicos
3832,MED-4831,Antigripales,Abbott,Bogotá,Alta (Epidemia),Automático (ML),72937.88,61296.08,11641.8,94,27,125,10.56,9.95,314,0,3,700,0,0,0,Cardiovasculares,0.5,Antigripales
3833,MED-4832,Antibióticos,Novartis,Bogotá,Alta (Invierno),Automático (ML),26533.06,18606.91,7926.15,183,36,156,30.78,7.4,912,2,14,394,1,0,1,Pediatría,0.75,Pediatría
3834,MED-4833,Antibióticos,Roche,Medellín,Promoción,Manual,15649.21,12174.07,3475.14,467,20,293,2.88,3.5,94,3,11,883,1,0,0,Pediatría,0.75,Pediatría
3835,MED-4834,Dermatológicos,Abbott,Bogotá,Normal,Manual,49989.33,40796.41,9192.92,318,69,272,34.76,8.23,1008,3,7,161,0,1,1,Pediatría,1.0,Pediatría
3836,MED-4835,Pediatría,MK,Cali,Promoción,Automático (ML),24215.4,15186.98,9028.42,173,10,374,22.53,7.08,671,0,13,858,0,1,0,Pediatría,0.75,Pediatría
3837,MED-4836,Analgésicos,Genfar,Cali,Normal,Automático (ML),74969.31,54853.97,20115.34,383,59,272,18.62,8.38,564,2,10,535,0,0,0,Pediatría,0.5,Analgésicos
3838,MED-4837,Higiene Personal,Pfizer,Bogotá,Normal,Automático (ML),38030.85,25603.82,12427.03,13,61,355,6.05,1.41,189,1,2,462,0,1,0,Pediatría,0.5,Higiene Personal
3839,MED-4838,Antigripales,MK,Cali,Normal,Automático (ML),30032.13,18975.53,11056.6,91,31,250,12.55,2.96,376,1,8,609,0,1,1,Pediatría,0.5,Antigripales
3840,MED-4839,Diabetes,Bayer,Cartagena,Alta (Epidemia),Automático (ML),49473.56,40168.85,9304.71,246,20,307,7.71,7.64,249,8,1,552,0,1,0,Cardiovasculares,0.5,Diabetes
3841,MED-4840,Cardiovasculares,Abbott,Bogotá,Alta (Epidemia),Proveedor Programado,66934.81,44397.79,22537.02,224,41,285,25.93,3.09,804,1,9,560,1,0,0,Gastrointestinales,0.5,Cardiovasculares
3842,MED-4841,Analgésicos,Genfar,Bogotá,Alta (Epidemia),Automático (ML),54099.48,45198.99,8900.49,496,55,298,33.93,4.7,1035,5,8,107,1,1,1,Pediatría,1.0,Pediatría
3843,MED-4842,Diabetes,MK,Medellín,Promoción,Automático (ML),10894.37,7948.81,2945.56,241,57,415,22.35,9.1,672,2,7,533,1,1,0,Dermatológicos,0.25,Diabetes
3844,MED-4843,Diabetes,Tecnoquímicas,Bogotá,Alta (Invierno),Manual,38718.55,32795.66,5922.89,183,50,148,31.47,3.37,912,2,8,124,1,1,1,Pediatría,1.0,Pediatría
3845,MED-4844,Pediatría,Roche,Cartagena,Promoción,Manual,19103.52,15231.81,3871.71,252,12,348,16.92,2.51,502,0,5,802,0,0,0,Pediatría,1.0,Pediatría
3846,MED-4845,Antigripales,Sanofi,Cartagena,Alta (Epidemia),Manual,30630.01,19363.83,11266.18,349,70,435,24.39,7.36,749,0,9,796,0,1,1,Dermatológicos,0.25,Antigripales
3847,MED-4846,Antibióticos,Bayer,Barranquilla,Normal,Manual,45208.96,31054.3,14154.66,16,78,293,39.09,6.61,1156,1,5,757,0,1,1,Dermatológicos,0.5,Antibióticos
3848,MED-4847,Gastrointestinales,Genfar,Bogotá,Normal,Automático (ML),6469.81,5043.72,1426.09,133,20,96,27.33,3.7,825,3,12,710,1,1,0,Pediatría,0.75,Pediatría
3849,MED-4848,Antibióticos,Bayer,Bogotá,Normal,Proveedor Programado,41354.43,29187.01,12167.42,137,49,239,31.79,2.03,938,0,9,571,1,1,1,Antigripales,0.25,Antibióticos
3850,MED-4849,Cardiovasculares,Pfizer,Medellín,Alta (Epidemia),Manual,20769.31,14022.81,6746.5,137,56,290,27.85,2.75,822,4,11,200,1,0,1,Pediatría,0.75,Pediatría
3851,MED-4850,Dermatológicos,Bayer,Bogotá,Alta (Epidemia),Automático (ML),50881.05,36888.41,13992.64,15,78,370,15.08,6.87,451,2,5,705,1,1,1,Pediatría,0.5,Dermatológicos
3852,MED-4851,Pediatría,Tecnoquímicas,Cartagena,Promoción,Proveedor Programado,66973.18,46574.35,20398.83,330,75,218,8.4,1.57,276,2,14,588,1,1,0,Pediatría,0.5,Pediatría
3853,MED-4852,Diabetes,Bayer,Medellín,Promoción,Manual,38866.6,24054.78,14811.82,82,20,200,16.22,8.36,492,0,14,567,0,0,1,Pediatría,0.5,Diabetes
3854,MED-4853,Diabetes,Bayer,Bogotá,Promoción,Automático (ML),57699.74,45649.62,12050.12,422,15,136,8.04,8.04,223,2,3,745,0,1,1,Cardiovasculares,0.5,Diabetes
3855,MED-4854,Pediatría,Tecnoquímicas,Cartagena,Alta (Invierno),Manual,71453.81,53055.98,18397.83,330,62,307,37.0,6.4,1114,1,12,743,0,1,0,Gastrointestinales,0.5,Pediatría
3856,MED-4855,Antibióticos,Pfizer,Barranquilla,Normal,Proveedor Programado,69144.97,50655.59,18489.38,85,57,128,31.22,8.07,936,4,1,836,1,0,0,Pediatría,0.5,Antibióticos
3857,MED-4856,Dermatológicos,Roche,Bogotá,Alta (Invierno),Manual,52703.55,33861.95,18841.6,284,19,403,35.2,1.17,1032,2,5,639,1,1,1,Pediatría,0.75,Pediatría
3858,MED-4857,Antibióticos,La Santé,Cali,Promoción,Automático (ML),28647.5,23626.68,5020.82,349,13,348,36.96,6.76,1113,0,2,884,1,0,0,Pediatría,0.5,Antibióticos
3859,MED-4858,Antigripales,Novartis,Cali,Promoción,Proveedor Programado,20664.72,14147.63,6517.09,320,75,130,20.7,4.98,617,3,7,326,1,1,0,Cardiovasculares,0.75,Cardiovasculares
3860,MED-4859,Antigripales,Roche,Bogotá,Promoción,Proveedor Programado,19420.15,14442.02,4978.13,263,67,425,17.06,9.11,493,0,8,433,0,0,0,Dermatológicos,0.25,Antigripales
3861,MED-4860,Gastrointestinales,Genfar,Bogotá,Normal,Automático (ML),40533.21,32069.66,8463.55,208,72,203,30.25,1.09,882,3,14,52,0,1,1,Pediatría,0.75,Pediatría
3862,MED-4861,Gastrointestinales,Genfar,Barranquilla,Normal,Proveedor Programado,52762.81,33552.13,19210.68,201,56,355,5.73,9.23,186,4,13,195,1,1,0,Pediatría,0.75,Pediatría
3863,MED-4862,Antibióticos,Abbott,Medellín,Alta (Epidemia),Automático (ML),38584.45,28736.17,9848.28,202,60,329,11.95,2.36,378,0,13,212,0,1,1,Pediatría,0.5,Antibióticos
3864,MED-4863,Vitaminas,Genfar,Cartagena,Alta (Epidemia),Proveedor Programado,62874.21,45951.54,16922.67,19,79,225,13.86,1.93,398,0,14,839,1,1,0,Pediatría,0.5,Vitaminas
3865,MED-4864,Pediatría,MK,Barranquilla,Promoción,Proveedor Programado,22566.73,14410.39,8156.34,101,30,384,19.56,7.32,579,0,12,692,1,0,1,Pediatría,0.75,Pediatría
3866,MED-4865,Antibióticos,Genfar,Cali,Alta (Invierno),Manual,17001.33,13231.13,3770.2,164,22,397,7.02,7.62,182,3,8,237,1,1,1,Cardiovasculares,0.5,Antibióticos
3867,MED-4866,Analgésicos,Sanofi,Bogotá,Alta (Epidemia),Automático (ML),5383.9,4357.62,1026.28,393,69,268,22.05,5.99,656,1,6,784,0,1,0,Dermatológicos,0.5,Analgésicos
3868,MED-4867,Gastrointestinales,Abbott,Cartagena,Alta (Invierno),Manual,53536.96,44522.16,9014.8,423,42,335,24.72,4.0,741,2,12,644,0,1,0,Gastrointestinales,0.5,Gastrointestinales
3869,MED-4868,Gastrointestinales,Bayer,Barranquilla,Alta (Invierno),Automático (ML),62524.91,43571.16,18953.75,9,75,465,7.2,6.34,211,0,3,535,1,1,1,Pediatría,0.5,Gastrointestinales
3870,MED-4869,Cardiovasculares,Genfar,Cartagena,Promoción,Manual,27365.02,18713.88,8651.14,74,26,222,2.17,3.5,53,4,12,375,0,1,1,Cardiovasculares,0.75,Cardiovasculares
3871,MED-4870,Gastrointestinales,Abbott,Bogotá,Alta (Invierno),Proveedor Programado,53132.63,34030.39,19102.24,332,21,341,2.17,3.19,92,5,10,139,0,1,0,Cardiovasculares,0.5,Gastrointestinales
3872,MED-4871,Diabetes,Pfizer,Cartagena,Promoción,Automático (ML),60821.08,41383.55,19437.53,374,44,420,37.44,4.18,1104,0,1,412,0,1,1,Pediatría,0.5,Diabetes
3873,MED-4872,Vitaminas,Roche,Bogotá,Alta (Epidemia),Manual,26118.93,21483.87,4635.06,403,42,381,23.16,8.98,696,2,9,647,0,1,0,Dermatológicos,0.25,Vitaminas
3874,MED-4873,Analgésicos,Bayer,Bogotá,Normal,Proveedor Programado,46692.45,28808.54,17883.91,77,24,298,6.16,1.75,188,4,4,269,0,0,1,Cardiovasculares,0.5,Analgésicos
3875,MED-4874,Cardiovasculares,Pfizer,Barranquilla,Normal,Proveedor Programado,4867.55,3447.16,1420.39,111,39,361,7.14,2.22,194,2,8,509,1,0,1,Pediatría,0.75,Pediatría
3876,MED-4875,Dermatológicos,Roche,Cartagena,Normal,Manual,37642.95,28093.96,9548.99,203,35,254,17.02,3.49,474,0,2,654,0,0,0,Pediatría,0.5,Dermatológicos
3877,MED-4876,Analgésicos,Novartis,Cartagena,Alta (Invierno),Proveedor Programado,16406.18,10875.81,5530.37,190,39,270,26.47,8.63,793,3,1,364,0,1,1,Pediatría,0.75,Pediatría
3878,MED-4877,Pediatría,Roche,Bogotá,Promoción,Automático (ML),24182.51,17453.24,6729.27,223,79,278,3.92,4.05,125,1,14,43,0,0,0,Pediatría,0.75,Pediatría
3879,MED-4878,Antibióticos,Bayer,Cali,Alta (Epidemia),Proveedor Programado,42575.33,26642.35,15932.98,332,63,378,9.72,8.28,266,0,7,674,0,1,1,Pediatría,0.75,Pediatría
3880,MED-4879,Antigripales,Sanofi,Cali,Alta (Epidemia),Proveedor Programado,51844.82,41722.51,10122.31,200,64,116,15.1,9.52,450,1,6,182,1,0,0,Pediatría,0.5,Antigripales
3881,MED-4880,Vitaminas,Pfizer,Cartagena,Alta (Invierno),Manual,46509.84,34398.8,12111.04,292,77,351,4.59,3.68,101,4,2,276,0,1,0,Pediatría,0.75,Pediatría
3882,MED-4881,Antibióticos,Novartis,Barranquilla,Alta (Epidemia),Manual,36200.14,28485.67,7714.47,57,30,293,30.27,7.63,914,1,1,237,1,1,0,Pediatría,0.5,Antibióticos
3883,MED-4882,Antigripales,Bayer,Medellín,Alta (Invierno),Automático (ML),74881.82,45895.75,28986.07,291,44,294,1.4,8.81,54,2,2,669,1,0,1,Pediatría,0.75,Pediatría
3884,MED-4883,Pediatría,Genfar,Barranquilla,Alta (Invierno),Automático (ML),56818.57,34704.89,22113.68,0,64,321,33.81,2.69,987,0,3,534,0,1,1,Dermatológicos,0.5,Pediatría
3885,MED-4884,Cardiovasculares,Tecnoquímicas,Bogotá,Alta (Invierno),Manual,49811.6,40892.31,8919.29,47,41,378,11.49,9.65,335,1,9,522,0,0,0,Pediatría,0.75,Pediatría
3886,MED-4885,Vitaminas,La Santé,Medellín,Alta (Invierno),Proveedor Programado,15413.1,10552.63,4860.47,400,32,114,37.65,9.34,1087,1,5,756,1,1,0,Pediatría,0.5,Vitaminas
3887,MED-4886,Vitaminas,Sanofi,Cartagena,Alta (Invierno),Automático (ML),17840.8,12190.64,5650.16,41,38,333,17.25,5.47,504,3,12,804,1,1,0,Pediatría,0.75,Pediatría
3888,MED-4887,Vitaminas,La Santé,Medellín,Promoción,Automático (ML),65375.0,42059.08,23315.92,354,52,346,10.17,3.28,303,1,8,133,1,1,1,Pediatría,0.75,Pediatría
3889,MED-4888,Antigripales,Sanofi,Cartagena,Promoción,Proveedor Programado,18411.61,12463.04,5948.57,53,54,350,4.94,8.32,167,1,1,324,0,0,0,Pediatría,0.5,Antigripales
3890,MED-4889,Dermatológicos,Genfar,Medellín,Normal,Automático (ML),57260.09,41651.3,15608.79,479,49,336,36.82,4.02,1094,1,1,566,1,0,0,Pediatría,0.5,Dermatológicos
3891,MED-4890,Gastrointestinales,Novartis,Barranquilla,Promoción,Manual,13241.8,8248.21,4993.59,90,53,313,26.78,9.97,797,0,6,378,1,1,1,Dermatológicos,0.5,Gastrointestinales
3892,MED-4891,Pediatría,Bayer,Barranquilla,Alta (Invierno),Automático (ML),38888.9,30881.51,8007.39,221,11,308,5.72,5.32,150,1,10,604,1,0,0,Pediatría,1.0,Pediatría
3893,MED-4892,Gastrointestinales,Roche,Bogotá,Alta (Invierno),Manual,20209.7,16482.23,3727.47,123,26,371,20.27,2.15,577,4,4,299,1,1,0,Cardiovasculares,0.5,Gastrointestinales
3894,MED-4893,Diabetes,MK,Bogotá,Promoción,Manual,79833.64,50801.0,29032.64,6,74,325,20.92,3.4,587,2,1,59,1,1,0,Dermatológicos,0.5,Diabetes
3895,MED-4894,Antigripales,MK,Medellín,Alta (Epidemia),Proveedor Programado,14899.03,10851.35,4047.68,277,23,178,28.28,7.71,829,1,7,299,1,0,0,Pediatría,0.5,Antigripales
3896,MED-4895,Vitaminas,Roche,Cali,Alta (Epidemia),Proveedor Programado,68499.48,42214.13,26285.35,27,34,148,1.15,8.84,12,4,7,718,1,1,0,Dermatológicos,0.5,Vitaminas
3897,MED-4896,Diabetes,Roche,Medellín,Alta (Epidemia),Automático (ML),72559.71,60214.39,12345.32,329,77,194,3.82,0.64,97,3,8,170,1,1,0,Pediatría,0.5,Diabetes
3898,MED-4897,Pediatría,MK,Cali,Promoción,Automático (ML),77204.14,52110.16,25093.98,481,60,220,11.89,3.65,344,1,14,677,0,0,0,Pediatría,0.5,Pediatría
3899,MED-4898,Diabetes,Genfar,Barranquilla,Promoción,Manual,79371.31,49777.2,29594.11,194,14,72,23.88,4.51,678,2,5,369,0,1,0,Dermatológicos,0.5,Diabetes
3900,MED-4899,Gastrointestinales,Sanofi,Barranquilla,Promoción,Manual,76966.14,58783.92,18182.22,137,65,404,19.61,2.96,615,1,1,566,0,0,1,Antigripales,0.25,Gastrointestinales
3901,MED-4900,Higiene Personal,Tecnoquímicas,Medellín,Alta (Invierno),Manual,4526.58,2766.26,1760.32,25,25,182,2.38,7.45,77,1,12,505,0,0,0,Pediatría,0.75,Pediatría
3902,MED-4901,Gastrointestinales,Sanofi,Medellín,Normal,Proveedor Programado,5357.34,3431.3,1926.04,359,32,249,34.45,7.3,1062,0,11,817,0,0,1,Pediatría,0.5,Gastrointestinales
3903,MED-4902,Higiene Personal,MK,Cartagena,Promoción,Manual,13027.02,8090.94,4936.08,245,57,340,6.17,1.48,192,0,3,116,0,0,0,Pediatría,0.5,Higiene Personal
3904,MED-4903,Diabetes,Novartis,Cartagena,Alta (Invierno),Manual,65548.85,48574.4,16974.45,496,47,231,29.85,1.07,902,0,14,40,0,1,0,Diabetes,0.5,Diabetes
3905,MED-4904,Cardiovasculares,La Santé,Cali,Alta (Epidemia),Manual,43869.11,33397.88,10471.23,319,75,470,38.48,7.73,1116,3,9,674,0,0,1,Pediatría,0.5,Cardiovasculares
3906,MED-4905,Vitaminas,Bayer,Bogotá,Promoción,Manual,60499.37,38473.72,22025.65,392,63,196,35.66,5.67,1112,0,10,162,1,0,1,Gastrointestinales,0.25,Vitaminas
3907,MED-4906,Dermatológicos,Pfizer,Barranquilla,Alta (Invierno),Automático (ML),66394.12,46133.46,20260.66,398,68,123,13.12,5.04,405,0,12,359,1,0,1,Pediatría,0.5,Dermatológicos
3908,MED-4907,Gastrointestinales,Pfizer,Medellín,Alta (Epidemia),Automático (ML),6706.96,5039.88,1667.08,114,45,154,14.63,4.4,451,3,1,533,1,0,0,Pediatría,0.5,Gastrointestinales
3909,MED-4908,Analgésicos,La Santé,Bogotá,Normal,Proveedor Programado,25675.87,19541.09,6134.78,327,12,115,32.17,5.48,953,0,1,258,0,1,1,Pediatría,0.5,Analgésicos
3910,MED-4909,Vitaminas,MK,Barranquilla,Alta (Invierno),Manual,12734.59,7661.69,5072.9,98,75,383,13.93,4.64,425,4,12,159,0,0,0,Pediatría,0.75,Pediatría
3911,MED-4910,Cardiovasculares,Bayer,Barranquilla,Alta (Invierno),Manual,36397.39,24842.64,11554.75,125,55,278,16.8,3.3,498,1,7,796,0,1,0,Pediatría,0.5,Cardiovasculares
3912,MED-4911,Vitaminas,Novartis,Medellín,Normal,Proveedor Programado,74147.69,60187.47,13960.22,234,70,239,8.54,5.63,286,1,13,740,0,1,0,Pediatría,0.5,Vitaminas
3913,MED-4912,Dermatológicos,Genfar,Barranquilla,Alta (Epidemia),Manual,72806.6,49943.54,22863.06,362,48,363,24.57,1.74,744,1,6,708,0,1,0,Gastrointestinales,0.5,Dermatológicos
3914,MED-4913,Higiene Personal,Bayer,Cartagena,Normal,Automático (ML),30992.46,24636.88,6355.58,330,76,377,35.22,6.87,1050,3,9,445,1,0,0,Pediatría,0.5,Higiene Personal
3915,MED-4914,Cardiovasculares,Sanofi,Cartagena,Promoción,Proveedor Programado,73824.81,59709.81,14115.0,189,47,159,8.51,5.13,241,1,3,375,1,1,0,Cardiovasculares,0.5,Cardiovasculares
3916,MED-4915,Antigripales,Genfar,Bogotá,Alta (Epidemia),Automático (ML),29689.7,21369.85,8319.85,250,13,383,17.27,7.44,527,3,14,820,1,1,0,Pediatría,1.0,Pediatría
3917,MED-4916,Analgésicos,Sanofi,Bogotá,Promoción,Automático (ML),39676.02,33185.12,6490.9,207,58,326,37.29,5.12,1129,0,3,397,1,1,0,Antigripales,0.25,Analgésicos
3918,MED-4917,Analgésicos,Novartis,Cali,Alta (Epidemia),Proveedor Programado,14811.46,9378.45,5433.01,495,57,294,22.4,3.61,675,3,4,889,1,0,0,Pediatría,0.5,Analgésicos
3919,MED-4918,Gastrointestinales,Pfizer,Barranquilla,Promoción,Automático (ML),37414.81,25920.83,11493.98,380,52,172,22.23,9.77,640,1,7,755,0,1,0,Pediatría,0.5,Gastrointestinales
3920,MED-4919,Higiene Personal,Bayer,Cartagena,Alta (Invierno),Automático (ML),56700.44,34505.75,22194.69,41,51,181,16.05,2.98,469,1,5,277,0,0,1,Dermatológicos,0.25,Higiene Personal
3921,MED-4920,Analgésicos,La Santé,Bogotá,Promoción,Proveedor Programado,32906.55,20827.09,12079.46,302,26,357,1.58,7.1,73,1,14,608,1,0,0,Pediatría,0.75,Pediatría
3922,MED-4921,Antibióticos,La Santé,Medellín,Alta (Epidemia),Automático (ML),66629.64,52290.68,14338.96,474,76,223,17.79,4.65,553,0,14,749,0,0,0,Pediatría,0.5,Antibióticos
3923,MED-4922,Vitaminas,Novartis,Bogotá,Alta (Epidemia),Proveedor Programado,63851.82,45602.73,18249.09,250,72,236,18.99,5.14,575,1,10,762,0,1,1,Pediatría,0.5,Vitaminas
3924,MED-4923,Dermatológicos,Genfar,Cali,Alta (Epidemia),Proveedor Programado,26177.54,21310.59,4866.95,374,32,305,4.52,9.57,164,2,11,888,0,1,1,Pediatría,0.75,Pediatría
3925,MED-4924,Cardiovasculares,MK,Cali,Alta (Invierno),Proveedor Programado,53219.15,32361.18,20857.97,334,30,309,25.59,5.96,780,0,7,226,1,0,0,Gastrointestinales,0.5,Cardiovasculares
3926,MED-4925,Antibióticos,Pfizer,Cali,Alta (Invierno),Automático (ML),71310.21,47212.4,24097.81,170,10,99,19.85,2.47,622,1,4,831,1,1,0,Dermatológicos,0.5,Antibióticos
3927,MED-4926,Diabetes,Abbott,Cartagena,Alta (Invierno),Automático (ML),9877.44,6413.46,3463.98,72,67,309,6.79,6.97,203,0,9,123,0,0,0,Pediatría,0.5,Diabetes
3928,MED-4927,Diabetes,Tecnoquímicas,Cartagena,Normal,Manual,33127.38,24963.07,8164.31,463,53,311,1.54,5.01,62,1,6,484,0,1,1,Pediatría,0.5,Diabetes
3929,MED-4928,Higiene Personal,Novartis,Bogotá,Promoción,Manual,26440.25,21089.08,5351.17,350,11,101,20.4,9.87,600,2,10,563,1,0,1,Pediatría,0.75,Pediatría
3930,MED-4929,Vitaminas,MK,Cartagena,Alta (Invierno),Automático (ML),11356.03,9342.64,2013.39,18,58,181,35.89,2.2,1100,2,1,520,1,1,1,Pediatría,0.75,Pediatría
3931,MED-4930,Pediatría,MK,Bogotá,Alta (Epidemia),Proveedor Programado,9358.13,5871.12,3487.01,107,66,355,1.1,1.6,11,1,4,788,1,1,1,Pediatría,0.75,Pediatría
3932,MED-4931,Gastrointestinales,Abbott,Barranquilla,Normal,Manual,19481.77,12206.37,7275.4,121,76,419,2.11,4.88,48,1,8,741,0,1,0,Pediatría,1.0,Pediatría
3933,MED-4932,Analgésicos,Tecnoquímicas,Cali,Promoción,Automático (ML),31570.75,24856.81,6713.94,493,40,214,33.85,8.41,1005,1,8,577,0,1,1,Pediatría,0.5,Analgésicos
3934,MED-4933,Gastrointestinales,Pfizer,Bogotá,Promoción,Manual,28216.76,23652.44,4564.32,121,28,309,27.74,3.8,820,1,7,717,1,1,0,Pediatría,0.75,Pediatría
3935,MED-4934,Antibióticos,La Santé,Medellín,Alta (Invierno),Manual,24925.03,16032.69,8892.34,21,31,137,14.46,7.85,419,2,3,196,0,0,1,Pediatría,0.5,Antibióticos
3936,MED-4935,Higiene Personal,Roche,Barranquilla,Normal,Manual,43292.17,32597.95,10694.22,234,37,238,26.59,1.28,789,2,2,596,0,1,1,Pediatría,0.5,Higiene Personal
3937,MED-4936,Cardiovasculares,Pfizer,Medellín,Alta (Invierno),Manual,55859.08,35238.0,20621.08,246,39,116,36.48,6.6,1092,3,2,488,1,1,1,Pediatría,0.75,Pediatría
3938,MED-4937,Antibióticos,Pfizer,Medellín,Promoción,Proveedor Programado,20795.85,13796.15,6999.7,97,64,391,28.55,9.61,883,1,12,500,0,1,0,Dermatológicos,0.25,Antibióticos
3939,MED-4938,Gastrointestinales,Sanofi,Bogotá,Alta (Invierno),Manual,16470.24,11909.73,4560.51,108,18,99,4.69,4.72,104,2,14,657,1,1,0,Pediatría,0.5,Gastrointestinales
3940,MED-4939,Higiene Personal,La Santé,Cartagena,Promoción,Proveedor Programado,68128.08,44684.91,23443.17,491,60,280,1.23,4.16,51,3,8,493,0,1,0,Pediatría,0.5,Higiene Personal
3941,MED-4940,Pediatría,Abbott,Barranquilla,Alta (Invierno),Manual,43065.62,33769.67,9295.95,496,27,236,30.76,8.36,930,3,8,406,0,0,1,Pediatría,0.75,Pediatría
3942,MED-4941,Antigripales,Abbott,Cartagena,Alta (Epidemia),Proveedor Programado,66071.38,48029.48,18041.9,194,10,354,25.33,7.66,764,0,3,771,1,1,1,Pediatría,0.5,Antigripales
3943,MED-4942,Diabetes,Tecnoquímicas,Cali,Alta (Epidemia),Manual,11870.98,8550.85,3320.13,13,63,273,23.1,0.52,710,1,14,376,0,1,1,Pediatría,0.75,Pediatría
3944,MED-4943,Pediatría,MK,Barranquilla,Alta (Invierno),Automático (ML),32196.16,24507.56,7688.6,19,17,92,37.23,2.85,1099,0,10,719,1,1,0,Pediatría,0.5,Pediatría
3945,MED-4944,Dermatológicos,Abbott,Cali,Normal,Proveedor Programado,46724.47,32778.15,13946.32,99,44,387,14.7,0.61,431,2,9,897,1,0,1,Pediatría,0.75,Pediatría
3946,MED-4945,Antigripales,La Santé,Cartagena,Alta (Invierno),Proveedor Programado,50612.67,36723.61,13889.06,16,33,414,11.92,6.61,367,3,13,493,1,0,1,Pediatría,0.75,Pediatría
3947,MED-4946,Pediatría,Roche,Barranquilla,Alta (Epidemia),Proveedor Programado,28089.72,21805.57,6284.15,193,49,111,37.57,5.96,1090,0,9,110,1,1,0,Pediatría,0.75,Pediatría
3948,MED-4947,Diabetes,La Santé,Barranquilla,Normal,Automático (ML),8273.91,5629.94,2643.97,138,76,255,7.13,8.38,194,0,5,759,1,1,0,Pediatría,0.75,Pediatría
3949,MED-4948,Dermatológicos,Bayer,Barranquilla,Alta (Invierno),Manual,43073.32,26868.7,16204.62,244,20,253,32.07,5.57,956,0,10,322,1,0,1,Pediatría,0.5,Dermatológicos
3950,MED-4949,Diabetes,Sanofi,Bogotá,Alta (Invierno),Automático (ML),48822.53,40946.56,7875.97,103,69,358,30.25,1.18,882,3,14,664,0,0,1,Pediatría,0.5,Diabetes
3951,MED-4950,Higiene Personal,Novartis,Medellín,Promoción,Proveedor Programado,54122.72,39492.25,14630.47,499,20,378,1.06,5.77,36,0,7,599,0,0,0,Dermatológicos,0.25,Higiene Personal
3952,MED-4951,Antigripales,Novartis,Cali,Alta (Epidemia),Manual,30299.58,25236.37,5063.21,437,54,386,22.8,4.28,692,1,7,646,0,0,1,Dermatológicos,0.5,Antigripales
3953,MED-4952,Pediatría,Roche,Cartagena,Alta (Epidemia),Manual,77676.96,51254.46,26422.5,428,44,199,16.35,6.56,483,2,7,365,1,0,0,Diabetes,0.5,Pediatría
3954,MED-4953,Antigripales,Pfizer,Medellín,Promoción,Automático (ML),60365.03,41450.73,18914.3,497,59,242,2.47,3.51,44,0,6,499,0,0,1,Pediatría,0.5,Antigripales
3955,MED-4954,Antigripales,La Santé,Cali,Normal,Automático (ML),44885.53,30413.6,14471.93,31,26,244,10.52,1.48,320,1,8,331,1,0,1,Dermatológicos,0.5,Antigripales
3956,MED-4955,Pediatría,Bayer,Medellín,Alta (Invierno),Manual,33964.35,23386.45,10577.9,294,76,254,38.25,3.14,1135,2,4,624,0,1,1,Dermatológicos,0.75,Dermatológicos
3957,MED-4956,Diabetes,Pfizer,Cali,Promoción,Proveedor Programado,79868.27,66451.6,13416.67,138,36,379,19.03,7.73,563,1,12,445,1,0,0,Gastrointestinales,0.25,Diabetes
3958,MED-4957,Gastrointestinales,La Santé,Cali,Alta (Epidemia),Proveedor Programado,74675.69,63294.45,11381.24,299,11,236,7.25,5.23,215,0,3,207,1,0,0,Cardiovasculares,0.5,Gastrointestinales
3959,MED-4958,Analgésicos,Bayer,Barranquilla,Normal,Automático (ML),23518.44,19351.67,4166.77,430,15,400,23.09,6.84,701,2,4,630,1,0,0,Pediatría,0.75,Pediatría
3960,MED-4959,Cardiovasculares,Tecnoquímicas,Cali,Alta (Epidemia),Proveedor Programado,13936.68,10415.47,3521.21,372,37,285,10.39,6.5,296,2,9,492,1,1,1,Pediatría,0.5,Cardiovasculares
3961,MED-4960,Antibióticos,MK,Bogotá,Alta (Invierno),Proveedor Programado,66182.34,40648.69,25533.65,200,52,102,34.17,7.38,958,1,5,270,0,0,1,Antigripales,0.25,Antibióticos
3962,MED-4961,Analgésicos,Sanofi,Cali,Normal,Automático (ML),46081.73,31283.32,14798.41,234,78,418,39.75,2.05,1184,3,7,178,1,0,0,Pediatría,0.5,Analgésicos
3963,MED-4962,Vitaminas,MK,Cartagena,Alta (Invierno),Proveedor Programado,56649.75,39409.48,17240.27,106,41,382,10.95,7.71,340,0,4,548,0,1,1,Pediatría,0.5,Vitaminas
3964,MED-4963,Dermatológicos,Tecnoquímicas,Barranquilla,Alta (Epidemia),Manual,72360.29,55030.9,17329.39,467,37,376,30.68,4.47,908,2,2,366,0,1,1,Pediatría,0.5,Dermatológicos
3965,MED-4964,Gastrointestinales,La Santé,Cali,Alta (Epidemia),Manual,21085.28,13282.45,7802.83,361,58,155,17.57,4.22,515,3,5,364,0,1,0,Cardiovasculares,0.75,Cardiovasculares
3966,MED-4965,Gastrointestinales,Sanofi,Bogotá,Promoción,Automático (ML),36837.1,26855.42,9981.68,312,79,407,38.8,8.55,1147,1,13,207,1,1,0,Dermatológicos,0.25,Gastrointestinales
3967,MED-4966,Antigripales,MK,Barranquilla,Promoción,Manual,25403.23,16400.77,9002.46,99,26,405,23.27,6.31,740,1,5,750,0,1,1,Pediatría,0.75,Pediatría
3968,MED-4967,Analgésicos,Bayer,Cartagena,Alta (Invierno),Proveedor Programado,55073.74,33902.53,21171.21,353,76,474,8.87,3.25,261,3,3,359,0,1,1,Pediatría,0.75,Pediatría
3969,MED-4968,Vitaminas,Sanofi,Cartagena,Normal,Manual,31057.19,19305.35,11751.84,181,28,304,31.25,1.61,944,1,5,519,0,0,0,Pediatría,0.75,Pediatría
3970,MED-4969,Pediatría,Abbott,Cali,Alta (Epidemia),Proveedor Programado,37809.63,32136.27,5673.36,221,71,391,5.45,4.94,157,2,3,638,0,1,0,Pediatría,0.75,Pediatría
3971,MED-4970,Diabetes,Roche,Bogotá,Promoción,Proveedor Programado,60647.8,44516.06,16131.74,204,65,432,16.17,2.06,502,2,9,509,1,0,0,Pediatría,0.5,Diabetes
3972,MED-4971,Gastrointestinales,Pfizer,Medellín,Normal,Manual,10850.08,9100.54,1749.54,448,65,448,30.86,8.44,947,1,6,307,0,0,1,Dermatológicos,0.25,Gastrointestinales
3973,MED-4972,Dermatológicos,Roche,Bogotá,Promoción,Automático (ML),72317.93,47097.28,25220.65,123,78,284,2.02,8.67,98,1,11,836,1,0,0,Pediatría,0.5,Dermatológicos
3974,MED-4973,Cardiovasculares,MK,Bogotá,Alta (Invierno),Proveedor Programado,75632.45,64029.11,11603.34,340,52,174,9.45,8.86,270,0,11,469,0,0,0,Dermatológicos,0.25,Cardiovasculares
3975,MED-4974,Pediatría,MK,Cartagena,Promoción,Proveedor Programado,46939.96,34153.18,12786.78,350,23,106,19.49,6.07,615,0,6,464,0,0,0,Pediatría,0.5,Pediatría
3976,MED-4975,Gastrointestinales,Genfar,Bogotá,Promoción,Manual,73185.33,48393.61,24791.72,387,24,295,21.0,5.4,638,0,8,145,0,0,1,Gastrointestinales,0.5,Gastrointestinales
3977,MED-4976,Analgésicos,Bayer,Cartagena,Alta (Invierno),Manual,29725.93,21006.84,8719.09,447,55,438,26.52,3.57,767,2,12,80,0,1,1,Pediatría,0.5,Analgésicos
3978,MED-4977,Dermatológicos,MK,Barranquilla,Normal,Automático (ML),22660.38,15844.84,6815.54,293,78,353,37.88,1.76,1152,2,1,612,1,1,1,Dermatológicos,0.5,Dermatológicos
3979,MED-4978,Higiene Personal,Novartis,Barranquilla,Alta (Invierno),Proveedor Programado,7238.03,4955.65,2282.38,224,19,230,34.56,0.58,1003,2,12,254,0,0,1,Pediatría,0.5,Higiene Personal
3980,MED-4979,Antigripales,MK,Medellín,Normal,Manual,75117.85,57088.71,18029.14,234,12,377,13.34,7.5,390,2,2,265,0,1,0,Pediatría,0.5,Antigripales
3981,MED-4980,Dermatológicos,Tecnoquímicas,Barranquilla,Promoción,Automático (ML),34819.52,23592.67,11226.85,16,38,135,5.41,9.48,162,3,4,68,1,0,1,Pediatría,0.5,Dermatológicos
3982,MED-4981,Diabetes,Sanofi,Bogotá,Promoción,Proveedor Programado,32928.61,24869.9,8058.71,359,29,315,37.27,7.81,1110,2,9,250,0,1,1,Pediatría,1.0,Pediatría
3983,MED-4982,Diabetes,MK,Cali,Alta (Epidemia),Manual,68928.06,44850.11,24077.95,249,25,76,37.14,7.7,1114,1,10,891,1,1,0,Gastrointestinales,0.25,Diabetes
3984,MED-4983,Diabetes,Novartis,Barranquilla,Alta (Epidemia),Automático (ML),27775.23,22580.87,5194.36,89,73,348,26.97,2.38,797,3,3,261,1,1,0,Pediatría,0.5,Diabetes
3985,MED-4984,Diabetes,Bayer,Cartagena,Alta (Epidemia),Automático (ML),10881.03,8134.5,2746.53,235,25,85,21.59,5.35,655,2,5,633,1,1,1,Pediatría,0.75,Pediatría
3986,MED-4985,Diabetes,Bayer,Barranquilla,Normal,Manual,26157.52,21908.53,4248.99,310,39,415,27.87,9.3,820,2,11,126,1,0,1,Pediatría,0.5,Diabetes
3987,MED-4986,Vitaminas,Sanofi,Cartagena,Normal,Proveedor Programado,33985.88,27909.88,6076.0,448,49,158,2.94,1.84,99,1,6,257,0,0,1,Pediatría,0.5,Vitaminas
3988,MED-4987,Antibióticos,Sanofi,Cali,Normal,Automático (ML),32364.12,20703.25,11660.87,361,22,315,12.49,5.12,390,1,11,197,0,0,1,Pediatría,0.75,Pediatría
3989,MED-4988,Antigripales,Abbott,Bogotá,Promoción,Manual,5211.28,3796.25,1415.03,373,52,213,21.76,7.96,645,3,3,48,1,1,1,Cardiovasculares,0.5,Antigripales
3990,MED-4989,Higiene Personal,Novartis,Bogotá,Alta (Invierno),Manual,40135.41,28096.07,12039.34,218,25,121,33.9,9.61,1016,0,2,516,1,1,1,Dermatológicos,0.5,Higiene Personal
3991,MED-4990,Diabetes,Roche,Cali,Normal,Manual,69590.4,44113.65,25476.75,8,20,291,13.82,3.69,444,2,1,739,1,0,0,Dermatológicos,0.75,Dermatológicos
3992,MED-4991,Vitaminas,Tecnoquímicas,Medellín,Alta (Epidemia),Manual,23122.06,17045.59,6076.47,392,55,351,18.81,1.74,564,2,14,680,1,1,0,Pediatría,0.5,Vitaminas
3993,MED-4992,Cardiovasculares,Bayer,Bogotá,Normal,Proveedor Programado,27550.53,17148.27,10402.26,124,48,278,14.53,5.78,424,1,9,787,1,0,1,Pediatría,0.5,Cardiovasculares
3994,MED-4993,Analgésicos,Pfizer,Barranquilla,Normal,Proveedor Programado,25446.24,20801.86,4644.38,139,10,129,5.93,2.2,181,2,1,737,1,1,0,Pediatría,0.5,Analgésicos
3995,MED-4994,Gastrointestinales,MK,Bogotá,Promoción,Automático (ML),55709.63,43458.99,12250.64,453,15,357,18.8,4.0,561,0,14,787,0,0,1,Gastrointestinales,0.5,Gastrointestinales
3996,MED-4995,Dermatológicos,Bayer,Cali,Alta (Invierno),Manual,16167.27,10153.38,6013.89,160,75,390,30.46,1.07,929,1,11,373,1,1,1,Dermatológicos,0.25,Dermatológicos
3997,MED-4996,Pediatría,Sanofi,Barranquilla,Alta (Invierno),Proveedor Programado,68460.54,44848.15,23612.39,489,48,247,26.33,2.0,785,1,14,36,1,1,0,Diabetes,0.5,Pediatría
3998,MED-4997,Analgésicos,La Santé,Bogotá,Normal,Manual,65860.27,51872.05,13988.22,388,34,320,20.11,4.79,595,2,12,898,0,0,1,Pediatría,0.5,Analgésicos
3999,MED-4998,Analgésicos,Pfizer,Barranquilla,Alta (Epidemia),Manual,10385.02,8636.47,1748.55,237,19,286,11.48,6.88,352,1,11,878,0,0,1,Pediatría,1.0,Pediatría
4000,MED-4999,Analgésicos,MK,Cali,Alta (Epidemia),Proveedor Programado,65494.18,45672.0,19822.18,253,63,299,5.82,6.72,177,2,5,563,1,0,0,Pediatría,0.5,Analgésicos
4001,MED-5000,Pediatría,MK,Bogotá,Normal,Manual,40957.04,27733.52,13223.52,406,14,220,25.76,7.53,752,0,1,59,0,1,1,Antigripales,0.25,Pediatría
4002,MED-5001,Pediatría,Roche,Barranquilla,Alta (Epidemia),Proveedor Programado,43911.43,29521.68,14389.75,392,19,293,23.25,9.27,707,1,14,100,1,1,0,Gastrointestinales,0.5,Pediatría
4003,MED-5002,Pediatría,Sanofi,Cali,Promoción,Proveedor Programado,52436.9,40234.09,12202.81,32,20,216,29.03,2.13,864,1,4,687,1,1,0,Dermatológicos,0.5,Pediatría
4004,MED-5003,Gastrointestinales,MK,Barranquilla,Alta (Epidemia),Proveedor Programado,15426.09,12694.66,2731.43,60,28,385,24.75,7.45,768,0,11,682,0,0,1,Dermatológicos,0.25,Gastrointestinales
4005,MED-5004,Antibióticos,Sanofi,Cali,Normal,Automático (ML),41837.41,32982.02,8855.39,81,19,165,5.35,6.22,152,0,5,244,0,1,1,Pediatría,0.5,Antibióticos
4006,MED-5005,Analgésicos,La Santé,Bogotá,Alta (Invierno),Manual,4843.34,3089.83,1753.51,422,79,137,28.64,5.82,841,2,6,422,1,0,1,Dermatológicos,0.5,Analgésicos
4007,MED-5006,Cardiovasculares,Sanofi,Cartagena,Promoción,Automático (ML),39330.97,28890.9,10440.07,386,62,139,6.86,7.35,198,1,1,850,0,1,0,Pediatría,0.5,Cardiovasculares
4008,MED-5007,Higiene Personal,La Santé,Cali,Promoción,Manual,28114.6,18715.11,9399.49,484,11,108,24.03,2.26,688,1,2,600,1,1,0,Pediatría,0.75,Pediatría
4009,MED-5008,Gastrointestinales,Novartis,Cali,Promoción,Proveedor Programado,23207.25,16664.67,6542.58,289,32,100,32.81,5.84,995,1,11,270,0,1,1,Pediatría,0.5,Gastrointestinales
4010,MED-5009,Pediatría,Roche,Bogotá,Normal,Manual,8791.17,6331.27,2459.9,497,13,219,13.49,7.32,386,3,10,716,1,1,0,Pediatría,0.75,Pediatría
4011,MED-5010,Dermatológicos,Bayer,Cali,Promoción,Automático (ML),6968.0,4891.44,2076.56,384,53,263,34.55,9.83,1020,0,13,143,1,1,0,Dermatológicos,0.25,Dermatológicos
4012,MED-5011,Pediatría,Roche,Cartagena,Promoción,Manual,16436.03,10122.08,6313.95,260,29,217,25.54,6.44,767,5,2,187,0,1,1,Cardiovasculares,0.5,Pediatría
4013,MED-5012,Antigripales,La Santé,Medellín,Promoción,Proveedor Programado,22542.99,14205.78,8337.21,323,44,184,7.51,0.93,223,2,7,120,0,0,0,Pediatría,0.5,Antigripales
4014,MED-5013,Antibióticos,Bayer,Cartagena,Alta (Epidemia),Proveedor Programado,59873.55,39638.97,20234.58,305,79,474,24.67,5.04,740,0,5,679,0,1,1,Pediatría,0.5,Antibióticos
4015,MED-5014,Cardiovasculares,Novartis,Cartagena,Alta (Epidemia),Proveedor Programado,34310.18,28159.4,6150.78,417,38,189,22.04,9.18,652,0,14,815,0,0,0,Pediatría,0.5,Cardiovasculares
4016,MED-5015,Antigripales,La Santé,Cartagena,Promoción,Manual,76029.89,50502.06,25527.83,60,73,210,7.08,7.46,221,3,8,361,0,0,1,Pediatría,0.5,Antigripales
4017,MED-5016,Antigripales,Tecnoquímicas,Cartagena,Normal,Manual,60824.61,45152.94,15671.67,187,65,134,14.2,8.59,441,1,8,593,0,0,1,Pediatría,0.5,Antigripales
4018,MED-5017,Dermatológicos,MK,Cali,Promoción,Proveedor Programado,38161.64,32068.51,6093.13,392,51,291,37.5,7.46,1131,3,7,773,0,0,1,Pediatría,0.75,Pediatría
4019,MED-5018,Gastrointestinales,Tecnoquímicas,Cartagena,Alta (Invierno),Proveedor Programado,49741.78,38339.5,11402.28,261,58,251,32.58,2.55,938,4,11,76,1,0,0,Pediatría,0.75,Pediatría
4020,MED-5019,Antibióticos,Tecnoquímicas,Barranquilla,Alta (Epidemia),Proveedor Programado,58078.47,38877.83,19200.64,37,70,330,12.4,3.78,347,0,11,238,1,1,1,Pediatría,0.5,Antibióticos
4021,MED-5020,Cardiovasculares,Bayer,Cali,Alta (Invierno),Proveedor Programado,36456.76,25777.6,10679.16,71,67,412,32.0,7.03,920,1,6,91,0,1,0,Dermatológicos,0.5,Cardiovasculares
4022,MED-5021,Diabetes,Novartis,Cali,Promoción,Manual,28455.95,17688.88,10767.07,389,70,279,26.95,2.07,830,4,10,295,0,1,1,Pediatría,0.75,Pediatría
4023,MED-5022,Antibióticos,Abbott,Medellín,Promoción,Automático (ML),18695.02,11395.08,7299.94,75,44,144,9.66,6.79,304,1,6,208,0,1,1,Pediatría,0.75,Pediatría
4024,MED-5023,Vitaminas,Roche,Medellín,Promoción,Automático (ML),73601.2,44335.79,29265.41,273,62,142,6.13,2.98,224,3,10,216,1,1,1,Dermatológicos,0.25,Vitaminas
4025,MED-5024,Diabetes,La Santé,Cali,Alta (Epidemia),Automático (ML),62135.27,49825.9,12309.37,256,70,186,21.16,2.44,624,1,1,635,1,1,1,Cardiovasculares,0.5,Diabetes
4026,MED-5025,Antibióticos,Genfar,Cali,Normal,Manual,53864.93,42160.11,11704.82,362,17,229,28.88,8.35,862,0,3,389,0,0,1,Antigripales,0.25,Antibióticos
4027,MED-5026,Analgésicos,La Santé,Cartagena,Promoción,Manual,68490.48,47716.53,20773.95,420,21,213,6.85,5.88,223,0,3,135,1,1,0,Dermatológicos,0.25,Analgésicos
4028,MED-5027,Pediatría,Genfar,Cali,Promoción,Manual,41034.42,26294.76,14739.66,450,71,466,16.6,3.4,499,3,6,405,0,0,0,Pediatría,0.75,Pediatría
4029,MED-5028,Dermatológicos,Novartis,Cali,Alta (Epidemia),Automático (ML),39654.15,30495.82,9158.33,354,77,344,37.81,2.58,1078,0,13,709,0,1,1,Dermatológicos,0.25,Dermatológicos
4030,MED-5029,Cardiovasculares,Pfizer,Bogotá,Alta (Epidemia),Automático (ML),33411.16,26082.42,7328.74,314,75,134,31.49,9.89,917,1,6,71,1,0,0,Dermatológicos,0.5,Cardiovasculares
4031,MED-5030,Antigripales,Bayer,Barranquilla,Normal,Proveedor Programado,62265.52,43807.72,18457.8,209,59,194,39.7,8.14,1166,2,1,888,1,1,1,Dermatológicos,0.5,Antigripales
4032,MED-5031,Higiene Personal,Bayer,Cali,Alta (Invierno),Manual,22731.34,13837.41,8893.93,320,57,113,34.78,4.76,1039,0,6,860,1,0,0,Pediatría,0.5,Higiene Personal
4033,MED-5032,Vitaminas,Abbott,Cali,Alta (Invierno),Manual,47869.25,39743.3,8125.95,497,28,154,39.14,1.22,1188,1,2,623,0,0,1,Pediatría,0.75,Pediatría
4034,MED-5033,Vitaminas,Abbott,Bogotá,Promoción,Proveedor Programado,22252.9,14367.02,7885.88,359,13,147,29.02,6.45,839,2,7,304,0,1,1,Pediatría,0.5,Vitaminas
4035,MED-5034,Diabetes,La Santé,Barranquilla,Alta (Invierno),Manual,5462.53,3882.55,1579.98,115,13,84,13.9,5.79,413,2,6,442,0,0,0,Pediatría,1.0,Pediatría
4036,MED-5035,Antigripales,Novartis,Bogotá,Promoción,Proveedor Programado,31182.55,22287.08,8895.47,459,53,156,14.65,2.91,424,1,3,822,0,1,0,Pediatría,0.5,Antigripales
4037,MED-5036,Cardiovasculares,Sanofi,Bogotá,Alta (Epidemia),Proveedor Programado,40324.59,24608.81,15715.78,445,70,160,37.28,2.06,1116,2,5,671,1,1,1,Pediatría,0.5,Cardiovasculares
4038,MED-5037,Higiene Personal,Sanofi,Barranquilla,Alta (Invierno),Automático (ML),34682.32,23722.79,10959.53,329,12,325,27.9,2.26,815,5,3,779,1,1,1,Pediatría,0.75,Pediatría
4039,MED-5038,Antibióticos,Novartis,Bogotá,Alta (Invierno),Proveedor Programado,7618.6,6160.31,1458.29,495,58,109,30.08,7.1,888,1,13,107,0,1,0,Pediatría,0.5,Antibióticos
4040,MED-5039,Antibióticos,MK,Cartagena,Promoción,Automático (ML),63037.28,51469.36,11567.92,258,15,147,31.83,8.41,993,1,7,442,0,1,1,Gastrointestinales,0.25,Antibióticos
4041,MED-5040,Cardiovasculares,Roche,Cartagena,Alta (Epidemia),Manual,51068.77,36805.27,14263.5,59,31,229,15.15,2.96,483,1,1,266,0,1,1,Dermatológicos,0.5,Cardiovasculares
4042,MED-5041,Analgésicos,La Santé,Medellín,Normal,Manual,73826.44,58824.17,15002.27,231,31,266,24.45,6.11,712,0,2,736,0,0,0,Cardiovasculares,0.5,Analgésicos
4043,MED-5042,Pediatría,Novartis,Cartagena,Promoción,Manual,5499.88,3877.26,1622.62,120,29,351,27.82,2.62,850,2,10,56,0,0,0,Pediatría,1.0,Pediatría
4044,MED-5043,Analgésicos,Genfar,Barranquilla,Promoción,Proveedor Programado,7555.03,4899.76,2655.27,269,60,264,39.01,2.81,1178,0,11,776,1,1,0,Dermatológicos,0.25,Analgésicos
4045,MED-5044,Diabetes,Abbott,Cartagena,Promoción,Manual,54957.1,38625.11,16331.99,221,46,175,30.18,2.68,888,1,9,434,1,1,0,Gastrointestinales,0.5,Diabetes
4046,MED-5045,Diabetes,MK,Cartagena,Promoción,Proveedor Programado,65936.31,41078.25,24858.06,245,43,347,10.44,5.18,281,0,8,548,1,0,0,Pediatría,0.5,Diabetes
4047,MED-5046,Vitaminas,Bayer,Cartagena,Promoción,Automático (ML),7247.81,5535.94,1711.87,485,31,267,25.07,4.64,770,1,7,293,0,1,1,Pediatría,0.5,Vitaminas
4048,MED-5047,Antibióticos,Bayer,Barranquilla,Alta (Invierno),Proveedor Programado,48975.78,37013.21,11962.57,486,67,182,18.28,3.84,546,3,11,773,0,0,1,Pediatría,0.5,Antibióticos
4049,MED-5048,Gastrointestinales,La Santé,Barranquilla,Alta (Invierno),Automático (ML),41260.94,27433.1,13827.84,134,78,389,26.72,4.26,801,0,9,135,1,0,0,Dermatológicos,0.5,Gastrointestinales
4050,MED-5049,Vitaminas,Abbott,Barranquilla,Normal,Manual,31162.4,22528.6,8633.8,36,21,268,32.28,2.09,946,2,5,121,1,1,0,Pediatría,1.0,Pediatría
4051,MED-5050,Gastrointestinales,Novartis,Cali,Promoción,Manual,8675.26,7232.21,1443.05,373,48,339,15.18,0.53,464,2,6,163,0,0,1,Pediatría,0.75,Pediatría
4052,MED-5051,Antigripales,MK,Medellín,Alta (Epidemia),Automático (ML),8276.1,6190.55,2085.55,173,34,234,28.05,6.85,861,2,8,772,0,1,0,Pediatría,0.5,Antigripales
4053,MED-5052,Dermatológicos,Bayer,Medellín,Alta (Epidemia),Automático (ML),68528.88,56166.45,12362.43,289,74,408,24.03,9.57,719,0,6,261,1,1,1,Antigripales,0.25,Dermatológicos
4054,MED-5053,Higiene Personal,Roche,Medellín,Promoción,Automático (ML),25438.7,20344.64,5094.06,469,12,78,4.98,2.45,153,1,14,741,0,1,0,Pediatría,0.75,Pediatría
4055,MED-5054,Antibióticos,Sanofi,Barranquilla,Normal,Automático (ML),27612.39,20431.94,7180.45,234,49,297,7.54,1.51,223,3,3,34,1,1,1,Cardiovasculares,0.5,Antibióticos
4056,MED-5055,Diabetes,Genfar,Cartagena,Promoción,Automático (ML),67150.99,53269.71,13881.28,419,11,122,8.69,6.95,252,1,13,304,1,0,1,Dermatológicos,0.25,Diabetes
4057,MED-5056,Dermatológicos,Novartis,Cali,Promoción,Automático (ML),43078.38,30395.26,12683.12,249,24,111,1.21,8.91,32,3,2,551,0,0,0,Pediatría,0.5,Dermatológicos
4058,MED-5057,Vitaminas,Roche,Bogotá,Alta (Invierno),Automático (ML),33563.77,21390.88,12172.89,68,49,127,19.41,2.24,575,3,4,680,1,1,1,Cardiovasculares,0.5,Vitaminas
4059,MED-5058,Diabetes,Bayer,Bogotá,Promoción,Manual,4409.8,3746.18,663.62,421,72,272,32.71,9.13,1004,0,3,178,0,1,1,Dermatológicos,0.5,Diabetes
4060,MED-5059,Pediatría,Roche,Cali,Alta (Invierno),Automático (ML),10389.76,7923.38,2466.38,387,15,387,5.14,5.14,168,1,10,145,1,0,1,Pediatría,0.75,Pediatría
4061,MED-5060,Cardiovasculares,Bayer,Cartagena,Alta (Epidemia),Manual,62338.59,47439.71,14898.88,420,15,135,9.81,5.99,281,3,5,601,0,0,0,Cardiovasculares,0.5,Cardiovasculares
4062,MED-5061,Analgésicos,Genfar,Medellín,Normal,Proveedor Programado,63614.89,49792.11,13822.78,400,16,290,9.29,9.15,279,1,2,594,0,0,1,Cardiovasculares,0.5,Analgésicos
4063,MED-5062,Antibióticos,Sanofi,Medellín,Alta (Invierno),Manual,50079.02,35661.45,14417.57,308,21,330,17.04,1.84,491,0,13,433,1,1,0,Dermatológicos,0.25,Antibióticos
4064,MED-5063,Gastrointestinales,Novartis,Bogotá,Normal,Proveedor Programado,62629.55,41894.32,20735.23,384,30,255,30.61,3.26,894,3,7,709,0,0,1,Pediatría,0.75,Pediatría
4065,MED-5064,Antigripales,Genfar,Barranquilla,Alta (Epidemia),Manual,70147.68,55650.35,14497.33,235,51,325,11.75,1.94,351,0,13,632,1,1,1,Pediatría,0.5,Antigripales
4066,MED-5065,Analgésicos,MK,Barranquilla,Promoción,Manual,62396.39,51313.69,11082.7,42,31,143,34.82,4.56,1043,0,7,509,1,0,1,Antigripales,0.25,Analgésicos
4067,MED-5066,Cardiovasculares,La Santé,Cartagena,Promoción,Proveedor Programado,5574.34,3785.85,1788.49,362,69,403,6.75,1.81,224,2,10,627,1,1,1,Pediatría,1.0,Pediatría
4068,MED-5067,Gastrointestinales,Abbott,Cali,Alta (Epidemia),Proveedor Programado,15041.8,9917.33,5124.47,4,71,355,18.78,0.78,577,2,7,229,1,1,0,Pediatría,0.75,Pediatría
4069,MED-5068,Gastrointestinales,La Santé,Medellín,Promoción,Manual,27153.31,20412.04,6741.27,85,28,140,2.19,5.07,115,0,8,633,0,1,0,Pediatría,0.75,Pediatría
4070,MED-5069,Dermatológicos,Novartis,Cali,Alta (Epidemia),Manual,63180.74,45412.23,17768.51,457,61,241,8.4,7.05,256,3,9,414,0,1,0,Pediatría,0.5,Dermatológicos
4071,MED-5070,Gastrointestinales,MK,Cali,Alta (Invierno),Manual,69963.15,53169.95,16793.2,408,76,337,12.95,3.33,378,3,9,40,1,0,0,Pediatría,0.5,Gastrointestinales
4072,MED-5071,Cardiovasculares,La Santé,Bogotá,Normal,Proveedor Programado,70246.33,51701.28,18545.05,31,27,244,23.59,5.25,697,0,7,321,0,0,1,Antigripales,0.25,Cardiovasculares
4073,MED-5072,Gastrointestinales,Abbott,Cali,Alta (Epidemia),Automático (ML),79288.07,64513.4,14774.67,216,72,360,38.3,4.72,1134,2,14,251,0,0,0,Gastrointestinales,0.5,Gastrointestinales
4074,MED-5073,Analgésicos,MK,Barranquilla,Promoción,Proveedor Programado,66368.27,50193.91,16174.36,206,39,275,3.38,8.29,120,1,5,502,1,1,0,Cardiovasculares,0.5,Analgésicos
4075,MED-5074,Analgésicos,Novartis,Cartagena,Alta (Invierno),Automático (ML),52237.8,34041.17,18196.63,146,41,403,3.31,7.84,59,1,11,582,0,0,1,Pediatría,0.5,Analgésicos
4076,MED-5075,Antigripales,MK,Bogotá,Alta (Invierno),Proveedor Programado,45894.75,38391.15,7503.6,225,76,422,8.95,2.17,285,1,7,566,1,1,0,Pediatría,0.5,Antigripales
4077,MED-5076,Vitaminas,Roche,Medellín,Promoción,Manual,73054.01,50882.85,22171.16,411,31,110,31.53,1.27,956,0,9,499,1,0,1,Gastrointestinales,0.5,Vitaminas
4078,MED-5077,Antibióticos,MK,Bogotá,Normal,Automático (ML),67102.01,51685.6,15416.41,170,12,340,19.05,4.32,557,2,7,340,0,1,1,Dermatológicos,0.5,Antibióticos
4079,MED-5078,Pediatría,La Santé,Cartagena,Normal,Proveedor Programado,17564.55,10781.98,6782.57,278,24,200,12.44,1.38,404,2,5,111,0,1,1,Cardiovasculares,0.25,Pediatría
4080,MED-5079,Pediatría,Tecnoquímicas,Bogotá,Alta (Invierno),Proveedor Programado,62556.41,46629.62,15926.79,218,38,240,3.64,5.5,115,1,4,45,0,0,1,Dermatológicos,0.5,Pediatría
4081,MED-5080,Dermatológicos,Sanofi,Bogotá,Normal,Proveedor Programado,72870.73,61023.47,11847.26,440,78,377,17.39,1.48,566,1,8,375,0,0,0,Pediatría,0.5,Dermatológicos
4082,MED-5081,Dermatológicos,Genfar,Cali,Alta (Epidemia),Automático (ML),63194.93,49169.76,14025.17,199,65,411,21.66,1.0,617,4,10,469,0,0,0,Pediatría,0.75,Pediatría
4083,MED-5082,Pediatría,Roche,Barranquilla,Alta (Invierno),Automático (ML),28717.47,20636.19,8081.28,363,13,306,16.54,0.58,459,2,1,636,1,1,0,Pediatría,0.5,Pediatría
4084,MED-5083,Vitaminas,Abbott,Medellín,Alta (Epidemia),Manual,42391.68,33182.2,9209.48,182,63,371,32.51,7.86,966,2,12,326,0,0,0,Dermatológicos,0.5,Vitaminas
4085,MED-5084,Analgésicos,MK,Cartagena,Normal,Proveedor Programado,21217.4,15966.38,5251.02,363,34,382,6.13,2.55,192,1,3,790,0,0,0,Pediatría,1.0,Pediatría
4086,MED-5085,Analgésicos,Pfizer,Cali,Alta (Epidemia),Proveedor Programado,66232.12,48886.98,17345.14,497,30,362,32.78,8.4,997,1,1,897,0,0,0,Pediatría,0.5,Analgésicos
4087,MED-5086,Higiene Personal,Novartis,Cartagena,Normal,Proveedor Programado,57824.9,44548.34,13276.56,403,15,287,7.02,8.92,194,0,8,306,1,1,1,Pediatría,0.5,Higiene Personal
4088,MED-5087,Gastrointestinales,MK,Medellín,Normal,Proveedor Programado,31740.55,25336.78,6403.77,411,27,90,21.45,1.36,661,1,8,838,0,0,0,Pediatría,0.75,Pediatría
4089,MED-5088,Antibióticos,Genfar,Medellín,Alta (Epidemia),Automático (ML),56948.05,37692.02,19256.03,40,50,270,39.48,7.46,1190,3,11,323,0,0,1,Pediatría,0.75,Pediatría
4090,MED-5089,Vitaminas,Genfar,Barranquilla,Promoción,Automático (ML),28276.29,20775.18,7501.11,63,53,326,1.08,7.73,8,3,12,723,0,1,0,Cardiovasculares,0.5,Vitaminas
4091,MED-5090,Diabetes,Pfizer,Bogotá,Alta (Invierno),Proveedor Programado,7978.5,6544.89,1433.61,472,45,357,27.0,3.52,797,0,9,579,0,0,1,Dermatológicos,0.25,Diabetes
4092,MED-5091,Dermatológicos,Bayer,Cali,Normal,Manual,46999.43,31098.08,15901.35,161,75,463,17.96,2.9,559,2,1,95,0,0,0,Dermatológicos,0.5,Dermatológicos
4093,MED-5092,Analgésicos,Genfar,Cali,Alta (Epidemia),Proveedor Programado,3370.25,2203.47,1166.78,128,14,178,21.33,0.56,626,1,8,709,1,1,0,Pediatría,0.75,Pediatría
4094,MED-5093,Diabetes,Pfizer,Cali,Promoción,Automático (ML),27002.47,18068.29,8934.18,375,39,251,22.62,1.42,650,1,5,461,1,0,1,Pediatría,0.5,Diabetes
4095,MED-5094,Diabetes,La Santé,Medellín,Alta (Epidemia),Proveedor Programado,6659.67,4772.44,1887.23,411,14,282,3.07,9.73,141,3,9,870,1,0,0,Pediatría,0.75,Pediatría
4096,MED-5095,Antibióticos,Sanofi,Medellín,Normal,Automático (ML),27739.88,20615.06,7124.82,118,17,148,12.87,6.33,363,2,11,121,0,0,1,Pediatría,0.75,Pediatría
4097,MED-5096,Higiene Personal,Pfizer,Bogotá,Normal,Automático (ML),40339.23,33686.68,6652.55,272,37,122,38.8,3.97,1184,1,6,657,1,0,0,Pediatría,0.5,Higiene Personal
4098,MED-5097,Pediatría,Roche,Barranquilla,Alta (Invierno),Manual,27371.59,20926.1,6445.49,416,70,347,20.15,1.19,600,1,14,509,1,1,1,Pediatría,0.5,Pediatría
4099,MED-5098,Analgésicos,Bayer,Cali,Alta (Epidemia),Automático (ML),13460.41,9802.4,3658.01,106,75,426,20.46,9.79,605,0,8,450,1,1,0,Dermatológicos,0.25,Analgésicos
4100,MED-5099,Vitaminas,Genfar,Medellín,Promoción,Manual,56106.62,39373.82,16732.8,432,53,406,34.78,4.33,1067,2,5,266,0,1,0,Dermatológicos,0.5,Vitaminas
4101,MED-5100,Gastrointestinales,Novartis,Bogotá,Normal,Proveedor Programado,50199.95,39813.03,10386.92,182,18,299,2.52,5.96,77,2,11,474,1,0,1,Dermatológicos,0.5,Gastrointestinales
4102,MED-5101,Analgésicos,Novartis,Barranquilla,Alta (Invierno),Manual,14914.06,11748.2,3165.86,94,44,361,21.41,1.57,655,1,13,887,0,0,1,Pediatría,0.5,Analgésicos
4103,MED-5102,Antigripales,Bayer,Barranquilla,Alta (Epidemia),Proveedor Programado,18378.27,12163.54,6214.73,210,48,389,1.4,6.93,40,1,12,104,1,1,1,Pediatría,0.75,Pediatría
4104,MED-5103,Higiene Personal,Novartis,Cartagena,Alta (Invierno),Proveedor Programado,35033.29,21176.03,13857.26,331,32,223,5.45,8.36,162,2,13,746,0,0,1,Pediatría,0.5,Higiene Personal
4105,MED-5104,Gastrointestinales,Roche,Bogotá,Promoción,Manual,18043.55,13719.83,4323.72,358,68,338,8.33,1.52,229,3,14,82,0,1,0,Pediatría,0.75,Pediatría
4106,MED-5105,Gastrointestinales,Novartis,Cali,Alta (Epidemia),Automático (ML),30901.33,23299.24,7602.09,319,41,382,16.17,5.78,493,2,13,296,1,0,0,Pediatría,1.0,Pediatría
4107,MED-5106,Pediatría,Pfizer,Cartagena,Promoción,Manual,9717.07,7295.27,2421.8,13,12,347,32.88,2.8,992,2,4,715,0,1,0,Pediatría,1.0,Pediatría
4108,MED-5107,Antigripales,Sanofi,Barranquilla,Alta (Invierno),Proveedor Programado,51831.81,43492.81,8339.0,54,67,223,26.02,8.57,791,2,12,447,1,0,1,Pediatría,0.5,Antigripales
4109,MED-5108,Pediatría,Genfar,Medellín,Alta (Invierno),Proveedor Programado,73264.35,53824.6,19439.75,376,61,143,20.43,5.38,625,0,12,732,0,0,1,Gastrointestinales,0.25,Pediatría
4110,MED-5109,Antigripales,Sanofi,Cali,Promoción,Automático (ML),72832.88,50249.73,22583.15,284,18,153,35.63,1.72,1060,0,4,489,1,1,1,Gastrointestinales,0.5,Antigripales
4111,MED-5110,Dermatológicos,Novartis,Barranquilla,Promoción,Proveedor Programado,41417.83,26975.51,14442.32,150,65,256,21.99,1.08,639,2,4,41,1,0,1,Dermatológicos,0.5,Dermatológicos
4112,MED-5111,Antigripales,Abbott,Bogotá,Alta (Invierno),Manual,20371.9,15023.38,5348.52,39,15,375,5.9,2.86,197,1,8,750,1,0,0,Pediatría,1.0,Pediatría
4113,MED-5112,Diabetes,La Santé,Cali,Alta (Invierno),Proveedor Programado,3424.62,2204.96,1219.66,213,36,133,27.8,7.91,840,2,14,356,1,1,1,Pediatría,0.75,Pediatría
4114,MED-5113,Analgésicos,Pfizer,Cali,Alta (Epidemia),Proveedor Programado,11593.13,7436.86,4156.27,371,64,410,16.39,9.51,454,2,5,258,1,0,0,Dermatológicos,0.25,Analgésicos
4115,MED-5114,Antibióticos,Tecnoquímicas,Cali,Normal,Automático (ML),41438.28,30952.3,10485.98,155,14,382,31.53,4.98,947,3,13,789,1,0,0,Pediatría,0.5,Antibióticos
4116,MED-5115,Dermatológicos,Genfar,Barranquilla,Normal,Manual,11260.97,9465.4,1795.57,428,73,366,28.14,9.76,852,2,9,73,1,1,0,Dermatológicos,0.25,Dermatológicos
4117,MED-5116,Antibióticos,Tecnoquímicas,Barranquilla,Normal,Manual,18782.8,12903.83,5878.97,295,67,231,17.6,6.07,494,1,9,825,1,0,0,Cardiovasculares,0.5,Antibióticos
4118,MED-5117,Higiene Personal,Roche,Medellín,Promoción,Proveedor Programado,58033.25,39116.16,18917.09,303,66,380,17.77,1.21,535,0,14,112,0,1,1,Gastrointestinales,0.25,Higiene Personal
4119,MED-5118,Gastrointestinales,Tecnoquímicas,Barranquilla,Alta (Epidemia),Automático (ML),62268.46,39502.7,22765.76,270,49,239,17.13,9.6,518,0,2,138,0,1,0,Cardiovasculares,0.5,Gastrointestinales
4120,MED-5119,Cardiovasculares,Novartis,Cali,Alta (Invierno),Automático (ML),42924.46,33969.7,8954.76,388,52,149,25.62,7.37,781,1,14,479,1,0,1,Gastrointestinales,0.25,Cardiovasculares
4121,MED-5120,Analgésicos,Genfar,Cali,Alta (Epidemia),Proveedor Programado,32032.38,23244.43,8787.95,363,11,73,2.66,8.73,41,2,13,257,1,1,1,Pediatría,0.5,Analgésicos
4122,MED-5121,Pediatría,La Santé,Barranquilla,Promoción,Manual,55129.46,36753.52,18375.94,191,41,133,28.92,0.69,879,3,9,334,0,0,0,Pediatría,0.5,Pediatría
4123,MED-5122,Antibióticos,Pfizer,Cartagena,Promoción,Proveedor Programado,62241.59,38648.4,23593.19,314,74,203,4.03,3.83,139,3,3,443,0,0,1,Pediatría,0.5,Antibióticos
4124,MED-5123,Vitaminas,Genfar,Cartagena,Promoción,Proveedor Programado,40599.94,30876.96,9722.98,198,55,300,17.42,1.34,526,1,12,511,1,1,0,Pediatría,0.5,Vitaminas
4125,MED-5124,Antibióticos,Abbott,Medellín,Promoción,Proveedor Programado,63185.08,43192.15,19992.93,187,38,376,32.04,8.94,944,1,7,330,0,1,0,Dermatológicos,0.5,Antibióticos
4126,MED-5125,Pediatría,La Santé,Barranquilla,Normal,Proveedor Programado,76939.56,57041.01,19898.55,432,39,404,24.34,2.83,729,3,11,803,0,1,0,Pediatría,0.75,Pediatría
4127,MED-5126,Pediatría,Roche,Bogotá,Promoción,Proveedor Programado,26660.96,18997.4,7663.56,28,18,344,36.92,5.55,1088,1,10,718,1,0,0,Pediatría,0.75,Pediatría
4128,MED-5127,Antibióticos,Genfar,Barranquilla,Alta (Epidemia),Manual,47413.09,36915.71,10497.38,408,77,244,6.93,2.12,213,4,12,263,0,1,1,Cardiovasculares,0.75,Cardiovasculares
4129,MED-5128,Higiene Personal,Tecnoquímicas,Medellín,Promoción,Automático (ML),75216.04,55891.69,19324.35,472,62,433,31.61,3.1,963,0,6,854,0,0,1,Gastrointestinales,0.5,Higiene Personal
4130,MED-5129,Vitaminas,Abbott,Cartagena,Alta (Epidemia),Proveedor Programado,62639.89,39657.72,22982.17,190,14,385,35.81,8.6,1105,5,9,179,1,0,1,Pediatría,1.0,Pediatría
4131,MED-5130,Vitaminas,Roche,Cali,Alta (Epidemia),Automático (ML),12831.95,9915.49,2916.46,55,32,399,27.24,7.44,817,1,1,35,1,1,1,Pediatría,0.5,Vitaminas
4132,MED-5131,Dermatológicos,MK,Bogotá,Promoción,Proveedor Programado,16738.48,11077.8,5660.68,323,74,459,29.85,3.1,898,0,5,162,1,1,0,Dermatológicos,0.5,Dermatológicos
4133,MED-5132,Diabetes,La Santé,Medellín,Normal,Manual,69238.82,43615.9,25622.92,175,41,429,3.46,8.8,87,1,10,533,0,1,0,Pediatría,0.5,Diabetes
4134,MED-5133,Diabetes,Genfar,Cali,Alta (Epidemia),Automático (ML),40900.06,24876.91,16023.15,485,16,380,12.49,5.06,396,0,5,696,1,1,0,Pediatría,1.0,Pediatría
4135,MED-5134,Antigripales,La Santé,Bogotá,Promoción,Proveedor Programado,5239.63,4395.02,844.61,47,64,130,1.71,1.87,73,0,13,585,0,0,0,Pediatría,0.5,Antigripales
4136,MED-5135,Cardiovasculares,Tecnoquímicas,Cartagena,Promoción,Proveedor Programado,54149.16,33821.55,20327.61,354,17,209,35.81,7.06,1085,3,12,768,0,0,0,Pediatría,0.5,Cardiovasculares
4137,MED-5136,Antibióticos,Abbott,Bogotá,Promoción,Proveedor Programado,21233.02,16014.8,5218.22,18,14,335,33.01,2.21,970,1,13,393,0,0,1,Pediatría,1.0,Pediatría
4138,MED-5137,Gastrointestinales,Abbott,Barranquilla,Normal,Proveedor Programado,66223.38,43694.25,22529.13,339,13,142,21.43,6.86,629,2,8,93,0,0,1,Dermatológicos,0.25,Gastrointestinales
4139,MED-5138,Pediatría,Tecnoquímicas,Cartagena,Alta (Epidemia),Manual,72176.79,51926.94,20249.85,162,38,368,7.45,1.7,248,1,10,873,1,0,0,Pediatría,0.5,Pediatría
4140,MED-5139,Gastrointestinales,La Santé,Medellín,Alta (Invierno),Proveedor Programado,51969.05,39902.11,12066.94,65,26,184,5.78,3.3,163,1,13,839,0,1,0,Cardiovasculares,0.5,Gastrointestinales
4141,MED-5140,Higiene Personal,Abbott,Cali,Promoción,Proveedor Programado,53068.45,34873.06,18195.39,260,78,165,16.64,0.99,492,0,11,496,1,0,0,Pediatría,0.5,Higiene Personal
4142,MED-5141,Analgésicos,MK,Barranquilla,Alta (Epidemia),Automático (ML),11920.49,9574.83,2345.66,434,24,287,21.77,4.16,686,2,9,374,1,1,1,Pediatría,0.5,Analgésicos
4143,MED-5142,Antibióticos,Pfizer,Cali,Alta (Invierno),Proveedor Programado,76649.01,60256.04,16392.97,479,26,180,5.61,1.35,148,2,8,719,0,1,0,Cardiovasculares,0.5,Antibióticos
4144,MED-5143,Higiene Personal,Roche,Cali,Normal,Proveedor Programado,73937.31,61268.2,12669.11,139,35,377,7.22,7.95,225,0,13,615,0,1,0,Pediatría,0.5,Higiene Personal
4145,MED-5144,Antibióticos,Sanofi,Bogotá,Normal,Automático (ML),8836.01,6948.93,1887.08,71,50,378,32.8,3.77,988,1,11,212,1,1,1,Pediatría,0.75,Pediatría
4146,MED-5145,Cardiovasculares,Pfizer,Bogotá,Alta (Invierno),Manual,50682.95,38501.83,12181.12,216,23,100,36.59,8.37,1073,3,5,532,1,1,1,Pediatría,0.75,Pediatría
4147,MED-5146,Vitaminas,Tecnoquímicas,Barranquilla,Alta (Invierno),Proveedor Programado,10870.47,7863.98,3006.49,427,48,202,34.14,7.07,1043,1,11,673,1,0,0,Dermatológicos,0.5,Vitaminas
4148,MED-5147,Diabetes,Abbott,Cali,Promoción,Automático (ML),32840.12,20634.97,12205.15,175,57,155,27.71,4.02,823,3,14,853,0,0,1,Pediatría,0.75,Pediatría
4149,MED-5148,Higiene Personal,Novartis,Bogotá,Alta (Invierno),Automático (ML),28448.64,21077.64,7371.0,168,66,442,25.66,1.38,781,4,13,817,0,0,1,Pediatría,0.5,Higiene Personal
4150,MED-5149,Antibióticos,MK,Bogotá,Normal,Proveedor Programado,24684.89,17948.58,6736.31,256,23,201,10.19,2.48,308,1,14,239,0,0,1,Pediatría,0.5,Antibióticos
4151,MED-5150,Diabetes,Roche,Cartagena,Normal,Proveedor Programado,53103.74,36109.03,16994.71,252,20,79,4.97,1.03,152,0,7,675,1,1,1,Dermatológicos,0.25,Diabetes
4152,MED-5151,Analgésicos,MK,Cartagena,Promoción,Automático (ML),15861.59,9778.49,6083.1,472,33,149,11.13,3.47,345,0,13,868,0,0,1,Pediatría,0.75,Pediatría
4153,MED-5152,Diabetes,Pfizer,Barranquilla,Alta (Epidemia),Automático (ML),3926.68,2484.23,1442.45,363,23,246,35.04,1.21,1015,1,6,409,0,0,0,Pediatría,0.5,Diabetes
4154,MED-5153,Analgésicos,Genfar,Barranquilla,Normal,Proveedor Programado,39741.15,31877.92,7863.23,40,24,287,2.91,3.21,64,2,9,318,0,1,0,Pediatría,0.5,Analgésicos
4155,MED-5154,Antigripales,Abbott,Cartagena,Normal,Proveedor Programado,38886.13,26355.4,12530.73,30,43,370,24.05,5.92,729,1,13,756,1,1,0,Dermatológicos,0.25,Antigripales
4156,MED-5155,Vitaminas,Bayer,Barranquilla,Normal,Proveedor Programado,72313.5,44743.11,27570.39,139,50,243,22.94,5.77,680,0,12,659,0,1,1,Gastrointestinales,0.5,Vitaminas
4157,MED-5156,Pediatría,MK,Barranquilla,Promoción,Proveedor Programado,43849.96,27555.47,16294.49,309,15,356,33.54,3.07,1014,1,6,100,1,1,1,Pediatría,0.75,Pediatría
4158,MED-5157,Vitaminas,Roche,Barranquilla,Alta (Epidemia),Manual,62454.77,37611.8,24842.97,292,34,322,39.99,7.74,1206,0,11,188,1,1,1,Dermatológicos,0.5,Vitaminas
4159,MED-5158,Gastrointestinales,Sanofi,Cali,Promoción,Manual,52225.46,44220.65,8004.81,411,45,222,16.69,1.54,524,0,4,895,1,1,1,Pediatría,0.5,Gastrointestinales
4160,MED-5159,Gastrointestinales,Tecnoquímicas,Bogotá,Alta (Invierno),Proveedor Programado,12887.93,9922.06,2965.87,344,55,143,5.51,7.93,147,5,13,315,0,1,1,Pediatría,0.5,Gastrointestinales
4161,MED-5160,Diabetes,Abbott,Cartagena,Alta (Epidemia),Manual,41535.09,33155.55,8379.54,457,31,172,11.2,7.36,334,2,7,459,0,0,1,Pediatría,1.0,Pediatría
4162,MED-5161,Gastrointestinales,MK,Medellín,Normal,Manual,5755.91,4837.07,918.84,206,27,320,10.8,6.76,325,0,8,145,1,0,1,Pediatría,0.75,Pediatría
4163,MED-5162,Pediatría,Genfar,Bogotá,Alta (Invierno),Manual,78753.26,55667.32,23085.94,294,52,333,16.49,5.03,507,3,1,305,1,1,1,Pediatría,0.5,Pediatría
4164,MED-5163,Vitaminas,La Santé,Barranquilla,Alta (Invierno),Manual,49902.9,34292.64,15610.26,422,20,299,21.14,7.26,643,1,13,639,0,0,1,Gastrointestinales,0.5,Vitaminas
4165,MED-5164,Dermatológicos,Bayer,Barranquilla,Alta (Invierno),Automático (ML),50738.53,37909.2,12829.33,358,51,262,37.39,9.42,1127,1,4,602,0,1,1,Antigripales,0.25,Dermatológicos
4166,MED-5165,Vitaminas,MK,Cali,Promoción,Automático (ML),11294.42,9552.82,1741.6,165,66,238,21.51,2.43,641,1,9,435,1,1,0,Pediatría,0.5,Vitaminas
4167,MED-5166,Vitaminas,La Santé,Cartagena,Alta (Invierno),Automático (ML),38959.71,30058.13,8901.58,285,35,138,2.55,0.97,75,2,2,299,0,0,1,Cardiovasculares,0.25,Vitaminas
4168,MED-5167,Antigripales,Sanofi,Barranquilla,Alta (Invierno),Manual,70224.72,57318.3,12906.42,289,43,111,14.27,9.66,407,3,10,183,0,1,1,Dermatológicos,0.25,Antigripales
4169,MED-5168,Antigripales,Genfar,Cali,Alta (Invierno),Manual,12235.08,8940.96,3294.12,476,42,191,19.77,6.2,595,1,6,178,1,1,0,Pediatría,0.5,Antigripales
4170,MED-5169,Higiene Personal,Genfar,Barranquilla,Alta (Invierno),Manual,65688.46,49664.98,16023.48,306,35,135,21.09,8.3,661,2,11,422,1,0,0,Dermatológicos,0.5,Higiene Personal
4171,MED-5170,Gastrointestinales,Roche,Medellín,Normal,Manual,28439.13,22373.77,6065.36,268,36,329,30.0,2.66,881,0,8,506,0,0,1,Pediatría,0.5,Gastrointestinales
4172,MED-5171,Analgésicos,Bayer,Cartagena,Alta (Epidemia),Manual,38891.09,32443.86,6447.23,165,70,424,15.37,8.03,466,3,5,66,0,1,0,Pediatría,0.75,Pediatría
4173,MED-5172,Antigripales,Abbott,Bogotá,Alta (Epidemia),Manual,60724.62,51279.92,9444.7,78,71,240,30.33,9.25,889,0,14,559,0,0,0,Gastrointestinales,0.5,Antigripales
4174,MED-5173,Antibióticos,Novartis,Cartagena,Alta (Invierno),Proveedor Programado,32042.42,23358.97,8683.45,460,78,442,32.28,9.37,950,0,11,257,1,1,1,Dermatológicos,0.25,Antibióticos
4175,MED-5174,Antibióticos,MK,Cali,Promoción,Proveedor Programado,35731.72,21675.06,14056.66,413,49,197,22.42,1.59,680,3,6,421,0,1,1,Pediatría,0.5,Antibióticos
4176,MED-5175,Antigripales,Abbott,Bogotá,Alta (Epidemia),Proveedor Programado,10596.0,7220.72,3375.28,355,64,165,15.38,2.7,464,1,10,532,0,1,1,Pediatría,0.5,Antigripales
4177,MED-5176,Pediatría,Sanofi,Cartagena,Normal,Proveedor Programado,49079.92,30898.49,18181.43,341,10,89,22.83,4.15,689,4,3,547,1,1,1,Pediatría,0.75,Pediatría
4178,MED-5177,Gastrointestinales,Tecnoquímicas,Cali,Alta (Invierno),Manual,63022.4,51120.16,11902.24,89,29,353,13.2,4.6,390,0,1,196,1,1,0,Cardiovasculares,0.5,Gastrointestinales
4179,MED-5178,Diabetes,Roche,Medellín,Promoción,Automático (ML),57714.81,47993.33,9721.48,251,31,347,4.41,5.16,131,1,3,676,0,1,0,Pediatría,0.5,Diabetes
4180,MED-5179,Vitaminas,Abbott,Medellín,Promoción,Proveedor Programado,37951.01,22903.42,15047.59,203,17,174,25.15,9.46,798,1,14,846,1,0,1,Pediatría,0.5,Vitaminas
4181,MED-5180,Vitaminas,Novartis,Cartagena,Alta (Invierno),Proveedor Programado,70740.33,52471.68,18268.65,205,15,76,29.76,4.53,902,1,5,450,0,0,1,Antigripales,0.25,Vitaminas
4182,MED-5181,Pediatría,Roche,Barranquilla,Alta (Invierno),Proveedor Programado,8779.21,5585.75,3193.46,451,26,325,21.77,3.73,652,0,1,517,0,0,1,Pediatría,0.5,Pediatría
4183,MED-5182,Analgésicos,Genfar,Medellín,Normal,Proveedor Programado,65148.5,47234.86,17913.64,210,30,171,4.62,8.14,153,1,5,159,1,1,1,Dermatológicos,0.25,Analgésicos
4184,MED-5183,Gastrointestinales,Pfizer,Bogotá,Alta (Invierno),Automático (ML),41673.33,32904.13,8769.2,295,15,152,5.71,3.41,155,1,10,176,0,1,1,Dermatológicos,0.5,Gastrointestinales
4185,MED-5184,Cardiovasculares,Novartis,Barranquilla,Normal,Automático (ML),32502.61,21737.44,10765.17,454,17,74,1.37,1.6,18,0,5,33,1,0,1,Pediatría,0.5,Cardiovasculares
4186,MED-5185,Diabetes,Sanofi,Barranquilla,Normal,Automático (ML),59276.82,42483.18,16793.64,441,23,376,36.2,4.12,1106,1,12,395,1,0,0,Gastrointestinales,0.5,Diabetes
4187,MED-5186,Higiene Personal,Roche,Cali,Normal,Proveedor Programado,7194.59,4697.48,2497.11,218,66,415,25.21,5.81,763,1,12,529,0,0,1,Dermatológicos,0.25,Higiene Personal
4188,MED-5187,Vitaminas,Tecnoquímicas,Medellín,Promoción,Automático (ML),31636.66,22432.76,9203.9,357,39,304,22.98,2.84,684,2,9,72,0,0,0,Pediatría,1.0,Pediatría
4189,MED-5188,Gastrointestinales,La Santé,Cartagena,Promoción,Manual,4970.23,3615.89,1354.34,389,46,352,8.99,5.01,255,0,11,244,1,1,0,Pediatría,0.5,Gastrointestinales
4190,MED-5189,Pediatría,Sanofi,Medellín,Alta (Epidemia),Proveedor Programado,25217.12,20931.19,4285.93,365,59,454,27.79,7.72,849,1,14,360,1,1,0,Dermatológicos,0.25,Pediatría
4191,MED-5190,Antigripales,Novartis,Cartagena,Alta (Epidemia),Automático (ML),67259.7,50433.13,16826.57,253,76,439,2.77,2.37,68,3,4,456,1,1,1,Pediatría,0.5,Antigripales
4192,MED-5191,Cardiovasculares,La Santé,Medellín,Normal,Automático (ML),19244.72,13420.43,5824.29,71,72,196,30.08,3.42,902,3,5,847,0,1,0,Dermatológicos,0.5,Cardiovasculares
4193,MED-5192,Analgésicos,Bayer,Medellín,Normal,Manual,28448.68,23248.49,5200.19,139,31,339,11.49,8.02,313,0,3,244,0,1,0,Pediatría,0.75,Pediatría
4194,MED-5193,Cardiovasculares,Sanofi,Medellín,Alta (Invierno),Automático (ML),35370.3,21371.97,13998.33,151,30,367,38.47,1.25,1139,1,6,64,1,1,0,Pediatría,1.0,Pediatría
4195,MED-5194,Vitaminas,MK,Medellín,Alta (Epidemia),Proveedor Programado,11995.8,8553.96,3441.84,387,42,438,39.91,7.86,1202,3,10,160,1,1,0,Dermatológicos,0.25,Vitaminas
4196,MED-5195,Pediatría,Pfizer,Barranquilla,Promoción,Manual,3905.21,3187.7,717.51,360,45,263,2.98,6.85,122,3,6,849,0,0,0,Pediatría,1.0,Pediatría
4197,MED-5196,Pediatría,Bayer,Cali,Promoción,Automático (ML),28200.3,17571.57,10628.73,154,71,164,36.77,8.19,1104,0,4,604,0,1,0,Dermatológicos,0.75,Dermatológicos
4198,MED-5197,Vitaminas,Sanofi,Cali,Alta (Epidemia),Automático (ML),55681.12,46224.32,9456.8,241,46,195,11.35,1.44,363,4,6,439,0,1,1,Cardiovasculares,0.5,Vitaminas
4199,MED-5198,Pediatría,La Santé,Cali,Normal,Automático (ML),5159.73,3237.58,1922.15,342,64,253,25.01,8.56,761,2,7,529,1,0,0,Dermatológicos,0.5,Pediatría
4200,MED-5199,Pediatría,Genfar,Barranquilla,Normal,Automático (ML),16010.66,9751.58,6259.08,245,72,238,18.58,7.98,565,2,13,629,1,1,0,Dermatológicos,0.25,Pediatría
4201,MED-5200,Analgésicos,Tecnoquímicas,Cali,Promoción,Manual,73415.65,51132.89,22282.76,225,38,108,23.52,5.06,704,1,14,447,1,1,1,Gastrointestinales,0.5,Analgésicos
4202,MED-5201,Pediatría,Tecnoquímicas,Cali,Promoción,Manual,49980.51,37181.83,12798.68,292,75,394,9.59,7.91,259,2,13,718,0,1,0,Pediatría,0.75,Pediatría
4203,MED-5202,Gastrointestinales,MK,Cartagena,Normal,Proveedor Programado,49274.02,35481.22,13792.8,31,20,351,12.23,7.19,323,1,4,571,1,1,1,Dermatológicos,0.25,Gastrointestinales
4204,MED-5203,Gastrointestinales,Pfizer,Cartagena,Alta (Invierno),Automático (ML),16056.01,9870.34,6185.67,432,24,274,3.54,1.44,90,1,9,237,1,1,1,Pediatría,0.5,Gastrointestinales
4205,MED-5204,Antibióticos,Roche,Cartagena,Alta (Invierno),Automático (ML),37846.22,24342.32,13503.9,491,19,118,36.18,1.11,1106,1,6,96,1,0,1,Pediatría,0.75,Pediatría
4206,MED-5205,Gastrointestinales,Bayer,Cartagena,Promoción,Proveedor Programado,6893.72,5334.91,1558.81,404,14,249,19.72,0.73,585,0,7,858,1,0,0,Pediatría,0.75,Pediatría
4207,MED-5206,Cardiovasculares,MK,Cali,Normal,Manual,20275.76,13856.01,6419.75,279,63,345,33.5,1.55,1021,2,11,304,0,0,1,Dermatológicos,0.25,Cardiovasculares
4208,MED-5207,Dermatológicos,Sanofi,Cartagena,Alta (Invierno),Automático (ML),48444.19,38820.66,9623.53,276,50,134,6.78,3.66,213,1,4,633,0,1,0,Cardiovasculares,0.5,Dermatológicos
4209,MED-5208,Gastrointestinales,Tecnoquímicas,Cartagena,Promoción,Proveedor Programado,28703.39,19657.67,9045.72,91,61,209,1.71,2.7,65,2,8,536,1,0,0,Pediatría,0.5,Gastrointestinales
4210,MED-5209,Vitaminas,Pfizer,Cali,Promoción,Manual,42750.48,28389.2,14361.28,332,18,70,22.05,9.72,666,1,14,469,0,1,0,Pediatría,0.5,Vitaminas
4211,MED-5210,Analgésicos,Novartis,Cartagena,Normal,Manual,66946.97,44668.61,22278.36,432,74,414,35.6,8.38,1054,0,8,123,1,1,1,Dermatológicos,0.5,Analgésicos
4212,MED-5211,Pediatría,Tecnoquímicas,Barranquilla,Promoción,Manual,27252.12,21607.84,5644.28,390,18,345,33.06,2.77,968,3,6,480,1,0,0,Pediatría,0.75,Pediatría
4213,MED-5212,Diabetes,Sanofi,Cali,Promoción,Automático (ML),4484.38,3581.93,902.45,170,27,335,6.81,5.96,221,3,11,861,1,1,0,Pediatría,1.0,Pediatría
4214,MED-5213,Antibióticos,Sanofi,Bogotá,Alta (Invierno),Manual,63961.76,53899.5,10062.26,105,14,244,37.6,6.23,1122,3,13,893,0,1,0,Pediatría,0.5,Antibióticos
4215,MED-5214,Antigripales,Roche,Barranquilla,Alta (Epidemia),Automático (ML),70279.09,49864.18,20414.91,145,18,281,29.97,3.66,896,2,7,169,1,0,0,Gastrointestinales,0.25,Antigripales
4216,MED-5215,Analgésicos,Tecnoquímicas,Bogotá,Alta (Epidemia),Proveedor Programado,75418.08,60094.12,15323.96,63,26,324,31.02,3.22,923,1,14,717,0,0,0,Gastrointestinales,0.5,Analgésicos
4217,MED-5216,Gastrointestinales,MK,Cartagena,Promoción,Proveedor Programado,15552.79,9949.81,5602.98,161,51,349,38.69,3.57,1167,0,9,427,1,0,0,Dermatológicos,0.25,Gastrointestinales
4218,MED-5217,Antigripales,Novartis,Cali,Alta (Epidemia),Proveedor Programado,20506.89,13103.09,7403.8,240,26,164,30.36,4.99,935,2,13,362,0,0,0,Pediatría,0.5,Antigripales
4219,MED-5218,Pediatría,La Santé,Barranquilla,Alta (Invierno),Proveedor Programado,21834.39,14068.43,7765.96,385,23,217,14.95,7.72,439,1,1,396,0,0,0,Pediatría,0.75,Pediatría
4220,MED-5219,Antibióticos,MK,Cali,Alta (Epidemia),Automático (ML),53236.54,42637.36,10599.18,188,16,271,1.78,5.77,99,2,2,697,0,0,1,Cardiovasculares,0.5,Antibióticos
4221,MED-5220,Higiene Personal,Bayer,Barranquilla,Normal,Proveedor Programado,18679.02,14381.46,4297.56,273,23,97,39.8,8.32,1216,3,13,82,1,0,0,Pediatría,0.75,Pediatría
4222,MED-5221,Cardiovasculares,La Santé,Bogotá,Alta (Epidemia),Automático (ML),44735.54,26869.99,17865.55,467,58,275,26.31,6.58,808,1,6,543,0,0,0,Dermatológicos,0.5,Cardiovasculares
4223,MED-5222,Pediatría,Sanofi,Cartagena,Promoción,Manual,9396.19,7343.4,2052.79,443,39,244,34.71,6.54,1061,2,5,267,1,1,0,Pediatría,0.5,Pediatría
4224,MED-5223,Diabetes,Bayer,Cartagena,Normal,Proveedor Programado,61511.3,38708.39,22802.91,419,33,271,22.97,6.94,702,1,4,720,1,0,0,Pediatría,0.5,Diabetes
4225,MED-5224,Vitaminas,Novartis,Cali,Normal,Automático (ML),42995.43,30510.34,12485.09,373,40,377,11.92,7.38,368,0,11,533,0,1,0,Pediatría,0.75,Pediatría
4226,MED-5225,Vitaminas,Roche,Medellín,Alta (Invierno),Manual,15428.12,10396.44,5031.68,458,57,381,15.15,7.73,464,2,8,412,0,0,1,Pediatría,0.5,Vitaminas
4227,MED-5226,Pediatría,La Santé,Medellín,Alta (Invierno),Manual,33566.08,28256.85,5309.23,301,32,101,39.72,4.61,1196,3,3,191,1,0,0,Pediatría,0.5,Pediatría
4228,MED-5227,Antigripales,Abbott,Bogotá,Promoción,Automático (ML),40878.8,29065.64,11813.16,16,76,376,36.84,6.4,1156,0,11,339,1,1,1,Dermatológicos,0.5,Antigripales
4229,MED-5228,Vitaminas,Abbott,Cali,Normal,Automático (ML),19210.13,16185.94,3024.19,274,36,335,22.93,9.51,670,1,10,48,1,0,0,Pediatría,0.5,Vitaminas
4230,MED-5229,Vitaminas,Sanofi,Medellín,Normal,Proveedor Programado,63111.03,45599.11,17511.92,271,32,384,17.16,6.92,530,0,10,671,0,0,1,Pediatría,0.5,Vitaminas
4231,MED-5230,Pediatría,La Santé,Bogotá,Promoción,Automático (ML),57405.7,34892.58,22513.12,53,52,179,29.06,5.03,880,0,12,579,1,0,0,Gastrointestinales,0.5,Pediatría
4232,MED-5231,Antibióticos,Pfizer,Cartagena,Promoción,Manual,24481.27,17797.09,6684.18,285,77,453,25.38,0.55,769,0,5,532,0,0,0,Dermatológicos,0.5,Antibióticos
4233,MED-5232,Vitaminas,Genfar,Cartagena,Alta (Invierno),Manual,59875.62,46127.02,13748.6,98,43,149,15.66,7.03,469,2,10,352,0,0,1,Dermatológicos,0.25,Vitaminas
4234,MED-5233,Gastrointestinales,Roche,Cartagena,Promoción,Proveedor Programado,18325.51,11616.99,6708.52,404,63,311,3.96,5.95,95,2,14,160,0,0,1,Pediatría,0.75,Pediatría
4235,MED-5234,Vitaminas,Genfar,Bogotá,Alta (Epidemia),Proveedor Programado,64770.85,41362.42,23408.43,186,24,119,19.24,4.74,542,2,11,373,1,1,0,Dermatológicos,0.25,Vitaminas
4236,MED-5235,Analgésicos,Roche,Barranquilla,Normal,Proveedor Programado,8468.68,6203.27,2265.41,162,33,323,19.64,6.62,603,2,1,152,1,0,1,Cardiovasculares,0.75,Cardiovasculares
4237,MED-5236,Gastrointestinales,Bayer,Cali,Alta (Invierno),Manual,77586.61,51701.8,25884.81,245,62,446,26.56,5.82,809,0,11,736,0,0,0,Gastrointestinales,0.5,Gastrointestinales
4238,MED-5237,Antigripales,Sanofi,Bogotá,Normal,Automático (ML),56997.85,39906.39,17091.46,365,77,427,3.66,7.66,111,1,12,535,1,0,0,Pediatría,0.75,Pediatría
4239,MED-5238,Dermatológicos,Tecnoquímicas,Barranquilla,Normal,Proveedor Programado,36423.42,30346.36,6077.06,184,25,353,21.08,3.63,627,3,3,407,0,1,0,Cardiovasculares,0.5,Dermatológicos
4240,MED-5239,Dermatológicos,Bayer,Cartagena,Alta (Invierno),Automático (ML),59817.24,49317.54,10499.7,70,63,125,3.13,1.48,118,2,9,505,1,1,1,Pediatría,0.5,Dermatológicos
4241,MED-5240,Dermatológicos,Roche,Cali,Normal,Automático (ML),62602.7,51776.77,10825.93,366,50,383,5.76,3.91,139,1,1,274,0,1,0,Pediatría,0.5,Dermatológicos
4242,MED-5241,Cardiovasculares,MK,Barranquilla,Alta (Epidemia),Automático (ML),31188.39,19535.86,11652.53,271,59,240,21.57,6.93,641,1,12,650,1,1,0,Dermatológicos,0.5,Cardiovasculares
4243,MED-5242,Pediatría,Novartis,Cali,Normal,Automático (ML),26886.13,19515.53,7370.6,26,30,293,11.42,8.55,316,2,8,203,1,0,1,Pediatría,0.75,Pediatría
4244,MED-5243,Antibióticos,Tecnoquímicas,Medellín,Normal,Automático (ML),45625.08,32113.42,13511.66,170,47,336,31.76,6.01,927,2,10,393,1,1,1,Pediatría,0.75,Pediatría
4245,MED-5244,Cardiovasculares,MK,Cali,Alta (Invierno),Proveedor Programado,10771.51,8955.31,1816.2,349,37,192,23.48,9.07,697,1,11,262,1,1,1,Pediatría,0.5,Cardiovasculares
4246,MED-5245,Cardiovasculares,Roche,Bogotá,Alta (Epidemia),Manual,40496.26,26701.28,13794.98,299,40,228,6.96,7.25,228,0,7,529,0,0,1,Pediatría,0.75,Pediatría
4247,MED-5246,Dermatológicos,Abbott,Medellín,Promoción,Manual,23771.25,18137.45,5633.8,27,28,288,39.08,3.71,1183,0,3,341,1,1,1,Pediatría,1.0,Pediatría
4248,MED-5247,Higiene Personal,La Santé,Cartagena,Normal,Manual,41397.42,34939.0,6458.42,40,22,276,28.62,0.59,877,1,1,382,1,0,1,Pediatría,0.5,Higiene Personal
4249,MED-5248,Cardiovasculares,Pfizer,Bogotá,Promoción,Automático (ML),5172.45,3707.28,1465.17,479,52,423,32.93,6.34,1024,0,14,48,0,1,1,Dermatológicos,0.25,Cardiovasculares
4250,MED-5249,Analgésicos,Genfar,Cali,Alta (Invierno),Automático (ML),28602.28,23041.78,5560.5,148,30,127,10.09,1.96,295,1,5,838,1,1,1,Pediatría,0.5,Analgésicos
4251,MED-5250,Analgésicos,Pfizer,Barranquilla,Alta (Epidemia),Automático (ML),6659.04,4934.81,1724.23,256,63,403,1.4,3.02,72,0,5,148,0,1,1,Pediatría,0.75,Pediatría
4252,MED-5251,Dermatológicos,Bayer,Medellín,Normal,Automático (ML),55234.61,34151.02,21083.59,211,73,252,19.17,2.08,558,1,4,371,1,0,0,Pediatría,0.5,Dermatológicos
4253,MED-5252,Antibióticos,MK,Cali,Alta (Invierno),Automático (ML),53218.86,34311.02,18907.84,300,30,227,23.53,1.72,692,0,7,446,0,0,1,Gastrointestinales,0.25,Antibióticos
4254,MED-5253,Vitaminas,La Santé,Barranquilla,Normal,Manual,77161.35,61224.26,15937.09,375,78,234,16.95,8.17,501,1,8,318,1,1,1,Pediatría,0.5,Vitaminas
4255,MED-5254,Antibióticos,Abbott,Medellín,Normal,Automático (ML),21811.96,14173.0,7638.96,327,17,213,17.52,3.38,543,3,4,319,0,1,0,Cardiovasculares,0.25,Antibióticos
4256,MED-5255,Analgésicos,La Santé,Medellín,Alta (Epidemia),Manual,10824.17,8555.84,2268.33,476,61,405,19.0,3.11,588,3,8,442,0,0,0,Pediatría,0.75,Pediatría
4257,MED-5256,Higiene Personal,Tecnoquímicas,Cali,Promoción,Manual,64973.77,49404.38,15569.39,242,29,384,22.14,3.63,661,0,13,485,1,0,1,Gastrointestinales,0.25,Higiene Personal
4258,MED-5257,Vitaminas,Genfar,Medellín,Alta (Invierno),Proveedor Programado,60059.55,46654.03,13405.52,386,32,399,24.07,4.37,711,0,13,33,0,0,0,Gastrointestinales,0.25,Vitaminas
4259,MED-5258,Vitaminas,Roche,Cali,Alta (Epidemia),Proveedor Programado,55707.49,34871.46,20836.03,106,72,298,21.68,6.06,597,1,11,421,0,0,1,Pediatría,0.5,Vitaminas
4260,MED-5259,Antibióticos,Tecnoquímicas,Bogotá,Promoción,Proveedor Programado,17656.38,10596.16,7060.22,211,16,111,31.34,7.62,924,1,2,438,0,1,0,Pediatría,0.5,Antibióticos
4261,MED-5260,Diabetes,Abbott,Cartagena,Alta (Invierno),Proveedor Programado,51470.53,37706.66,13763.87,478,56,245,15.27,9.37,428,1,13,65,1,0,0,Gastrointestinales,0.5,Diabetes
4262,MED-5261,Antibióticos,Pfizer,Barranquilla,Alta (Invierno),Manual,69982.92,58385.67,11597.25,393,65,328,25.97,8.87,765,0,6,468,0,0,1,Gastrointestinales,0.25,Antibióticos
4263,MED-5262,Pediatría,Roche,Cartagena,Normal,Proveedor Programado,54362.57,42519.24,11843.33,333,20,151,22.68,7.87,670,0,14,584,0,0,0,Gastrointestinales,0.5,Pediatría
4264,MED-5263,Pediatría,Sanofi,Medellín,Alta (Epidemia),Manual,4476.44,3106.46,1369.98,383,41,257,38.73,7.42,1188,1,7,422,1,1,1,Pediatría,0.5,Pediatría
4265,MED-5264,Higiene Personal,Roche,Barranquilla,Alta (Invierno),Proveedor Programado,49030.82,40748.24,8282.58,148,32,150,36.41,3.38,1067,2,13,160,1,1,1,Gastrointestinales,0.5,Higiene Personal
4266,MED-5265,Diabetes,Tecnoquímicas,Cali,Alta (Invierno),Automático (ML),63361.05,41371.76,21989.29,416,50,234,32.69,0.7,979,0,2,683,0,1,0,Pediatría,0.5,Diabetes
4267,MED-5266,Antigripales,Abbott,Medellín,Alta (Epidemia),Automático (ML),73577.92,46774.21,26803.71,124,74,126,17.38,5.68,525,1,4,507,1,0,0,Pediatría,0.5,Antigripales
4268,MED-5267,Gastrointestinales,Genfar,Cali,Normal,Manual,54731.31,35596.0,19135.31,283,75,414,28.1,4.27,865,5,2,589,1,0,0,Pediatría,0.75,Pediatría
4269,MED-5268,Gastrointestinales,Bayer,Medellín,Alta (Epidemia),Automático (ML),12597.8,9156.95,3440.85,192,59,405,18.98,2.67,604,2,14,623,1,0,0,Pediatría,0.5,Gastrointestinales
4270,MED-5269,Higiene Personal,Abbott,Medellín,Normal,Automático (ML),57018.94,43973.02,13045.92,293,36,281,9.26,8.81,279,3,10,182,1,1,1,Pediatría,0.5,Higiene Personal
4271,MED-5270,Cardiovasculares,Sanofi,Barranquilla,Normal,Proveedor Programado,55921.96,42023.27,13898.69,353,55,332,38.54,8.5,1151,3,9,121,0,1,1,Pediatría,0.75,Pediatría
4272,MED-5271,Gastrointestinales,Novartis,Barranquilla,Normal,Proveedor Programado,20316.3,17080.64,3235.66,38,34,433,17.45,3.26,559,0,6,182,0,0,1,Pediatría,1.0,Pediatría
4273,MED-5272,Gastrointestinales,Genfar,Bogotá,Alta (Invierno),Proveedor Programado,52292.3,34293.06,17999.24,113,16,327,35.5,2.27,1056,1,5,816,1,1,0,Dermatológicos,0.5,Gastrointestinales
4274,MED-5273,Antibióticos,La Santé,Medellín,Promoción,Manual,72263.47,55341.92,16921.55,289,34,165,2.5,4.27,95,3,1,315,0,0,1,Cardiovasculares,0.5,Antibióticos
4275,MED-5274,Dermatológicos,Pfizer,Cali,Alta (Epidemia),Manual,20759.46,15050.58,5708.88,263,20,149,6.16,8.68,146,2,6,181,0,0,0,Pediatría,0.75,Pediatría
4276,MED-5275,Cardiovasculares,Pfizer,Cali,Alta (Epidemia),Automático (ML),30637.83,20825.04,9812.79,351,58,421,16.6,6.81,492,5,1,426,0,1,1,Cardiovasculares,0.5,Cardiovasculares
4277,MED-5276,Gastrointestinales,Abbott,Cali,Alta (Epidemia),Manual,64289.39,41165.87,23123.52,17,74,407,35.8,2.5,1067,0,6,50,0,0,1,Dermatológicos,0.5,Gastrointestinales
4278,MED-5277,Antibióticos,Pfizer,Cali,Alta (Invierno),Manual,76810.23,53617.45,23192.78,199,26,223,9.31,6.86,289,0,2,208,0,1,1,Dermatológicos,0.25,Antibióticos
4279,MED-5278,Vitaminas,Roche,Barranquilla,Promoción,Manual,75739.11,63497.92,12241.19,115,38,282,27.18,5.63,797,0,6,709,0,0,0,Cardiovasculares,0.5,Vitaminas
4280,MED-5279,Antigripales,Tecnoquímicas,Medellín,Alta (Epidemia),Automático (ML),43320.08,26258.27,17061.81,82,65,314,33.97,0.72,991,1,7,323,1,1,1,Antigripales,0.25,Antigripales
4281,MED-5280,Higiene Personal,Sanofi,Bogotá,Normal,Automático (ML),24503.66,16637.23,7866.43,371,66,207,5.2,9.71,123,0,3,222,1,0,0,Pediatría,0.5,Higiene Personal
4282,MED-5281,Antibióticos,La Santé,Cartagena,Alta (Invierno),Automático (ML),42281.34,32070.56,10210.78,182,36,324,11.42,9.92,347,1,6,372,1,0,1,Pediatría,1.0,Pediatría
4283,MED-5282,Cardiovasculares,Genfar,Cartagena,Alta (Invierno),Automático (ML),65131.11,43036.02,22095.09,89,72,399,12.39,9.69,315,0,2,123,1,0,0,Pediatría,0.5,Cardiovasculares
4284,MED-5283,Antigripales,Pfizer,Medellín,Alta (Invierno),Manual,67598.75,53437.42,14161.33,62,38,217,35.53,2.75,1055,2,4,821,0,1,1,Antigripales,0.25,Antigripales
4285,MED-5284,Higiene Personal,Bayer,Barranquilla,Normal,Automático (ML),65843.33,41740.05,24103.28,210,67,447,26.26,9.57,800,0,9,56,1,0,0,Gastrointestinales,0.25,Higiene Personal
4286,MED-5285,Dermatológicos,Novartis,Medellín,Promoción,Proveedor Programado,30630.25,22164.59,8465.66,298,58,219,2.27,4.82,63,1,12,242,1,1,1,Pediatría,0.75,Pediatría
4287,MED-5286,Diabetes,Abbott,Cali,Normal,Automático (ML),14661.81,8901.53,5760.28,324,55,448,19.28,6.99,594,1,2,336,0,0,1,Dermatológicos,0.25,Diabetes
4288,MED-5287,Cardiovasculares,Sanofi,Cali,Promoción,Manual,33657.59,21202.18,12455.41,144,23,230,18.18,6.58,532,0,1,661,0,1,1,Pediatría,0.75,Pediatría
4289,MED-5288,Vitaminas,MK,Cartagena,Alta (Invierno),Manual,75450.93,61142.29,14308.64,474,63,287,25.98,7.15,774,1,8,691,0,0,0,Cardiovasculares,0.5,Vitaminas
4290,MED-5289,Pediatría,Genfar,Cartagena,Promoción,Proveedor Programado,15193.81,12739.83,2453.98,386,28,296,14.32,5.95,437,0,5,80,0,1,1,Pediatría,0.75,Pediatría
4291,MED-5290,Diabetes,MK,Barranquilla,Alta (Epidemia),Proveedor Programado,37218.13,28631.83,8586.3,112,52,393,6.95,7.43,193,0,8,632,0,0,0,Pediatría,0.75,Pediatría
4292,MED-5291,Analgésicos,Tecnoquímicas,Cali,Promoción,Proveedor Programado,14572.64,8772.79,5799.85,23,21,145,22.94,2.81,673,5,7,594,0,0,1,Pediatría,0.75,Pediatría
4293,MED-5292,Cardiovasculares,Sanofi,Bogotá,Alta (Epidemia),Proveedor Programado,19094.35,15812.6,3281.75,437,56,132,30.25,2.37,929,1,14,215,1,0,0,Pediatría,0.5,Cardiovasculares
4294,MED-5293,Vitaminas,Genfar,Cali,Alta (Epidemia),Manual,76902.58,64408.24,12494.34,461,16,327,2.78,8.58,122,3,2,58,1,1,0,Cardiovasculares,0.5,Vitaminas
4295,MED-5294,Antibióticos,Novartis,Cali,Promoción,Automático (ML),31013.48,20672.23,10341.25,176,68,162,7.51,2.16,231,2,8,396,0,0,1,Pediatría,0.5,Antibióticos
4296,MED-5295,Vitaminas,Pfizer,Bogotá,Promoción,Proveedor Programado,31384.38,19469.47,11914.91,249,45,223,10.46,1.82,326,0,11,150,0,1,0,Pediatría,0.5,Vitaminas
4297,MED-5296,Diabetes,Bayer,Cali,Alta (Invierno),Automático (ML),41410.88,25495.5,15915.38,310,66,232,12.44,2.74,361,1,5,705,1,0,0,Pediatría,0.5,Diabetes
4298,MED-5297,Cardiovasculares,La Santé,Cartagena,Alta (Epidemia),Automático (ML),75312.6,50902.33,24410.27,212,43,171,12.21,9.77,377,1,10,123,1,1,0,Dermatológicos,0.25,Cardiovasculares
4299,MED-5298,Antibióticos,Roche,Medellín,Promoción,Proveedor Programado,3040.59,1868.56,1172.03,146,65,379,8.53,0.97,238,2,9,720,0,0,0,Pediatría,0.75,Pediatría
4300,MED-5299,Cardiovasculares,Genfar,Barranquilla,Alta (Epidemia),Proveedor Programado,17508.87,14068.3,3440.57,190,27,235,13.75,3.71,417,2,6,535,1,0,1,Pediatría,0.75,Pediatría
4301,MED-5300,Cardiovasculares,Abbott,Barranquilla,Promoción,Automático (ML),27460.83,22596.88,4863.95,20,50,394,27.3,5.6,789,3,9,466,1,1,0,Pediatría,0.5,Cardiovasculares
4302,MED-5301,Gastrointestinales,Novartis,Barranquilla,Normal,Manual,54944.47,36518.94,18425.53,239,25,216,36.39,2.55,1135,2,9,168,1,0,1,Pediatría,0.5,Gastrointestinales
4303,MED-5302,Dermatológicos,Roche,Bogotá,Alta (Epidemia),Manual,36160.67,22579.03,13581.64,160,33,120,38.11,6.84,1145,1,13,750,0,1,0,Pediatría,0.5,Dermatológicos
4304,MED-5303,Cardiovasculares,Abbott,Medellín,Alta (Invierno),Manual,9493.24,6995.27,2497.97,486,49,207,24.07,3.21,717,1,5,727,0,1,1,Pediatría,0.5,Cardiovasculares
4305,MED-5304,Antibióticos,La Santé,Bogotá,Normal,Manual,3906.43,3195.43,711.0,16,62,431,20.06,1.72,570,1,9,107,0,0,0,Pediatría,1.0,Pediatría
4306,MED-5305,Pediatría,Pfizer,Cali,Alta (Epidemia),Proveedor Programado,17869.37,11140.46,6728.91,266,49,212,8.82,4.22,262,3,4,259,0,1,1,Cardiovasculares,0.75,Cardiovasculares
4307,MED-5306,Vitaminas,Genfar,Barranquilla,Alta (Epidemia),Automático (ML),37725.69,25871.65,11854.04,418,33,280,21.47,6.13,676,2,6,327,0,0,1,Cardiovasculares,0.5,Vitaminas
4308,MED-5307,Pediatría,Roche,Bogotá,Normal,Manual,29963.32,22434.33,7528.99,181,43,272,34.63,8.71,1019,5,14,336,1,0,1,Pediatría,1.0,Pediatría
4309,MED-5308,Dermatológicos,Abbott,Cartagena,Normal,Automático (ML),38488.94,31309.64,7179.3,386,62,154,2.84,5.34,103,0,4,85,0,1,1,Pediatría,0.5,Dermatológicos
4310,MED-5309,Antigripales,Novartis,Bogotá,Promoción,Automático (ML),69274.14,54367.64,14906.5,428,19,166,8.31,9.86,222,1,8,877,1,1,0,Dermatológicos,0.25,Antigripales
4311,MED-5310,Cardiovasculares,Abbott,Medellín,Normal,Proveedor Programado,4365.48,3258.14,1107.34,175,68,447,17.23,3.72,515,1,3,796,1,0,0,Pediatría,0.75,Pediatría
4312,MED-5311,Vitaminas,Genfar,Barranquilla,Alta (Invierno),Automático (ML),77251.54,54128.39,23123.15,392,35,241,30.43,7.12,916,1,14,637,1,0,0,Gastrointestinales,0.25,Vitaminas
4313,MED-5312,Analgésicos,La Santé,Cartagena,Promoción,Proveedor Programado,52905.74,38555.08,14350.66,260,53,338,2.5,3.01,94,1,3,548,1,0,1,Pediatría,0.5,Analgésicos
4314,MED-5313,Gastrointestinales,Roche,Barranquilla,Normal,Proveedor Programado,73705.3,48248.05,25457.25,230,75,374,33.33,1.65,1006,2,6,31,1,1,1,Dermatológicos,0.5,Gastrointestinales
4315,MED-5314,Pediatría,Genfar,Medellín,Promoción,Automático (ML),38524.23,27071.43,11452.8,366,73,401,17.89,2.01,533,4,12,228,0,0,0,Pediatría,0.75,Pediatría
4316,MED-5315,Gastrointestinales,Tecnoquímicas,Cartagena,Normal,Automático (ML),30192.55,18502.87,11689.68,129,13,315,39.37,7.97,1161,2,8,233,1,0,0,Pediatría,1.0,Pediatría
4317,MED-5316,Cardiovasculares,Bayer,Cartagena,Promoción,Proveedor Programado,30752.05,21138.66,9613.39,383,38,150,38.84,0.65,1183,1,9,49,1,1,1,Pediatría,0.75,Pediatría
4318,MED-5317,Antibióticos,Bayer,Cartagena,Alta (Epidemia),Proveedor Programado,64368.17,50861.31,13506.86,456,41,394,26.85,9.37,815,2,6,855,1,0,1,Pediatría,0.5,Antibióticos
4319,MED-5318,Higiene Personal,Sanofi,Barranquilla,Alta (Epidemia),Manual,32897.25,20209.41,12687.84,335,22,142,7.61,3.22,212,2,3,245,0,1,1,Cardiovasculares,0.25,Higiene Personal
4320,MED-5319,Dermatológicos,Abbott,Bogotá,Alta (Invierno),Automático (ML),41509.33,27019.24,14490.09,470,13,329,19.66,6.46,579,0,6,785,0,0,1,Pediatría,1.0,Pediatría
4321,MED-5320,Cardiovasculares,Abbott,Barranquilla,Alta (Epidemia),Proveedor Programado,41375.66,34824.93,6550.73,208,60,161,24.99,1.09,735,1,9,653,1,1,1,Cardiovasculares,0.5,Cardiovasculares
4322,MED-5321,Higiene Personal,Abbott,Barranquilla,Promoción,Proveedor Programado,11633.99,9480.0,2153.99,453,73,354,35.02,4.7,1013,2,12,812,1,1,1,Dermatológicos,0.25,Higiene Personal
4323,MED-5322,Antibióticos,La Santé,Cali,Alta (Invierno),Automático (ML),24525.42,17209.45,7315.97,499,19,233,29.36,9.77,851,3,10,541,1,1,1,Pediatría,0.75,Pediatría
4324,MED-5323,Analgésicos,MK,Cali,Normal,Automático (ML),50246.15,36671.89,13574.26,229,40,304,34.76,8.72,1056,3,13,236,0,1,1,Pediatría,1.0,Pediatría
4325,MED-5324,Vitaminas,Roche,Bogotá,Alta (Epidemia),Proveedor Programado,7706.23,6234.61,1471.62,9,45,98,25.49,9.68,742,2,14,67,1,1,0,Pediatría,0.75,Pediatría
4326,MED-5325,Pediatría,Tecnoquímicas,Cali,Normal,Manual,47526.88,40201.02,7325.86,3,37,164,24.12,6.57,725,2,7,30,1,1,1,Pediatría,0.5,Pediatría
4327,MED-5326,Higiene Personal,Bayer,Barranquilla,Normal,Automático (ML),28413.38,17169.05,11244.33,124,57,313,14.15,7.02,453,1,6,139,0,0,0,Pediatría,0.5,Higiene Personal
4328,MED-5327,Higiene Personal,La Santé,Barranquilla,Alta (Invierno),Manual,52302.63,44002.51,8300.12,255,36,356,19.02,3.51,584,0,8,232,0,0,1,Gastrointestinales,0.25,Higiene Personal
4329,MED-5328,Pediatría,Sanofi,Cali,Normal,Proveedor Programado,30732.36,20421.45,10310.91,221,46,300,38.25,4.16,1155,1,12,747,1,0,1,Dermatológicos,0.25,Pediatría
4330,MED-5329,Antigripales,Abbott,Medellín,Normal,Automático (ML),37479.69,26846.19,10633.5,221,64,152,15.96,9.35,451,1,8,852,0,1,0,Pediatría,0.5,Antigripales
4331,MED-5330,Cardiovasculares,Genfar,Medellín,Alta (Epidemia),Manual,49416.92,34358.96,15057.96,210,13,193,27.43,6.69,813,0,1,38,1,0,0,Pediatría,0.5,Cardiovasculares
4332,MED-5331,Vitaminas,Sanofi,Cali,Alta (Invierno),Proveedor Programado,44523.39,35041.04,9482.35,154,20,367,2.24,8.5,96,0,6,678,1,1,0,Pediatría,0.75,Pediatría
4333,MED-5332,Antigripales,Tecnoquímicas,Barranquilla,Promoción,Automático (ML),73618.05,46661.69,26956.36,273,21,238,19.57,3.93,562,1,1,639,1,1,1,Pediatría,0.5,Antigripales
4334,MED-5333,Cardiovasculares,Bayer,Medellín,Alta (Invierno),Manual,5592.07,4650.7,941.37,440,25,381,10.22,1.61,334,2,12,236,1,0,1,Pediatría,1.0,Pediatría
4335,MED-5334,Dermatológicos,Pfizer,Cali,Alta (Invierno),Manual,10682.82,8199.09,2483.73,424,37,118,8.71,2.69,268,1,14,285,1,0,0,Pediatría,0.75,Pediatría
4336,MED-5335,Antibióticos,Bayer,Medellín,Promoción,Automático (ML),12749.42,8714.07,4035.35,82,30,180,32.23,2.6,980,3,4,119,0,1,0,Pediatría,1.0,Pediatría
4337,MED-5336,Pediatría,La Santé,Bogotá,Promoción,Automático (ML),61686.61,51497.3,10189.31,343,74,418,13.24,1.62,391,1,12,290,1,1,1,Pediatría,0.5,Pediatría
4338,MED-5337,Pediatría,Abbott,Medellín,Alta (Invierno),Manual,6766.75,5321.01,1445.74,291,55,405,15.53,7.95,488,2,5,876,0,1,0,Pediatría,0.5,Pediatría
4339,MED-5338,Dermatológicos,Tecnoquímicas,Medellín,Alta (Epidemia),Automático (ML),31695.27,23253.52,8441.75,96,47,232,28.44,8.78,836,1,11,444,1,1,1,Pediatría,0.5,Dermatológicos
4340,MED-5339,Higiene Personal,Roche,Medellín,Alta (Epidemia),Manual,38727.08,23323.88,15403.2,330,69,247,19.48,5.06,544,6,5,206,1,0,1,Pediatría,0.75,Pediatría
4341,MED-5340,Analgésicos,MK,Barranquilla,Normal,Proveedor Programado,31656.83,25847.23,5809.6,297,79,473,5.7,2.78,167,1,11,374,1,1,1,Pediatría,0.75,Pediatría
4342,MED-5341,Cardiovasculares,Abbott,Bogotá,Promoción,Manual,57431.27,48716.61,8714.66,59,11,125,8.42,1.11,258,3,13,703,0,0,0,Cardiovasculares,0.5,Cardiovasculares
4343,MED-5342,Antigripales,Sanofi,Bogotá,Alta (Invierno),Proveedor Programado,11432.4,8768.14,2664.26,273,34,291,34.5,5.88,1035,0,9,724,0,0,0,Pediatría,0.5,Antigripales
4344,MED-5343,Diabetes,Abbott,Cali,Alta (Epidemia),Proveedor Programado,49803.04,36527.28,13275.76,164,41,301,25.48,1.04,726,0,2,41,1,0,0,Dermatológicos,0.5,Diabetes
4345,MED-5344,Antigripales,Abbott,Barranquilla,Promoción,Manual,64851.61,46682.56,18169.05,188,17,402,14.81,8.54,433,0,5,188,1,0,1,Dermatológicos,0.25,Antigripales
4346,MED-5345,Pediatría,Pfizer,Bogotá,Promoción,Proveedor Programado,59793.34,41382.94,18410.4,136,35,315,32.73,7.07,988,0,14,207,1,0,0,Gastrointestinales,0.25,Pediatría
4347,MED-5346,Cardiovasculares,Tecnoquímicas,Bogotá,Promoción,Manual,23737.74,15987.45,7750.29,213,35,177,11.56,3.22,341,1,3,867,1,0,1,Pediatría,0.5,Cardiovasculares
4348,MED-5347,Diabetes,Novartis,Cali,Alta (Invierno),Manual,41275.38,33779.01,7496.37,124,56,206,8.54,7.1,252,0,9,610,0,1,1,Pediatría,0.5,Diabetes
4349,MED-5348,Diabetes,Genfar,Barranquilla,Alta (Epidemia),Proveedor Programado,11887.43,8282.86,3604.57,152,40,314,31.77,7.99,971,0,3,526,1,0,1,Dermatológicos,0.5,Diabetes
4350,MED-5349,Dermatológicos,Roche,Medellín,Promoción,Manual,74165.48,52432.13,21733.35,369,26,131,1.02,4.58,15,0,6,457,0,0,0,Dermatológicos,0.25,Dermatológicos
4351,MED-5350,Antibióticos,Abbott,Cartagena,Alta (Invierno),Proveedor Programado,68519.6,52422.72,16096.88,103,62,238,35.54,7.34,1069,2,10,577,1,1,0,Pediatría,0.5,Antibióticos
4352,MED-5351,Antibióticos,Sanofi,Barranquilla,Alta (Epidemia),Proveedor Programado,43252.14,27189.02,16063.12,150,16,366,11.69,6.58,366,2,7,746,1,1,1,Pediatría,0.75,Pediatría
4353,MED-5352,Analgésicos,Novartis,Cartagena,Alta (Epidemia),Proveedor Programado,6552.49,5543.91,1008.58,390,43,103,25.04,1.21,764,1,4,290,0,0,0,Pediatría,0.5,Analgésicos
4354,MED-5353,Vitaminas,Bayer,Barranquilla,Alta (Epidemia),Automático (ML),9300.03,6454.59,2845.44,353,63,132,16.54,6.5,449,1,2,144,0,1,0,Pediatría,0.5,Vitaminas
4355,MED-5354,Cardiovasculares,Roche,Cartagena,Normal,Manual,47807.35,40236.04,7571.31,163,64,330,4.83,2.72,167,0,10,359,1,0,0,Pediatría,0.5,Cardiovasculares
4356,MED-5355,Analgésicos,MK,Cartagena,Promoción,Automático (ML),8679.82,6432.45,2247.37,82,74,390,21.12,7.55,616,1,2,771,0,0,0,Pediatría,0.5,Analgésicos
4357,MED-5356,Pediatría,MK,Medellín,Alta (Epidemia),Automático (ML),78057.38,51504.87,26552.51,31,48,290,34.98,0.74,1043,0,11,283,1,1,0,Gastrointestinales,0.5,Pediatría
4358,MED-5357,Antigripales,Bayer,Barranquilla,Normal,Automático (ML),47362.71,32039.41,15323.3,177,41,401,21.12,3.14,642,1,12,748,1,0,0,Pediatría,0.5,Antigripales
4359,MED-5358,Diabetes,Genfar,Medellín,Normal,Manual,27640.35,22033.7,5606.65,197,60,303,30.55,1.48,897,1,11,734,0,1,0,Dermatológicos,0.25,Diabetes
4360,MED-5359,Antibióticos,Novartis,Cali,Normal,Manual,53039.94,35654.7,17385.24,296,47,369,2.2,2.97,62,1,8,762,1,0,0,Pediatría,0.5,Antibióticos
4361,MED-5360,Antibióticos,Novartis,Medellín,Normal,Proveedor Programado,60121.71,49876.22,10245.49,356,72,260,6.55,2.62,173,1,6,673,1,0,0,Pediatría,0.5,Antibióticos
4362,MED-5361,Dermatológicos,Novartis,Bogotá,Normal,Proveedor Programado,15533.83,11954.55,3579.28,308,29,397,4.39,9.81,154,1,14,526,0,0,1,Pediatría,0.75,Pediatría
4363,MED-5362,Dermatológicos,Novartis,Cali,Promoción,Manual,20791.44,17635.68,3155.76,494,59,150,19.21,5.44,568,1,7,607,1,1,1,Pediatría,0.5,Dermatológicos
4364,MED-5363,Pediatría,Abbott,Medellín,Alta (Invierno),Automático (ML),34536.81,22137.01,12399.8,69,40,273,30.21,3.48,920,2,13,672,1,1,0,Pediatría,0.75,Pediatría
4365,MED-5364,Higiene Personal,Pfizer,Cali,Normal,Proveedor Programado,61181.16,38765.7,22415.46,96,38,352,12.31,0.68,358,1,13,419,0,1,0,Dermatológicos,0.25,Higiene Personal
4366,MED-5365,Antigripales,Novartis,Medellín,Promoción,Automático (ML),8168.19,5590.9,2577.29,61,77,403,37.66,9.68,1101,1,11,442,0,1,0,Dermatológicos,0.25,Antigripales
4367,MED-5366,Higiene Personal,La Santé,Medellín,Alta (Epidemia),Automático (ML),72678.76,54270.39,18408.37,385,46,260,36.52,8.37,1085,0,8,61,1,1,0,Dermatológicos,0.5,Higiene Personal
4368,MED-5367,Gastrointestinales,La Santé,Cartagena,Normal,Manual,41653.93,26214.33,15439.6,202,64,196,15.08,8.35,455,2,12,468,0,0,1,Pediatría,0.5,Gastrointestinales
4369,MED-5368,Pediatría,La Santé,Cali,Alta (Epidemia),Proveedor Programado,69067.87,45575.53,23492.34,106,75,176,37.42,2.58,1139,1,1,419,1,1,0,Dermatológicos,0.5,Pediatría
4370,MED-5369,Gastrointestinales,Bayer,Cali,Alta (Epidemia),Proveedor Programado,30017.14,21215.53,8801.61,339,53,279,35.37,2.67,1069,2,6,359,0,1,0,Pediatría,0.5,Gastrointestinales
4371,MED-5370,Higiene Personal,Roche,Medellín,Alta (Epidemia),Automático (ML),76257.35,47506.74,28750.61,347,30,267,32.49,2.76,930,2,5,859,1,1,0,Pediatría,0.75,Pediatría
4372,MED-5371,Antigripales,La Santé,Bogotá,Promoción,Automático (ML),25602.91,16268.2,9334.71,164,64,387,30.72,9.71,902,2,10,622,1,1,1,Dermatológicos,0.25,Antigripales
4373,MED-5372,Pediatría,Genfar,Cali,Alta (Epidemia),Proveedor Programado,10173.93,6982.79,3191.14,71,45,334,29.78,4.93,909,1,4,552,0,0,0,Pediatría,0.75,Pediatría
4374,MED-5373,Vitaminas,Abbott,Barranquilla,Alta (Epidemia),Automático (ML),28971.72,21110.2,7861.52,88,74,434,23.79,6.82,711,1,12,892,1,1,1,Pediatría,0.5,Vitaminas
4375,MED-5374,Diabetes,Tecnoquímicas,Cali,Alta (Invierno),Automático (ML),50997.55,39735.26,11262.29,146,37,209,32.17,2.03,958,0,6,128,1,0,0,Pediatría,0.5,Diabetes
4376,MED-5375,Antigripales,Novartis,Barranquilla,Alta (Invierno),Automático (ML),23845.06,20175.99,3669.07,424,36,143,21.04,9.74,610,1,8,528,0,1,1,Pediatría,0.5,Antigripales
4377,MED-5376,Pediatría,Bayer,Bogotá,Promoción,Manual,22291.7,14030.91,8260.79,372,12,297,23.55,9.63,709,1,9,433,1,1,1,Pediatría,0.75,Pediatría
4378,MED-5377,Pediatría,Tecnoquímicas,Cartagena,Alta (Epidemia),Proveedor Programado,12745.51,8099.1,4646.41,398,71,397,37.82,8.69,1148,0,7,566,1,1,1,Dermatológicos,0.25,Pediatría
4379,MED-5378,Antibióticos,Sanofi,Barranquilla,Alta (Invierno),Manual,8266.72,6738.1,1528.62,49,64,269,24.18,7.14,699,0,7,213,1,1,1,Pediatría,0.5,Antibióticos
4380,MED-5379,Antibióticos,MK,Cali,Alta (Epidemia),Proveedor Programado,29814.51,18354.49,11460.02,372,58,125,5.2,1.29,151,0,8,544,0,1,0,Pediatría,0.5,Antibióticos
4381,MED-5380,Vitaminas,Abbott,Barranquilla,Promoción,Automático (ML),41118.36,28243.7,12874.66,104,30,272,35.65,4.78,1045,1,7,523,0,1,1,Pediatría,0.5,Vitaminas
4382,MED-5381,Antibióticos,MK,Medellín,Promoción,Manual,32828.1,22472.85,10355.25,25,27,398,4.7,8.59,169,2,2,611,1,1,1,Pediatría,0.5,Antibióticos
4383,MED-5382,Antigripales,Pfizer,Cali,Alta (Epidemia),Manual,73163.69,44825.57,28338.12,5,43,151,36.62,2.73,1072,1,13,61,0,1,0,Gastrointestinales,0.25,Antigripales
4384,MED-5383,Diabetes,Bayer,Bogotá,Alta (Epidemia),Automático (ML),37648.65,27307.73,10340.92,284,24,118,12.1,8.46,333,2,2,100,1,1,0,Pediatría,0.75,Pediatría
4385,MED-5384,Dermatológicos,La Santé,Cali,Alta (Epidemia),Automático (ML),37431.85,22981.7,14450.15,96,62,112,20.36,9.32,580,2,1,514,1,0,0,Antigripales,0.25,Dermatológicos
4386,MED-5385,Cardiovasculares,Novartis,Medellín,Alta (Invierno),Automático (ML),63642.91,44894.31,18748.6,463,61,192,1.15,4.64,71,3,2,395,1,1,1,Pediatría,0.5,Cardiovasculares
4387,MED-5386,Higiene Personal,Bayer,Cartagena,Alta (Epidemia),Manual,48700.07,35333.06,13367.01,162,46,298,17.58,5.3,515,0,8,378,1,0,0,Pediatría,0.5,Higiene Personal
4388,MED-5387,Higiene Personal,Sanofi,Bogotá,Alta (Epidemia),Manual,32603.85,21189.87,11413.98,334,44,378,15.81,2.58,461,4,7,78,0,1,0,Pediatría,0.75,Pediatría
4389,MED-5388,Gastrointestinales,La Santé,Barranquilla,Alta (Epidemia),Manual,61822.54,37330.98,24491.56,87,17,386,3.58,7.3,121,1,6,489,0,1,0,Dermatológicos,0.25,Gastrointestinales
4390,MED-5389,Antigripales,Sanofi,Cartagena,Promoción,Manual,58948.7,39149.6,19799.1,389,39,220,36.29,5.12,1098,1,6,824,0,0,1,Gastrointestinales,0.5,Antigripales
4391,MED-5390,Analgésicos,Novartis,Cartagena,Alta (Epidemia),Proveedor Programado,42919.4,34986.05,7933.35,375,64,367,35.71,7.19,1069,3,11,837,0,0,0,Pediatría,0.75,Pediatría
4392,MED-5391,Gastrointestinales,La Santé,Cartagena,Alta (Invierno),Proveedor Programado,78884.17,47846.46,31037.71,241,13,299,7.32,3.79,183,0,2,288,0,0,0,Pediatría,0.5,Gastrointestinales
4393,MED-5392,Gastrointestinales,Genfar,Medellín,Normal,Manual,49415.01,39056.41,10358.6,205,27,89,6.48,9.42,163,0,9,642,1,1,0,Pediatría,0.5,Gastrointestinales
4394,MED-5393,Analgésicos,Roche,Medellín,Alta (Invierno),Proveedor Programado,32206.2,22323.77,9882.43,304,51,184,3.33,8.56,153,1,12,184,0,1,0,Pediatría,0.5,Analgésicos
4395,MED-5394,Diabetes,Roche,Bogotá,Alta (Invierno),Manual,3550.59,2201.83,1348.76,336,28,190,3.94,7.31,119,2,14,63,0,1,0,Pediatría,0.5,Diabetes
4396,MED-5395,Antibióticos,Novartis,Cartagena,Alta (Invierno),Proveedor Programado,65825.0,44713.03,21111.97,300,18,318,19.58,1.8,577,2,6,412,1,1,1,Pediatría,0.5,Antibióticos
4397,MED-5396,Higiene Personal,Pfizer,Barranquilla,Promoción,Automático (ML),8876.24,5479.44,3396.8,76,62,195,29.49,3.63,897,0,3,424,1,0,1,Dermatológicos,0.25,Higiene Personal
4398,MED-5397,Vitaminas,Bayer,Cartagena,Alta (Invierno),Automático (ML),51665.89,40439.47,11226.42,379,58,447,34.12,0.67,1017,0,11,545,0,0,1,Gastrointestinales,0.25,Vitaminas
4399,MED-5398,Vitaminas,Sanofi,Barranquilla,Alta (Epidemia),Automático (ML),3581.95,2378.55,1203.4,354,24,209,24.98,6.88,777,1,14,736,1,0,1,Pediatría,0.5,Vitaminas
4400,MED-5399,Dermatológicos,Tecnoquímicas,Bogotá,Alta (Epidemia),Automático (ML),34058.27,23304.73,10753.54,195,19,374,15.32,8.77,465,0,5,495,0,0,1,Pediatría,0.75,Pediatría
4401,MED-5400,Pediatría,Sanofi,Barranquilla,Alta (Invierno),Automático (ML),18837.03,12572.62,6264.41,151,37,237,34.54,4.97,1014,2,8,242,1,0,1,Pediatría,0.75,Pediatría
4402,MED-5401,Diabetes,Tecnoquímicas,Cali,Alta (Invierno),Automático (ML),7676.1,4825.3,2850.8,485,34,397,30.63,2.71,905,1,1,129,1,1,0,Pediatría,0.5,Diabetes
4403,MED-5402,Dermatológicos,Tecnoquímicas,Barranquilla,Alta (Invierno),Proveedor Programado,27211.1,18523.9,8687.2,71,74,377,20.63,9.96,598,1,3,255,1,0,0,Dermatológicos,0.25,Dermatológicos
4404,MED-5403,Gastrointestinales,La Santé,Barranquilla,Promoción,Automático (ML),55759.59,38257.97,17501.62,401,44,430,30.01,7.02,923,0,13,160,0,0,1,Gastrointestinales,0.25,Gastrointestinales
4405,MED-5404,Analgésicos,MK,Barranquilla,Normal,Proveedor Programado,27414.21,20182.97,7231.24,437,43,339,20.51,5.66,555,2,14,450,1,1,1,Pediatría,0.5,Analgésicos
4406,MED-5405,Cardiovasculares,Sanofi,Cartagena,Normal,Manual,41493.69,34487.84,7005.85,265,43,145,11.34,9.26,335,0,4,400,0,0,0,Pediatría,0.75,Pediatría
4407,MED-5406,Antigripales,MK,Cali,Promoción,Proveedor Programado,27666.16,21923.38,5742.78,397,27,298,3.65,7.36,116,1,9,542,1,0,0,Pediatría,0.75,Pediatría
4408,MED-5407,Analgésicos,Genfar,Barranquilla,Alta (Invierno),Manual,73918.87,44836.28,29082.59,6,73,124,14.15,9.23,399,1,1,315,1,1,0,Pediatría,0.5,Analgésicos
4409,MED-5408,Cardiovasculares,Pfizer,Medellín,Promoción,Automático (ML),64856.91,47655.47,17201.44,77,36,295,1.58,6.2,15,1,7,849,1,1,1,Pediatría,0.5,Cardiovasculares
4410,MED-5409,Higiene Personal,Genfar,Bogotá,Alta (Epidemia),Automático (ML),61051.34,39915.26,21136.08,228,33,285,2.77,5.85,53,2,1,124,1,1,1,Dermatológicos,0.5,Higiene Personal
4411,MED-5410,Diabetes,Sanofi,Cali,Promoción,Proveedor Programado,55531.79,41819.86,13711.93,265,62,442,10.72,1.92,274,1,7,473,1,0,0,Pediatría,0.5,Diabetes
4412,MED-5411,Gastrointestinales,La Santé,Bogotá,Alta (Invierno),Automático (ML),66991.09,46611.78,20379.31,115,62,320,21.23,2.98,642,1,8,790,1,1,1,Pediatría,0.5,Gastrointestinales
4413,MED-5412,Dermatológicos,Roche,Cali,Alta (Invierno),Automático (ML),40653.23,32013.5,8639.73,7,44,156,11.07,9.86,355,2,8,282,0,0,1,Pediatría,0.75,Pediatría
4414,MED-5413,Analgésicos,La Santé,Barranquilla,Normal,Automático (ML),72300.63,54921.32,17379.31,83,56,450,8.03,5.14,255,1,3,106,1,1,0,Pediatría,0.5,Analgésicos
4415,MED-5414,Dermatológicos,Tecnoquímicas,Medellín,Normal,Manual,47367.97,31816.3,15551.67,146,76,276,36.79,4.99,1095,1,13,64,1,0,0,Gastrointestinales,0.25,Dermatológicos
4416,MED-5415,Higiene Personal,Sanofi,Barranquilla,Alta (Epidemia),Automático (ML),53614.28,36036.87,17577.41,210,42,419,4.05,2.66,85,3,1,842,0,1,0,Pediatría,0.5,Higiene Personal
4417,MED-5416,Analgésicos,Genfar,Cali,Normal,Proveedor Programado,31299.88,25319.59,5980.29,211,25,138,5.26,6.07,170,3,1,298,0,1,0,Pediatría,0.5,Analgésicos
4418,MED-5417,Gastrointestinales,Sanofi,Cali,Normal,Manual,52262.17,42699.16,9563.01,400,64,289,7.75,4.74,252,3,11,822,0,1,1,Pediatría,0.75,Pediatría
4419,MED-5418,Analgésicos,Novartis,Bogotá,Alta (Epidemia),Manual,18008.79,11745.62,6263.17,258,65,180,22.95,9.6,728,1,2,164,0,0,1,Dermatológicos,0.5,Analgésicos
4420,MED-5419,Cardiovasculares,Sanofi,Medellín,Alta (Invierno),Automático (ML),15937.35,10623.42,5313.93,449,32,145,32.04,8.78,984,2,9,549,0,1,0,Pediatría,0.5,Cardiovasculares
4421,MED-5420,Antigripales,Genfar,Cartagena,Normal,Manual,4229.19,2551.15,1678.04,123,64,303,29.74,6.41,899,1,6,226,1,0,0,Pediatría,0.75,Pediatría
4422,MED-5421,Diabetes,Bayer,Bogotá,Alta (Epidemia),Manual,18670.14,13633.68,5036.46,200,36,400,10.95,3.03,296,3,1,709,0,0,1,Cardiovasculares,0.5,Diabetes
4423,MED-5422,Gastrointestinales,Abbott,Cali,Promoción,Automático (ML),26612.31,22373.44,4238.87,402,41,367,6.02,8.44,169,0,7,327,0,1,0,Pediatría,0.5,Gastrointestinales
4424,MED-5423,Diabetes,Bayer,Medellín,Alta (Epidemia),Proveedor Programado,33831.59,21546.51,12285.08,341,18,247,22.99,9.79,723,2,7,280,1,0,0,Pediatría,0.75,Pediatría
4425,MED-5424,Dermatológicos,Genfar,Cali,Alta (Invierno),Manual,71476.17,46440.2,25035.97,401,26,259,33.71,2.91,996,3,1,312,1,0,1,Pediatría,0.75,Pediatría
4426,MED-5425,Diabetes,La Santé,Bogotá,Alta (Invierno),Manual,33842.12,25404.75,8437.37,59,29,130,6.06,3.41,185,2,12,347,1,0,0,Pediatría,0.5,Diabetes
4427,MED-5426,Pediatría,MK,Medellín,Normal,Automático (ML),23834.64,17186.26,6648.38,211,75,145,33.35,9.12,1024,4,14,706,1,1,1,Dermatológicos,0.5,Pediatría
4428,MED-5427,Antigripales,Abbott,Bogotá,Alta (Epidemia),Automático (ML),55326.24,34423.92,20902.32,327,39,176,1.62,6.19,42,0,10,852,0,0,0,Dermatológicos,0.25,Antigripales
4429,MED-5428,Dermatológicos,Genfar,Bogotá,Alta (Invierno),Automático (ML),47089.33,35862.61,11226.72,236,63,351,10.99,0.51,357,1,2,882,1,0,0,Pediatría,0.5,Dermatológicos
4430,MED-5429,Vitaminas,Sanofi,Barranquilla,Promoción,Automático (ML),69648.99,48600.89,21048.1,352,27,110,19.66,7.98,622,4,11,715,1,0,0,Pediatría,0.5,Vitaminas
4431,MED-5430,Antigripales,Genfar,Barranquilla,Normal,Automático (ML),59942.55,38382.09,21560.46,283,68,453,24.24,9.03,746,1,7,353,1,1,0,Gastrointestinales,0.25,Antigripales
4432,MED-5431,Cardiovasculares,MK,Cali,Promoción,Automático (ML),39651.64,31186.79,8464.85,188,39,93,10.46,5.71,307,2,7,708,1,1,0,Pediatría,0.5,Cardiovasculares
4433,MED-5432,Cardiovasculares,Abbott,Medellín,Normal,Proveedor Programado,76034.65,57157.6,18877.05,473,79,275,25.62,9.57,791,1,7,79,0,1,1,Gastrointestinales,0.25,Cardiovasculares
4434,MED-5433,Analgésicos,MK,Barranquilla,Alta (Epidemia),Manual,36410.86,24497.25,11913.61,466,72,354,3.84,3.38,157,3,5,432,0,0,1,Pediatría,0.75,Pediatría
4435,MED-5434,Cardiovasculares,Novartis,Barranquilla,Normal,Automático (ML),11790.34,8402.14,3388.2,253,55,327,8.18,4.62,230,1,5,450,0,1,1,Pediatría,0.75,Pediatría
4436,MED-5435,Antibióticos,Pfizer,Medellín,Normal,Proveedor Programado,9927.09,6270.77,3656.32,421,61,251,31.91,7.67,972,1,6,686,0,1,1,Dermatológicos,0.5,Antibióticos
4437,MED-5436,Pediatría,Genfar,Medellín,Alta (Invierno),Automático (ML),72096.8,47566.36,24530.44,216,53,426,5.44,7.33,205,3,5,329,0,0,0,Pediatría,0.75,Pediatría
4438,MED-5437,Analgésicos,La Santé,Cali,Alta (Epidemia),Proveedor Programado,71685.73,53455.05,18230.68,337,22,372,30.09,1.96,903,1,8,818,1,0,1,Gastrointestinales,0.5,Analgésicos
4439,MED-5438,Gastrointestinales,Abbott,Bogotá,Promoción,Proveedor Programado,54725.47,41429.93,13295.54,111,20,165,28.2,8.93,874,0,4,579,1,0,0,Antigripales,0.25,Gastrointestinales
4440,MED-5439,Antibióticos,Novartis,Medellín,Normal,Manual,29247.3,23791.1,5456.2,314,15,107,29.19,9.4,874,1,14,783,1,0,1,Pediatría,0.5,Antibióticos
4441,MED-5440,Dermatológicos,Sanofi,Cartagena,Alta (Epidemia),Proveedor Programado,71416.51,47671.03,23745.48,213,42,269,29.55,6.74,902,1,10,282,1,0,0,Gastrointestinales,0.25,Dermatológicos
4442,MED-5441,Vitaminas,Bayer,Cali,Normal,Proveedor Programado,27068.92,18572.15,8496.77,252,50,222,30.94,4.39,955,0,9,307,0,1,1,Pediatría,0.5,Vitaminas
4443,MED-5442,Higiene Personal,Novartis,Bogotá,Alta (Epidemia),Manual,3986.73,2818.35,1168.38,237,68,153,39.09,2.46,1164,2,4,559,0,0,0,Pediatría,0.75,Pediatría
4444,MED-5443,Dermatológicos,Sanofi,Cali,Alta (Invierno),Manual,59236.31,47309.7,11926.61,242,35,204,21.58,2.48,606,1,9,681,1,0,0,Dermatológicos,0.5,Dermatológicos
4445,MED-5444,Analgésicos,La Santé,Barranquilla,Alta (Epidemia),Proveedor Programado,65081.96,50015.81,15066.15,73,42,227,8.81,1.88,257,0,9,236,1,0,1,Dermatológicos,0.25,Analgésicos
4446,MED-5445,Analgésicos,Bayer,Cartagena,Alta (Epidemia),Manual,74241.38,57443.63,16797.75,81,34,144,16.55,9.85,534,3,2,787,1,1,0,Cardiovasculares,0.5,Analgésicos
4447,MED-5446,Diabetes,Abbott,Bogotá,Alta (Invierno),Manual,46293.42,38628.31,7665.11,350,52,297,2.32,1.2,41,0,3,838,1,0,1,Pediatría,0.5,Diabetes
4448,MED-5447,Diabetes,Bayer,Bogotá,Alta (Invierno),Automático (ML),54062.24,38395.66,15666.58,33,18,361,22.76,9.36,672,1,3,431,0,0,0,Antigripales,0.25,Diabetes
4449,MED-5448,Pediatría,Abbott,Bogotá,Promoción,Proveedor Programado,77404.07,51495.91,25908.16,457,22,321,36.44,3.94,1101,0,9,861,1,1,0,Gastrointestinales,0.5,Pediatría
4450,MED-5449,Diabetes,Sanofi,Cartagena,Promoción,Automático (ML),19405.36,14717.89,4687.47,213,33,227,12.35,5.97,350,1,8,430,0,1,0,Pediatría,0.75,Pediatría
4451,MED-5450,Diabetes,Genfar,Cartagena,Alta (Invierno),Manual,17268.03,11578.98,5689.05,269,36,90,28.03,2.47,846,3,12,293,0,0,1,Pediatría,0.5,Diabetes
4452,MED-5451,Gastrointestinales,Roche,Bogotá,Promoción,Proveedor Programado,36150.67,30494.33,5656.34,6,30,331,16.9,5.56,504,1,2,373,0,0,0,Pediatría,0.5,Gastrointestinales
4453,MED-5452,Diabetes,Roche,Medellín,Promoción,Automático (ML),27139.22,17135.3,10003.92,293,52,414,3.49,4.67,103,0,12,724,1,0,1,Pediatría,0.75,Pediatría
4454,MED-5453,Dermatológicos,Bayer,Barranquilla,Alta (Epidemia),Proveedor Programado,9807.16,7680.08,2127.08,65,69,389,22.81,4.32,695,0,4,53,1,1,0,Pediatría,0.75,Pediatría
4455,MED-5454,Gastrointestinales,Roche,Medellín,Alta (Epidemia),Automático (ML),32433.83,19731.23,12702.6,39,36,122,11.77,2.9,322,2,3,152,0,1,1,Dermatológicos,0.5,Gastrointestinales
4456,MED-5455,Gastrointestinales,Bayer,Cartagena,Alta (Epidemia),Automático (ML),63067.79,45667.69,17400.1,121,35,304,23.97,2.31,745,1,11,302,0,0,1,Gastrointestinales,0.5,Gastrointestinales
4457,MED-5456,Higiene Personal,La Santé,Barranquilla,Alta (Invierno),Proveedor Programado,25686.48,18045.97,7640.51,411,25,280,30.31,4.99,935,0,14,748,0,1,0,Pediatría,0.5,Higiene Personal
4458,MED-5457,Pediatría,MK,Barranquilla,Normal,Manual,66875.89,50580.63,16295.26,52,70,240,24.88,8.48,752,2,4,105,1,0,0,Dermatológicos,0.5,Pediatría
4459,MED-5458,Higiene Personal,Sanofi,Cartagena,Normal,Proveedor Programado,52775.34,38985.61,13789.73,359,20,74,18.3,9.98,561,0,12,811,0,0,0,Pediatría,0.5,Higiene Personal
4460,MED-5459,Cardiovasculares,Bayer,Cartagena,Normal,Proveedor Programado,64057.78,39642.43,24415.35,402,11,66,7.67,3.43,236,3,3,298,1,0,0,Dermatológicos,0.25,Cardiovasculares
4461,MED-5460,Diabetes,Bayer,Bogotá,Alta (Invierno),Manual,50484.32,39261.53,11222.79,376,20,407,18.01,8.65,577,1,14,200,1,1,0,Gastrointestinales,0.5,Diabetes
4462,MED-5461,Higiene Personal,Bayer,Cali,Promoción,Automático (ML),68868.32,48731.62,20136.7,326,39,186,28.54,2.57,863,4,9,265,1,1,0,Pediatría,0.5,Higiene Personal
4463,MED-5462,Antibióticos,Tecnoquímicas,Cartagena,Promoción,Manual,63869.85,49433.06,14436.79,101,34,241,25.5,4.45,786,0,2,269,1,0,0,Antigripales,0.25,Antibióticos
4464,MED-5463,Antibióticos,Roche,Cali,Promoción,Proveedor Programado,57590.07,41419.96,16170.11,364,45,159,7.26,1.61,206,2,7,267,1,1,1,Dermatológicos,0.25,Antibióticos
4465,MED-5464,Analgésicos,Abbott,Barranquilla,Alta (Invierno),Proveedor Programado,31062.43,23324.58,7737.85,139,22,347,32.44,2.32,980,0,2,547,1,1,1,Pediatría,0.75,Pediatría
4466,MED-5465,Pediatría,Pfizer,Cartagena,Alta (Invierno),Manual,33278.98,25081.1,8197.88,157,19,399,4.92,5.22,151,1,3,615,0,1,0,Pediatría,0.5,Pediatría
4467,MED-5466,Antigripales,La Santé,Barranquilla,Alta (Invierno),Proveedor Programado,49874.56,37838.95,12035.61,134,12,180,35.81,9.42,1059,1,11,54,1,1,0,Pediatría,0.5,Antigripales
4468,MED-5467,Gastrointestinales,Bayer,Bogotá,Promoción,Automático (ML),7484.67,6068.88,1415.79,245,66,252,29.93,7.25,897,2,11,285,0,1,1,Dermatológicos,0.25,Gastrointestinales
4469,MED-5468,Dermatológicos,Novartis,Barranquilla,Promoción,Manual,48038.1,33512.07,14526.03,80,30,409,37.86,8.94,1131,2,3,431,1,0,0,Pediatría,0.75,Pediatría
4470,MED-5469,Antibióticos,Abbott,Barranquilla,Alta (Epidemia),Proveedor Programado,58784.0,44248.14,14535.86,303,48,380,19.14,4.61,538,2,4,743,1,1,1,Pediatría,0.5,Antibióticos
4471,MED-5470,Diabetes,Roche,Medellín,Alta (Epidemia),Proveedor Programado,40065.85,27809.42,12256.43,13,63,460,28.35,3.61,842,3,12,90,1,1,0,Dermatológicos,0.5,Diabetes
4472,MED-5471,Higiene Personal,Genfar,Cali,Promoción,Proveedor Programado,62416.7,44668.36,17748.34,44,43,163,32.99,0.88,1007,0,11,804,1,0,0,Gastrointestinales,0.5,Higiene Personal
4473,MED-5472,Gastrointestinales,MK,Bogotá,Normal,Proveedor Programado,49997.75,38045.82,11951.93,411,34,405,24.33,1.45,713,0,14,405,0,0,1,Gastrointestinales,0.25,Gastrointestinales
4474,MED-5473,Dermatológicos,Sanofi,Cartagena,Normal,Manual,77121.05,64020.94,13100.11,265,50,154,35.74,6.53,1092,0,7,656,1,1,0,Gastrointestinales,0.25,Dermatológicos
4475,MED-5474,Pediatría,Pfizer,Cartagena,Promoción,Proveedor Programado,12346.59,9279.6,3066.99,114,57,388,8.05,3.26,228,2,8,723,0,0,1,Pediatría,0.75,Pediatría
4476,MED-5475,Antigripales,Bayer,Medellín,Normal,Manual,21958.84,14596.57,7362.27,395,18,407,39.67,4.47,1193,3,8,300,1,0,0,Pediatría,0.75,Pediatría
4477,MED-5476,Gastrointestinales,Sanofi,Cartagena,Alta (Invierno),Proveedor Programado,61891.7,40849.77,21041.93,201,16,242,37.62,2.2,1148,2,10,302,1,1,0,Gastrointestinales,0.25,Gastrointestinales
4478,MED-5477,Antigripales,La Santé,Cali,Alta (Invierno),Automático (ML),20920.8,15215.34,5705.46,439,18,72,36.45,4.56,1125,0,12,237,0,0,0,Pediatría,0.5,Antigripales
4479,MED-5478,Pediatría,Tecnoquímicas,Cartagena,Promoción,Automático (ML),62058.5,38941.92,23116.58,253,49,387,13.91,8.03,414,2,8,574,1,0,0,Pediatría,0.75,Pediatría
4480,MED-5479,Vitaminas,Novartis,Medellín,Promoción,Proveedor Programado,24937.62,16839.02,8098.6,431,53,130,10.81,3.87,350,1,7,104,0,1,1,Pediatría,0.5,Vitaminas
4481,MED-5480,Antibióticos,Abbott,Medellín,Alta (Invierno),Manual,63701.92,51927.7,11774.22,467,44,207,37.05,0.83,1117,4,9,185,0,0,0,Pediatría,0.5,Antibióticos
4482,MED-5481,Diabetes,Abbott,Cartagena,Promoción,Automático (ML),9104.13,6220.33,2883.8,173,20,267,27.04,7.79,850,0,2,128,0,0,1,Pediatría,0.75,Pediatría
4483,MED-5482,Diabetes,La Santé,Bogotá,Alta (Epidemia),Automático (ML),5926.72,3877.8,2048.92,333,28,289,11.39,8.18,345,3,12,617,1,1,1,Pediatría,0.75,Pediatría
4484,MED-5483,Pediatría,Pfizer,Barranquilla,Alta (Epidemia),Manual,8077.74,5676.01,2401.73,228,49,213,18.67,7.07,558,3,7,550,0,0,1,Pediatría,0.75,Pediatría
4485,MED-5484,Antigripales,Tecnoquímicas,Cali,Alta (Invierno),Automático (ML),31858.27,26576.29,5281.98,155,12,163,1.06,0.75,24,1,10,227,0,0,0,Pediatría,0.5,Antigripales
4486,MED-5485,Gastrointestinales,Abbott,Cali,Normal,Proveedor Programado,20216.7,14672.24,5544.46,396,61,173,35.24,7.88,1061,1,1,767,0,1,0,Dermatológicos,0.5,Gastrointestinales
4487,MED-5486,Analgésicos,Roche,Cali,Normal,Proveedor Programado,32153.81,25896.32,6257.49,180,37,279,15.8,5.55,472,4,8,43,0,1,1,Cardiovasculares,0.5,Analgésicos
4488,MED-5487,Diabetes,La Santé,Barranquilla,Alta (Invierno),Proveedor Programado,31783.84,24330.88,7452.96,305,77,217,8.42,5.07,271,1,7,778,1,0,0,Pediatría,0.5,Diabetes
4489,MED-5488,Pediatría,Pfizer,Barranquilla,Promoción,Automático (ML),27314.74,20789.47,6525.27,357,40,396,34.28,6.99,1047,2,12,523,0,1,1,Dermatológicos,0.25,Pediatría
4490,MED-5489,Analgésicos,Sanofi,Cartagena,Alta (Epidemia),Manual,69433.72,55404.62,14029.1,394,33,421,20.44,2.03,607,2,8,381,1,1,0,Gastrointestinales,0.25,Analgésicos
4491,MED-5490,Analgésicos,Pfizer,Bogotá,Alta (Epidemia),Manual,31800.17,23104.64,8695.53,93,70,237,22.51,1.05,662,1,12,789,1,1,1,Cardiovasculares,0.5,Analgésicos
4492,MED-5491,Pediatría,Genfar,Cali,Alta (Epidemia),Proveedor Programado,51388.75,33273.77,18114.98,356,36,408,37.61,2.79,1131,2,10,833,0,0,0,Pediatría,0.5,Pediatría
4493,MED-5492,Antibióticos,Novartis,Bogotá,Promoción,Proveedor Programado,72154.54,57286.12,14868.42,22,17,372,23.11,9.22,671,2,1,240,0,0,0,Cardiovasculares,0.5,Antibióticos
4494,MED-5493,Pediatría,Genfar,Cali,Promoción,Automático (ML),41343.27,32029.3,9313.97,463,24,84,10.79,4.74,307,3,3,706,0,1,0,Pediatría,0.75,Pediatría
4495,MED-5494,Antibióticos,Pfizer,Cali,Promoción,Manual,20277.19,14502.0,5775.19,152,46,322,17.79,5.13,544,1,7,40,0,1,1,Pediatría,0.75,Pediatría
4496,MED-5495,Gastrointestinales,Sanofi,Bogotá,Normal,Automático (ML),75059.93,63292.66,11767.27,451,20,79,18.5,5.94,565,3,6,327,1,0,1,Dermatológicos,0.25,Gastrointestinales
4497,MED-5496,Vitaminas,Tecnoquímicas,Cali,Alta (Epidemia),Automático (ML),45635.66,30171.02,15464.64,97,73,228,15.36,2.18,500,1,10,509,1,0,0,Pediatría,0.5,Vitaminas
4498,MED-5497,Vitaminas,Pfizer,Medellín,Alta (Epidemia),Proveedor Programado,73687.45,52277.79,21409.66,113,77,275,32.44,2.24,984,1,11,676,1,1,0,Gastrointestinales,0.5,Vitaminas
4499,MED-5498,Vitaminas,Genfar,Cartagena,Alta (Epidemia),Manual,79297.91,50989.63,28308.28,183,43,264,5.91,6.89,191,0,9,516,1,0,1,Dermatológicos,0.25,Vitaminas
4500,MED-5499,Antigripales,Tecnoquímicas,Medellín,Alta (Epidemia),Automático (ML),32906.85,22397.41,10509.44,55,43,249,28.61,4.7,874,0,14,834,1,0,1,Dermatológicos,0.5,Antigripales
4501,MED-5500,Dermatológicos,Abbott,Bogotá,Normal,Automático (ML),20589.78,15931.41,4658.37,214,59,257,10.89,7.66,311,0,2,36,0,0,0,Pediatría,0.5,Dermatológicos
4502,MED-5501,Analgésicos,Abbott,Cartagena,Alta (Epidemia),Manual,41285.1,28349.43,12935.67,159,54,172,17.4,2.42,533,1,2,104,1,0,1,Antigripales,0.25,Analgésicos
4503,MED-5502,Vitaminas,Pfizer,Cali,Normal,Proveedor Programado,66645.34,50995.27,15650.07,253,74,165,19.25,4.01,545,2,12,721,0,0,0,Pediatría,0.5,Vitaminas
4504,MED-5503,Vitaminas,Tecnoquímicas,Bogotá,Promoción,Automático (ML),57513.36,38108.38,19404.98,66,69,413,25.09,1.0,745,2,13,458,1,0,1,Gastrointestinales,0.25,Vitaminas
4505,MED-5504,Higiene Personal,Bayer,Cartagena,Alta (Epidemia),Automático (ML),53258.09,38666.05,14592.04,487,17,320,21.71,1.98,619,1,13,831,1,0,1,Gastrointestinales,0.5,Higiene Personal
4506,MED-5505,Dermatológicos,Pfizer,Medellín,Alta (Invierno),Proveedor Programado,42461.57,33947.23,8514.34,277,36,276,21.77,5.73,667,2,10,588,0,1,1,Pediatría,0.75,Pediatría
4507,MED-5506,Gastrointestinales,Bayer,Medellín,Alta (Epidemia),Proveedor Programado,11228.6,8427.09,2801.51,50,17,295,4.04,5.64,134,1,1,560,0,1,1,Pediatría,0.75,Pediatría
4508,MED-5507,Gastrointestinales,Novartis,Bogotá,Promoción,Proveedor Programado,15547.25,10282.18,5265.07,374,23,186,22.29,5.7,655,2,3,491,0,1,1,Pediatría,0.5,Gastrointestinales
4509,MED-5508,Higiene Personal,MK,Cartagena,Normal,Proveedor Programado,59721.42,42083.87,17637.55,420,59,358,22.08,1.58,666,2,10,424,1,0,1,Gastrointestinales,0.25,Higiene Personal
4510,MED-5509,Pediatría,MK,Medellín,Normal,Proveedor Programado,50904.65,39876.26,11028.39,244,61,272,12.03,3.82,374,0,12,323,0,0,1,Pediatría,0.5,Pediatría
4511,MED-5510,Vitaminas,Roche,Cartagena,Alta (Epidemia),Proveedor Programado,44659.25,28864.83,15794.42,103,30,168,35.93,9.55,1051,3,14,523,0,1,0,Pediatría,0.75,Pediatría
4512,MED-5511,Dermatológicos,Bayer,Bogotá,Alta (Invierno),Proveedor Programado,5616.86,4179.14,1437.72,187,52,405,21.76,4.59,670,2,1,158,1,1,0,Pediatría,0.5,Dermatológicos
4513,MED-5512,Pediatría,Pfizer,Cali,Alta (Invierno),Automático (ML),25945.55,18297.02,7648.53,283,54,127,6.11,0.63,210,1,1,107,1,0,0,Pediatría,0.5,Pediatría
4514,MED-5513,Antibióticos,MK,Bogotá,Normal,Automático (ML),36050.8,25068.69,10982.11,324,23,294,15.16,9.58,465,2,7,399,1,0,0,Pediatría,0.75,Pediatría
4515,MED-5514,Analgésicos,Roche,Cartagena,Alta (Epidemia),Proveedor Programado,50342.82,37002.35,13340.47,444,54,229,4.21,9.5,132,0,2,35,1,1,1,Dermatológicos,0.25,Analgésicos
4516,MED-5515,Cardiovasculares,La Santé,Cartagena,Alta (Epidemia),Proveedor Programado,15453.04,12955.41,2497.63,354,63,416,38.7,1.5,1136,1,10,179,0,0,1,Dermatológicos,0.25,Cardiovasculares
4517,MED-5516,Vitaminas,Roche,Bogotá,Alta (Invierno),Proveedor Programado,63631.53,38289.97,25341.56,39,73,133,35.63,6.5,1056,1,3,250,1,1,1,Dermatológicos,0.5,Vitaminas
4518,MED-5517,Pediatría,Pfizer,Barranquilla,Alta (Epidemia),Automático (ML),69948.12,43122.14,26825.98,301,77,129,36.3,2.25,1098,1,9,445,0,1,0,Gastrointestinales,0.5,Pediatría
4519,MED-5518,Vitaminas,Pfizer,Cartagena,Normal,Manual,14857.39,9491.51,5365.88,366,75,135,14.12,9.07,428,1,6,271,0,0,0,Pediatría,0.5,Vitaminas
4520,MED-5519,Higiene Personal,La Santé,Medellín,Alta (Invierno),Manual,63060.76,48069.05,14991.71,349,28,249,30.78,5.04,873,0,3,752,1,1,0,Antigripales,0.25,Higiene Personal
4521,MED-5520,Antigripales,Tecnoquímicas,Medellín,Alta (Epidemia),Proveedor Programado,51385.1,37849.4,13535.7,451,10,292,37.9,5.71,1140,1,14,154,0,0,0,Gastrointestinales,0.25,Antigripales
4522,MED-5521,Dermatológicos,Sanofi,Medellín,Promoción,Automático (ML),18278.78,11890.09,6388.69,79,57,121,24.12,2.5,716,1,7,294,0,0,0,Pediatría,0.5,Dermatológicos
4523,MED-5522,Analgésicos,MK,Cali,Alta (Invierno),Automático (ML),49418.9,34478.4,14940.5,349,46,132,22.6,1.55,684,5,1,204,0,0,1,Pediatría,1.0,Pediatría
4524,MED-5523,Diabetes,Bayer,Barranquilla,Promoción,Automático (ML),35648.97,27985.04,7663.93,333,51,429,17.61,9.64,562,1,9,33,0,1,0,Dermatológicos,0.25,Diabetes
4525,MED-5524,Pediatría,Genfar,Cartagena,Promoción,Proveedor Programado,19025.65,14137.07,4888.58,163,51,148,37.49,4.2,1092,2,12,722,1,1,1,Pediatría,0.75,Pediatría
4526,MED-5525,Dermatológicos,Bayer,Cartagena,Promoción,Automático (ML),27637.17,17403.96,10233.21,81,24,326,11.84,2.73,348,1,8,258,0,0,0,Pediatría,0.5,Dermatológicos
4527,MED-5526,Diabetes,La Santé,Medellín,Alta (Epidemia),Proveedor Programado,63606.3,38513.08,25093.22,496,61,213,34.31,3.26,989,1,12,83,0,0,0,Diabetes,0.5,Diabetes
4528,MED-5527,Antigripales,Bayer,Cali,Normal,Manual,69017.04,42947.64,26069.4,205,28,357,39.96,6.28,1173,0,5,400,1,0,1,Dermatológicos,0.5,Antigripales
4529,MED-5528,Diabetes,MK,Cali,Alta (Epidemia),Manual,17893.25,12619.88,5273.37,28,34,170,7.95,8.78,211,1,12,207,1,1,1,Pediatría,0.75,Pediatría
4530,MED-5529,Antibióticos,Sanofi,Cartagena,Alta (Invierno),Proveedor Programado,72878.37,49616.31,23262.06,66,60,152,4.2,2.67,106,2,5,740,0,1,1,Pediatría,0.5,Antibióticos
4531,MED-5530,Antigripales,Roche,Cartagena,Alta (Epidemia),Proveedor Programado,39052.8,32006.3,7046.5,78,33,259,6.91,4.27,227,2,8,717,0,0,0,Pediatría,0.5,Antigripales
4532,MED-5531,Higiene Personal,MK,Cartagena,Alta (Invierno),Automático (ML),55925.61,44867.75,11057.86,255,51,421,23.62,4.08,727,1,1,143,0,0,1,Antigripales,0.25,Higiene Personal
4533,MED-5532,Higiene Personal,Sanofi,Cartagena,Normal,Automático (ML),76344.32,47188.26,29156.06,453,16,100,22.51,7.67,690,1,13,184,0,1,0,Gastrointestinales,0.5,Higiene Personal
4534,MED-5533,Antigripales,La Santé,Barranquilla,Alta (Invierno),Manual,53767.74,36275.83,17491.91,360,33,374,10.3,7.47,325,2,5,312,1,0,0,Pediatría,0.5,Antigripales
4535,MED-5534,Antibióticos,Sanofi,Cartagena,Alta (Invierno),Proveedor Programado,17786.52,14050.85,3735.67,329,43,144,21.23,2.67,622,1,11,86,0,0,1,Pediatría,0.5,Antibióticos
4536,MED-5535,Antigripales,Tecnoquímicas,Barranquilla,Normal,Automático (ML),29200.34,17866.45,11333.89,184,61,454,14.45,7.18,418,2,5,443,0,1,0,Pediatría,0.75,Pediatría
4537,MED-5536,Diabetes,Abbott,Cali,Normal,Proveedor Programado,20093.94,15672.42,4421.52,267,59,359,18.68,3.1,582,0,10,777,1,1,1,Dermatológicos,0.25,Diabetes
4538,MED-5537,Antigripales,La Santé,Barranquilla,Promoción,Proveedor Programado,20707.37,16597.86,4109.51,190,64,317,38.49,2.19,1135,1,1,259,1,1,0,Pediatría,0.5,Antigripales
4539,MED-5538,Antibióticos,Genfar,Cartagena,Normal,Automático (ML),14982.46,12159.93,2822.53,405,28,299,35.32,4.72,1057,2,10,369,1,0,1,Pediatría,0.75,Pediatría
4540,MED-5539,Higiene Personal,Tecnoquímicas,Cali,Alta (Epidemia),Proveedor Programado,61908.93,39199.18,22709.75,167,36,434,2.73,1.89,71,1,1,554,0,0,1,Pediatría,0.75,Pediatría
4541,MED-5540,Pediatría,La Santé,Cali,Normal,Manual,30839.5,26077.58,4761.92,363,41,145,3.41,0.64,77,0,13,367,0,0,1,Pediatría,0.5,Pediatría
4542,MED-5541,Pediatría,Pfizer,Cali,Alta (Epidemia),Manual,9995.32,7063.68,2931.64,226,41,388,21.78,0.57,662,2,11,373,1,0,1,Pediatría,1.0,Pediatría
4543,MED-5542,Antibióticos,Pfizer,Bogotá,Promoción,Automático (ML),63668.89,46186.06,17482.83,363,16,220,33.32,6.31,981,1,13,242,1,1,0,Gastrointestinales,0.25,Antibióticos
4544,MED-5543,Antigripales,Sanofi,Medellín,Promoción,Automático (ML),15285.8,11108.76,4177.04,252,69,207,39.8,6.72,1184,3,11,586,0,1,0,Dermatológicos,0.5,Antigripales
4545,MED-5544,Dermatológicos,Pfizer,Barranquilla,Alta (Invierno),Automático (ML),44330.17,36704.85,7625.32,189,10,407,14.93,8.54,453,0,12,551,0,0,0,Pediatría,1.0,Pediatría
4546,MED-5545,Dermatológicos,MK,Barranquilla,Promoción,Proveedor Programado,58421.9,47238.88,11183.02,413,45,278,34.64,2.39,1046,1,6,227,1,0,0,Gastrointestinales,0.25,Dermatológicos
4547,MED-5546,Vitaminas,Genfar,Cartagena,Normal,Manual,19328.3,13852.26,5476.04,208,41,319,3.52,6.37,65,0,4,480,0,1,0,Pediatría,0.75,Pediatría
4548,MED-5547,Higiene Personal,Roche,Cartagena,Alta (Invierno),Automático (ML),35543.08,24888.3,10654.78,422,45,104,12.7,3.06,377,4,2,236,1,1,1,Cardiovasculares,0.5,Higiene Personal
4549,MED-5548,Vitaminas,Pfizer,Bogotá,Alta (Invierno),Automático (ML),46387.61,32677.92,13709.69,396,23,210,8.04,1.36,272,2,1,784,1,1,0,Pediatría,0.5,Vitaminas
4550,MED-5549,Diabetes,Genfar,Bogotá,Normal,Automático (ML),8502.26,5247.05,3255.21,461,25,211,15.76,3.78,496,0,9,527,0,0,0,Pediatría,0.75,Pediatría
4551,MED-5550,Analgésicos,Novartis,Cartagena,Promoción,Manual,10966.58,8252.16,2714.42,329,64,117,35.56,1.0,1074,2,10,487,0,0,1,Pediatría,0.5,Analgésicos
4552,MED-5551,Gastrointestinales,Roche,Cali,Normal,Manual,4678.33,3755.59,922.74,278,16,370,16.32,0.88,470,2,13,460,0,0,0,Pediatría,1.0,Pediatría
4553,MED-5552,Antigripales,Sanofi,Cali,Alta (Epidemia),Proveedor Programado,64492.87,47911.97,16580.9,326,51,246,2.38,1.54,92,2,6,400,0,0,0,Cardiovasculares,0.5,Antigripales
4554,MED-5553,Vitaminas,Pfizer,Cartagena,Alta (Invierno),Automático (ML),58594.54,39759.35,18835.19,221,47,200,32.88,7.71,982,0,9,375,0,1,0,Gastrointestinales,0.25,Vitaminas
4555,MED-5554,Higiene Personal,Pfizer,Barranquilla,Normal,Manual,8982.63,6437.36,2545.27,217,39,353,5.27,1.92,155,1,10,327,1,1,0,Pediatría,0.75,Pediatría
4556,MED-5555,Cardiovasculares,Novartis,Barranquilla,Promoción,Proveedor Programado,49830.12,37060.09,12770.03,143,10,177,4.4,3.21,155,1,4,656,0,0,0,Dermatológicos,0.5,Cardiovasculares
4557,MED-5556,Dermatológicos,Roche,Cartagena,Promoción,Manual,68485.32,45355.13,23130.19,151,29,244,29.4,4.87,885,3,6,412,0,0,0,Pediatría,0.5,Dermatológicos
4558,MED-5557,Dermatológicos,Genfar,Cali,Promoción,Automático (ML),24057.17,14796.71,9260.46,103,77,354,6.74,9.53,209,5,9,669,0,0,1,Pediatría,0.75,Pediatría
4559,MED-5558,Dermatológicos,MK,Bogotá,Normal,Automático (ML),22777.44,18779.9,3997.54,172,70,178,26.03,4.78,791,7,8,244,1,0,0,Pediatría,0.75,Pediatría
4560,MED-5559,Analgésicos,Tecnoquímicas,Barranquilla,Normal,Manual,54505.24,35503.88,19001.36,429,42,391,31.53,1.29,953,0,1,456,0,1,0,Pediatría,0.5,Analgésicos
4561,MED-5560,Antigripales,Pfizer,Medellín,Alta (Epidemia),Automático (ML),51831.7,32129.2,19702.5,31,75,184,10.61,5.77,292,0,13,430,1,1,1,Pediatría,0.5,Antigripales
4562,MED-5561,Vitaminas,Bayer,Barranquilla,Alta (Invierno),Proveedor Programado,16739.57,12105.28,4634.29,365,63,160,21.85,1.0,675,1,8,136,0,0,1,Pediatría,0.5,Vitaminas
4563,MED-5562,Cardiovasculares,Abbott,Medellín,Normal,Automático (ML),44128.51,33971.38,10157.13,125,68,142,9.72,3.36,306,1,7,769,1,0,1,Pediatría,0.5,Cardiovasculares
4564,MED-5563,Higiene Personal,Abbott,Barranquilla,Promoción,Automático (ML),4236.76,2887.22,1349.54,82,17,178,7.98,9.88,225,2,5,679,1,1,0,Pediatría,0.75,Pediatría
4565,MED-5564,Antigripales,Novartis,Barranquilla,Promoción,Proveedor Programado,48152.68,37275.29,10877.39,95,47,182,16.91,3.5,525,0,7,468,0,0,0,Antigripales,0.25,Antigripales
4566,MED-5565,Pediatría,Novartis,Bogotá,Alta (Invierno),Proveedor Programado,18367.6,14545.01,3822.59,398,32,157,29.08,9.9,862,1,6,422,1,0,0,Pediatría,0.5,Pediatría
4567,MED-5566,Dermatológicos,Novartis,Barranquilla,Alta (Invierno),Manual,52946.02,41051.43,11894.59,297,69,457,32.15,1.35,956,2,5,649,1,1,0,Antigripales,0.25,Dermatológicos
4568,MED-5567,Pediatría,Tecnoquímicas,Cali,Alta (Epidemia),Proveedor Programado,70231.14,47821.57,22409.57,398,73,263,9.62,7.76,256,1,8,421,1,0,1,Pediatría,0.5,Pediatría
4569,MED-5568,Antigripales,Tecnoquímicas,Bogotá,Normal,Automático (ML),43648.15,35144.56,8503.59,118,13,114,20.19,8.6,602,1,10,731,1,1,0,Pediatría,0.75,Pediatría
4570,MED-5569,Antigripales,Pfizer,Cali,Promoción,Automático (ML),55507.38,42114.09,13393.29,366,12,159,32.66,4.06,971,1,3,689,1,0,0,Antigripales,0.25,Antigripales
4571,MED-5570,Higiene Personal,La Santé,Medellín,Promoción,Proveedor Programado,67115.88,56099.8,11016.08,88,11,231,16.51,9.73,488,1,10,477,0,0,1,Dermatológicos,0.25,Higiene Personal
4572,MED-5571,Dermatológicos,Tecnoquímicas,Cartagena,Alta (Invierno),Manual,32584.7,25422.25,7162.45,86,30,324,26.02,7.42,748,2,11,238,0,1,0,Pediatría,1.0,Pediatría
4573,MED-5572,Pediatría,La Santé,Cali,Normal,Automático (ML),61028.47,41661.96,19366.51,43,72,454,13.95,0.69,445,1,13,649,0,1,1,Pediatría,0.5,Pediatría
4574,MED-5573,Diabetes,Bayer,Medellín,Normal,Proveedor Programado,22951.2,17087.52,5863.68,222,59,308,17.41,2.12,528,2,3,449,1,0,1,Pediatría,0.75,Pediatría
4575,MED-5574,Antigripales,Abbott,Cartagena,Alta (Epidemia),Manual,76237.42,60058.46,16178.96,325,47,161,38.69,1.42,1163,2,7,535,0,1,1,Pediatría,0.5,Antigripales
4576,MED-5575,Gastrointestinales,La Santé,Medellín,Alta (Epidemia),Automático (ML),72111.7,60510.16,11601.54,387,39,413,30.31,4.04,914,3,3,338,1,0,1,Pediatría,0.5,Gastrointestinales
4577,MED-5576,Higiene Personal,Roche,Barranquilla,Promoción,Automático (ML),40048.68,28861.21,11187.47,322,62,253,12.85,3.61,409,2,9,752,0,0,0,Pediatría,0.5,Higiene Personal
4578,MED-5577,Analgésicos,Bayer,Barranquilla,Alta (Invierno),Proveedor Programado,75058.77,51178.62,23880.15,99,74,416,29.76,7.84,886,1,3,433,0,1,0,Dermatológicos,0.5,Analgésicos
4579,MED-5578,Pediatría,Tecnoquímicas,Barranquilla,Normal,Manual,23009.9,16884.9,6125.0,340,39,236,4.37,5.08,82,2,11,56,0,1,1,Pediatría,0.5,Pediatría
4580,MED-5579,Antibióticos,Abbott,Cali,Promoción,Proveedor Programado,8668.78,5458.97,3209.81,189,57,242,7.86,9.44,240,1,5,897,0,1,0,Pediatría,0.75,Pediatría
4581,MED-5580,Analgésicos,Tecnoquímicas,Cartagena,Promoción,Automático (ML),36907.28,27302.16,9605.12,307,33,272,30.75,8.28,940,2,8,649,1,0,1,Pediatría,0.5,Analgésicos
4582,MED-5581,Dermatológicos,Tecnoquímicas,Medellín,Promoción,Manual,24154.21,15055.67,9098.54,379,59,347,38.64,2.16,1187,2,8,359,1,1,1,Dermatológicos,0.25,Dermatológicos
4583,MED-5582,Analgésicos,Tecnoquímicas,Cartagena,Promoción,Automático (ML),29577.65,18962.24,10615.41,433,50,326,17.23,3.59,503,1,6,754,0,0,0,Pediatría,0.5,Analgésicos
4584,MED-5583,Antibióticos,Novartis,Barranquilla,Promoción,Manual,31148.32,26431.88,4716.44,238,52,317,15.48,9.31,495,2,12,826,0,0,0,Pediatría,0.75,Pediatría
4585,MED-5584,Gastrointestinales,Abbott,Bogotá,Alta (Epidemia),Proveedor Programado,59839.84,46618.9,13220.94,11,71,333,19.26,4.26,581,1,12,861,1,0,0,Pediatría,0.5,Gastrointestinales
4586,MED-5585,Diabetes,Genfar,Medellín,Alta (Epidemia),Automático (ML),74423.33,59128.02,15295.31,381,14,204,39.58,7.14,1175,1,2,669,1,1,1,Antigripales,0.25,Diabetes
4587,MED-5586,Pediatría,Bayer,Medellín,Normal,Automático (ML),48049.35,38500.11,9549.24,179,42,323,7.92,8.16,262,1,7,353,0,0,1,Pediatría,1.0,Pediatría
4588,MED-5587,Diabetes,Roche,Cartagena,Alta (Invierno),Automático (ML),23292.4,19156.29,4136.11,102,51,212,30.4,0.62,912,2,9,165,1,0,1,Pediatría,1.0,Pediatría
4589,MED-5588,Diabetes,Bayer,Cali,Normal,Manual,79771.92,63931.06,15840.86,360,37,187,17.16,3.55,504,2,13,426,0,0,0,Dermatológicos,0.25,Diabetes
4590,MED-5589,Higiene Personal,Sanofi,Cali,Alta (Invierno),Manual,78350.57,49839.68,28510.89,212,78,353,26.91,8.82,810,2,12,781,0,0,1,Gastrointestinales,0.5,Higiene Personal
4591,MED-5590,Gastrointestinales,Sanofi,Cali,Normal,Proveedor Programado,38729.42,32317.54,6411.88,464,47,260,31.21,3.99,972,1,2,519,0,0,1,Pediatría,0.5,Gastrointestinales
4592,MED-5591,Gastrointestinales,Roche,Bogotá,Promoción,Manual,79480.69,66707.11,12773.58,331,79,158,26.1,1.07,807,2,6,400,0,0,1,Pediatría,0.5,Gastrointestinales
4593,MED-5592,Antigripales,Abbott,Cali,Alta (Invierno),Proveedor Programado,42561.69,32933.93,9627.76,358,72,245,24.78,2.15,748,1,1,163,0,1,1,Cardiovasculares,0.5,Antigripales
4594,MED-5593,Diabetes,Tecnoquímicas,Bogotá,Alta (Epidemia),Manual,61736.28,48801.37,12934.91,275,42,105,6.5,1.26,197,1,8,390,1,0,1,Dermatológicos,0.25,Diabetes
4595,MED-5594,Antibióticos,MK,Medellín,Normal,Manual,22719.03,14056.3,8662.73,227,79,328,7.41,8.71,197,3,2,730,1,1,0,Cardiovasculares,0.5,Antibióticos
4596,MED-5595,Antibióticos,Pfizer,Cartagena,Normal,Proveedor Programado,11414.55,9417.78,1996.77,76,62,432,21.97,9.73,679,0,6,500,0,0,1,Dermatológicos,0.25,Antibióticos
4597,MED-5596,Analgésicos,Abbott,Bogotá,Alta (Invierno),Proveedor Programado,10063.16,8462.04,1601.12,447,20,121,3.66,3.57,148,3,7,169,1,0,0,Pediatría,0.5,Analgésicos
4598,MED-5597,Analgésicos,La Santé,Medellín,Alta (Invierno),Manual,32713.13,23155.55,9557.58,146,12,249,13.16,1.5,393,2,2,186,1,1,0,Cardiovasculares,0.25,Analgésicos
4599,MED-5598,Cardiovasculares,Abbott,Medellín,Alta (Epidemia),Manual,67796.2,41106.92,26689.28,178,58,287,17.94,9.91,541,1,12,749,1,0,1,Pediatría,0.5,Cardiovasculares
4600,MED-5599,Cardiovasculares,Pfizer,Bogotá,Promoción,Manual,15479.42,11443.53,4035.89,386,34,372,14.91,2.27,461,3,14,410,1,1,1,Cardiovasculares,0.5,Cardiovasculares
4601,MED-5600,Vitaminas,Sanofi,Bogotá,Alta (Epidemia),Automático (ML),39560.46,26161.98,13398.48,333,70,248,39.78,1.68,1188,3,5,224,1,0,1,Pediatría,0.5,Vitaminas
4602,MED-5601,Gastrointestinales,Novartis,Medellín,Promoción,Proveedor Programado,74938.8,51862.54,23076.26,252,25,309,37.45,6.55,1098,1,6,508,0,1,0,Pediatría,0.5,Gastrointestinales
4603,MED-5602,Higiene Personal,Pfizer,Cali,Alta (Epidemia),Manual,5305.42,4377.72,927.7,239,46,302,12.62,7.03,388,2,3,268,0,0,0,Pediatría,0.5,Higiene Personal
4604,MED-5603,Antigripales,La Santé,Cartagena,Alta (Epidemia),Proveedor Programado,60582.65,50369.64,10213.01,373,46,392,4.66,2.06,102,1,2,840,0,1,0,Pediatría,0.5,Antigripales
4605,MED-5604,Antigripales,La Santé,Medellín,Normal,Automático (ML),78976.48,52242.88,26733.6,401,44,100,14.96,9.22,456,0,12,376,0,1,1,Dermatológicos,0.25,Antigripales
4606,MED-5605,Analgésicos,Abbott,Cartagena,Normal,Proveedor Programado,5540.75,4007.23,1533.52,361,74,178,7.71,0.72,236,0,5,178,1,0,1,Pediatría,0.5,Analgésicos
4607,MED-5606,Dermatológicos,Tecnoquímicas,Medellín,Alta (Epidemia),Manual,6812.19,4125.13,2687.06,34,13,289,35.47,7.73,1035,2,14,294,1,1,1,Pediatría,0.75,Pediatría
4608,MED-5607,Diabetes,Abbott,Cali,Alta (Epidemia),Automático (ML),75359.36,59777.21,15582.15,467,11,236,7.93,5.29,192,2,11,737,1,1,0,Dermatológicos,0.25,Diabetes
4609,MED-5608,Analgésicos,Tecnoquímicas,Barranquilla,Alta (Epidemia),Manual,25769.86,15773.88,9995.98,288,28,248,25.66,2.54,750,5,12,377,0,1,0,Pediatría,0.5,Analgésicos
4610,MED-5609,Cardiovasculares,Roche,Cartagena,Alta (Invierno),Automático (ML),34501.32,29018.32,5483.0,163,54,248,14.89,9.29,449,2,4,735,1,1,0,Pediatría,0.5,Cardiovasculares
4611,MED-5610,Diabetes,La Santé,Cali,Alta (Invierno),Automático (ML),66143.34,54588.12,11555.22,324,64,234,21.86,1.26,628,3,8,81,1,0,1,Pediatría,0.5,Diabetes
4612,MED-5611,Dermatológicos,Sanofi,Bogotá,Normal,Manual,48133.87,38591.42,9542.45,427,57,208,25.91,1.6,749,1,4,528,0,0,1,Cardiovasculares,0.5,Dermatológicos
4613,MED-5612,Analgésicos,Abbott,Medellín,Alta (Epidemia),Automático (ML),70981.38,48907.71,22073.67,285,66,170,38.14,9.2,1153,1,9,840,1,0,1,Gastrointestinales,0.25,Analgésicos
4614,MED-5613,Analgésicos,Pfizer,Barranquilla,Normal,Proveedor Programado,14740.88,12027.2,2713.68,444,52,289,36.59,9.04,1056,1,8,743,0,0,1,Dermatológicos,0.5,Analgésicos
4615,MED-5614,Diabetes,Bayer,Barranquilla,Alta (Invierno),Automático (ML),34076.79,28518.75,5558.04,486,69,427,25.94,1.43,767,0,4,889,0,1,0,Dermatológicos,0.25,Diabetes
4616,MED-5615,Diabetes,Tecnoquímicas,Medellín,Normal,Proveedor Programado,41519.03,31036.42,10482.61,114,42,381,16.9,9.46,515,1,2,81,1,0,0,Antigripales,0.5,Diabetes
4617,MED-5616,Vitaminas,La Santé,Bogotá,Alta (Invierno),Proveedor Programado,40759.88,29132.85,11627.03,221,77,349,25.65,1.77,772,2,14,541,1,0,1,Dermatológicos,0.25,Vitaminas
4618,MED-5617,Dermatológicos,MK,Barranquilla,Alta (Epidemia),Manual,53751.28,41269.67,12481.61,181,72,183,33.45,9.21,987,2,7,53,0,1,0,Dermatológicos,0.5,Dermatológicos
4619,MED-5618,Diabetes,Roche,Cali,Promoción,Proveedor Programado,68773.95,53501.2,15272.75,45,63,217,14.95,5.08,451,2,8,106,1,1,1,Pediatría,0.5,Diabetes
4620,MED-5619,Pediatría,La Santé,Cartagena,Alta (Epidemia),Automático (ML),54682.76,43338.26,11344.5,126,50,362,19.1,1.5,605,2,11,662,0,0,1,Pediatría,0.5,Pediatría
4621,MED-5620,Antigripales,Pfizer,Barranquilla,Alta (Epidemia),Proveedor Programado,41061.11,32567.47,8493.64,292,29,314,32.61,2.28,972,0,14,205,0,1,0,Gastrointestinales,0.25,Antigripales
4622,MED-5621,Higiene Personal,Genfar,Medellín,Alta (Invierno),Proveedor Programado,28794.3,22528.05,6266.25,328,20,273,1.18,4.23,38,0,11,860,1,0,0,Pediatría,0.75,Pediatría
4623,MED-5622,Antigripales,Roche,Medellín,Promoción,Proveedor Programado,20975.54,15579.22,5396.32,450,72,266,39.26,5.64,1191,1,5,466,0,1,1,Dermatológicos,0.5,Antigripales
4624,MED-5623,Antibióticos,Abbott,Barranquilla,Alta (Epidemia),Proveedor Programado,11983.29,8801.09,3182.2,73,48,208,19.4,8.32,578,1,9,326,0,1,0,Pediatría,0.75,Pediatría
4625,MED-5624,Dermatológicos,Sanofi,Cali,Alta (Epidemia),Manual,51894.29,31504.64,20389.65,402,46,159,13.93,5.68,406,2,5,676,0,0,1,Pediatría,0.5,Dermatológicos
4626,MED-5625,Antigripales,Novartis,Bogotá,Normal,Manual,66117.79,52681.44,13436.35,483,26,96,19.86,6.1,588,0,2,612,1,0,0,Dermatológicos,0.5,Antigripales
4627,MED-5626,Vitaminas,Novartis,Cartagena,Alta (Invierno),Manual,78313.08,65928.38,12384.7,258,42,136,30.91,4.46,919,1,3,74,1,1,1,Antigripales,0.25,Vitaminas
4628,MED-5627,Pediatría,La Santé,Medellín,Alta (Invierno),Automático (ML),3725.35,2756.67,968.68,372,17,100,27.43,7.23,858,1,14,733,1,1,1,Pediatría,0.5,Pediatría
4629,MED-5628,Dermatológicos,MK,Medellín,Alta (Invierno),Automático (ML),62085.82,48468.68,13617.14,1,36,238,22.76,9.81,708,2,8,546,1,0,0,Antigripales,0.25,Dermatológicos
4630,MED-5629,Diabetes,Genfar,Medellín,Promoción,Proveedor Programado,64164.93,41503.04,22661.89,474,19,119,12.08,8.46,347,0,1,638,0,1,0,Dermatológicos,0.25,Diabetes
4631,MED-5630,Antibióticos,La Santé,Bogotá,Normal,Manual,26668.56,21776.36,4892.2,126,16,331,10.69,6.85,314,1,11,533,0,1,0,Pediatría,1.0,Pediatría
4632,MED-5631,Diabetes,Abbott,Medellín,Normal,Automático (ML),68076.07,56588.97,11487.1,172,11,304,10.12,7.59,300,2,5,812,0,1,1,Cardiovasculares,0.5,Diabetes
4633,MED-5632,Pediatría,Sanofi,Cali,Alta (Invierno),Automático (ML),57339.08,46620.53,10718.55,24,24,118,5.08,5.47,143,3,6,602,0,1,1,Cardiovasculares,0.5,Pediatría
4634,MED-5633,Diabetes,Genfar,Bogotá,Normal,Automático (ML),16242.88,12783.2,3459.68,129,31,195,28.6,6.74,850,1,1,272,0,0,0,Pediatría,0.75,Pediatría
4635,MED-5634,Antibióticos,Novartis,Barranquilla,Alta (Invierno),Manual,43050.95,33032.83,10018.12,107,59,251,3.61,9.73,111,1,4,473,1,0,1,Pediatría,0.5,Antibióticos
4636,MED-5635,Pediatría,Genfar,Medellín,Promoción,Automático (ML),44640.31,36165.91,8474.4,238,53,143,9.38,4.55,287,2,9,812,0,0,0,Pediatría,0.5,Pediatría
4637,MED-5636,Pediatría,Abbott,Medellín,Alta (Epidemia),Manual,46641.72,35716.19,10925.53,19,27,192,10.38,7.57,326,0,10,876,1,1,0,Pediatría,0.75,Pediatría
4638,MED-5637,Vitaminas,Abbott,Cali,Normal,Proveedor Programado,78435.18,47643.02,30792.16,263,67,396,1.87,1.65,62,2,2,107,0,1,0,Pediatría,0.75,Pediatría
4639,MED-5638,Analgésicos,Roche,Bogotá,Promoción,Manual,38975.22,29762.32,9212.9,465,57,380,25.3,9.04,767,1,5,262,0,0,1,Dermatológicos,0.25,Analgésicos
4640,MED-5639,Antibióticos,MK,Bogotá,Alta (Epidemia),Automático (ML),77869.59,61514.53,16355.06,335,47,250,33.11,1.15,987,2,8,218,0,0,1,Gastrointestinales,0.5,Antibióticos
4641,MED-5640,Pediatría,Sanofi,Bogotá,Alta (Invierno),Manual,24874.94,17984.01,6890.93,312,63,127,4.26,5.69,113,3,2,762,0,0,1,Cardiovasculares,0.75,Cardiovasculares
4642,MED-5641,Pediatría,Roche,Cartagena,Promoción,Automático (ML),44838.0,37933.94,6904.06,164,63,427,8.53,9.0,258,3,11,721,0,1,1,Pediatría,1.0,Pediatría
4643,MED-5642,Diabetes,Roche,Bogotá,Alta (Invierno),Manual,57402.15,38133.0,19269.15,180,66,415,20.13,1.35,620,1,12,652,0,0,0,Pediatría,0.5,Diabetes
4644,MED-5643,Cardiovasculares,Bayer,Cartagena,Alta (Epidemia),Manual,68678.82,52881.82,15797.0,384,56,246,34.22,1.14,1011,3,7,136,1,1,0,Pediatría,0.5,Cardiovasculares
4645,MED-5644,Vitaminas,Tecnoquímicas,Bogotá,Alta (Invierno),Manual,42033.58,33009.79,9023.79,440,12,266,29.09,8.57,882,2,6,693,0,1,1,Pediatría,0.5,Vitaminas
4646,MED-5645,Diabetes,La Santé,Cartagena,Promoción,Automático (ML),4068.5,3146.8,921.7,9,10,130,5.29,5.16,118,0,4,257,1,1,0,Pediatría,1.0,Pediatría
4647,MED-5646,Pediatría,La Santé,Cartagena,Normal,Automático (ML),75838.25,56562.95,19275.3,444,39,145,2.25,3.66,71,0,11,268,1,0,1,Dermatológicos,0.25,Pediatría
4648,MED-5647,Pediatría,Abbott,Medellín,Alta (Invierno),Automático (ML),57931.52,37612.17,20319.35,444,65,344,32.41,1.38,958,1,7,467,1,1,1,Dermatológicos,0.5,Pediatría
4649,MED-5648,Vitaminas,Abbott,Medellín,Promoción,Automático (ML),25873.09,17619.65,8253.44,354,62,331,18.03,0.52,534,1,14,206,0,0,1,Pediatría,0.75,Pediatría
4650,MED-5649,Vitaminas,Bayer,Cali,Alta (Invierno),Proveedor Programado,41869.37,33673.38,8195.99,26,44,396,35.17,8.55,1041,2,2,586,1,1,0,Pediatría,0.75,Pediatría
4651,MED-5650,Dermatológicos,Sanofi,Medellín,Normal,Automático (ML),69423.24,41863.03,27560.21,211,29,259,35.12,3.86,1029,0,7,153,1,1,0,Dermatológicos,0.5,Dermatológicos
4652,MED-5651,Dermatológicos,Roche,Medellín,Alta (Epidemia),Manual,72801.55,47919.33,24882.22,293,36,333,35.78,9.98,1059,1,6,129,1,1,1,Dermatológicos,0.5,Dermatológicos
4653,MED-5652,Dermatológicos,Bayer,Barranquilla,Promoción,Proveedor Programado,31467.32,19735.92,11731.4,457,33,345,37.31,9.62,1103,0,8,845,1,1,1,Dermatológicos,0.5,Dermatológicos
4654,MED-5653,Dermatológicos,Roche,Bogotá,Normal,Manual,15744.09,9952.11,5791.98,452,43,407,1.76,4.58,79,1,10,746,1,1,1,Pediatría,0.75,Pediatría
4655,MED-5654,Vitaminas,Sanofi,Cali,Normal,Proveedor Programado,17785.94,12228.82,5557.12,228,68,176,14.48,5.27,424,0,4,362,1,0,1,Pediatría,0.5,Vitaminas
4656,MED-5655,Higiene Personal,Roche,Cali,Alta (Invierno),Automático (ML),24412.95,18861.15,5551.8,296,14,179,5.91,8.51,164,2,12,466,1,0,0,Pediatría,1.0,Pediatría
4657,MED-5656,Vitaminas,Tecnoquímicas,Cartagena,Alta (Invierno),Manual,72157.71,54620.41,17537.3,175,75,325,16.8,7.49,517,0,9,521,1,1,1,Pediatría,0.5,Vitaminas
4658,MED-5657,Pediatría,Novartis,Medellín,Alta (Epidemia),Manual,25538.75,21324.35,4214.4,180,52,405,4.37,2.22,154,2,1,779,1,0,1,Pediatría,0.75,Pediatría
4659,MED-5658,Diabetes,Bayer,Cali,Normal,Automático (ML),53196.68,37582.86,15613.82,4,37,429,4.59,6.81,182,1,3,791,0,1,1,Pediatría,0.5,Diabetes
4660,MED-5659,Antibióticos,Novartis,Barranquilla,Alta (Epidemia),Automático (ML),60238.01,49470.95,10767.06,23,52,210,5.3,6.97,129,4,13,31,0,1,0,Pediatría,0.5,Antibióticos
4661,MED-5660,Analgésicos,Genfar,Medellín,Promoción,Manual,74414.29,61700.52,12713.77,375,32,292,5.74,9.09,173,2,11,119,1,1,0,Dermatológicos,0.25,Analgésicos
4662,MED-5661,Vitaminas,La Santé,Barranquilla,Promoción,Manual,53154.59,41572.91,11581.68,236,14,369,29.68,3.82,912,0,6,459,0,0,0,Antigripales,0.25,Vitaminas
4663,MED-5662,Analgésicos,Bayer,Cartagena,Alta (Epidemia),Automático (ML),66472.07,56468.56,10003.51,256,38,287,21.71,2.74,684,0,6,549,1,0,1,Cardiovasculares,0.5,Analgésicos
4664,MED-5663,Antigripales,MK,Cali,Alta (Invierno),Automático (ML),33320.61,24628.07,8692.54,112,20,92,22.64,5.12,673,0,2,537,1,1,0,Pediatría,0.5,Antigripales
4665,MED-5664,Analgésicos,Roche,Cartagena,Normal,Automático (ML),79981.09,67282.92,12698.17,489,51,285,1.12,0.92,0,0,9,331,1,0,1,Dermatológicos,0.25,Analgésicos
4666,MED-5665,Pediatría,Bayer,Medellín,Normal,Manual,11543.11,9635.21,1907.9,465,67,143,10.83,3.58,307,1,11,761,1,0,0,Pediatría,0.5,Pediatría
4667,MED-5666,Cardiovasculares,La Santé,Medellín,Alta (Invierno),Proveedor Programado,53148.86,38787.99,14360.87,462,78,414,4.3,7.5,181,3,11,178,1,1,1,Pediatría,0.75,Pediatría
4668,MED-5667,Pediatría,Roche,Barranquilla,Promoción,Manual,73088.48,44703.99,28384.49,187,63,390,35.75,1.21,1082,2,13,229,1,0,1,Gastrointestinales,0.5,Pediatría
4669,MED-5668,Analgésicos,Bayer,Barranquilla,Alta (Epidemia),Automático (ML),57724.0,37235.76,20488.24,11,53,211,31.57,8.16,954,2,14,321,0,1,0,Gastrointestinales,0.5,Analgésicos
4670,MED-5669,Antigripales,Abbott,Bogotá,Normal,Automático (ML),20508.32,17040.36,3467.96,70,39,425,38.87,4.54,1150,1,1,505,0,1,1,Pediatría,0.75,Pediatría
4671,MED-5670,Dermatológicos,Genfar,Barranquilla,Promoción,Manual,3433.88,2479.07,954.81,361,18,289,27.7,3.76,856,0,1,291,1,0,1,Pediatría,0.5,Dermatológicos
4672,MED-5671,Cardiovasculares,MK,Bogotá,Alta (Epidemia),Automático (ML),28809.41,18169.76,10639.65,49,40,249,3.33,4.55,106,3,1,218,1,1,0,Cardiovasculares,0.5,Cardiovasculares
4673,MED-5672,Gastrointestinales,Tecnoquímicas,Cali,Promoción,Automático (ML),49952.22,34404.32,15547.9,163,63,148,38.97,7.51,1159,2,12,318,0,0,1,Gastrointestinales,0.5,Gastrointestinales
4674,MED-5673,Higiene Personal,Abbott,Cali,Normal,Automático (ML),60994.3,46885.9,14108.4,456,57,220,17.17,9.56,521,1,10,55,0,1,1,Gastrointestinales,0.5,Higiene Personal
4675,MED-5674,Antigripales,Pfizer,Cali,Normal,Proveedor Programado,61261.25,38587.33,22673.92,166,52,142,10.22,1.57,285,2,11,162,1,0,1,Dermatológicos,0.25,Antigripales
4676,MED-5675,Antigripales,Tecnoquímicas,Cartagena,Alta (Invierno),Manual,25611.3,16211.43,9399.87,83,50,250,5.49,2.6,156,1,2,830,0,0,0,Pediatría,0.5,Antigripales
4677,MED-5676,Antigripales,Roche,Cartagena,Alta (Invierno),Manual,7060.52,5811.18,1249.34,204,28,80,12.15,8.13,363,1,13,782,1,0,0,Pediatría,0.5,Antigripales
4678,MED-5677,Diabetes,Pfizer,Medellín,Alta (Invierno),Proveedor Programado,50965.28,40940.39,10024.89,16,27,360,18.22,4.25,540,0,5,802,0,1,1,Antigripales,0.25,Diabetes
4679,MED-5678,Higiene Personal,Tecnoquímicas,Cali,Promoción,Automático (ML),41094.07,32995.91,8098.16,61,14,170,6.4,7.41,203,3,11,416,1,0,1,Pediatría,0.75,Pediatría
4680,MED-5679,Dermatológicos,Pfizer,Barranquilla,Promoción,Automático (ML),9125.86,6675.83,2450.03,259,13,146,8.16,4.23,224,3,7,481,0,1,1,Pediatría,0.75,Pediatría
4681,MED-5680,Cardiovasculares,Novartis,Cartagena,Alta (Invierno),Proveedor Programado,13038.26,10616.45,2421.81,144,55,413,11.96,8.67,332,0,4,372,0,0,1,Pediatría,0.75,Pediatría
4682,MED-5681,Dermatológicos,La Santé,Barranquilla,Promoción,Automático (ML),13503.67,9276.87,4226.8,1,12,325,35.76,8.15,1061,3,1,246,1,1,1,Pediatría,1.0,Pediatría
4683,MED-5682,Diabetes,Sanofi,Barranquilla,Promoción,Automático (ML),38541.71,26453.66,12088.05,84,13,219,32.68,1.64,1016,2,6,793,1,1,0,Pediatría,0.75,Pediatría
4684,MED-5683,Higiene Personal,La Santé,Medellín,Normal,Proveedor Programado,67877.12,51077.73,16799.39,335,65,334,36.12,0.8,1088,2,2,329,1,0,1,Antigripales,0.25,Higiene Personal
4685,MED-5684,Dermatológicos,La Santé,Cali,Alta (Invierno),Manual,78791.76,49624.49,29167.27,62,33,275,7.05,0.87,204,2,9,818,1,1,0,Dermatológicos,0.5,Dermatológicos
4686,MED-5685,Dermatológicos,Roche,Cartagena,Promoción,Proveedor Programado,34605.12,28362.82,6242.3,197,64,192,29.08,5.72,855,1,4,114,0,1,0,Pediatría,0.5,Dermatológicos
4687,MED-5686,Diabetes,La Santé,Cali,Alta (Epidemia),Manual,7309.72,4876.91,2432.81,197,46,445,33.74,7.09,1002,1,3,328,0,0,1,Dermatológicos,0.25,Diabetes
4688,MED-5687,Antibióticos,Novartis,Cali,Normal,Automático (ML),66001.93,48151.52,17850.41,204,18,191,18.58,8.75,525,0,12,360,0,1,0,Dermatológicos,0.25,Antibióticos
4689,MED-5688,Higiene Personal,Sanofi,Cali,Normal,Manual,64638.27,52815.26,11823.01,248,66,189,6.45,9.23,220,0,4,833,1,1,0,Pediatría,0.5,Higiene Personal
4690,MED-5689,Dermatológicos,Sanofi,Barranquilla,Alta (Invierno),Proveedor Programado,32548.66,25267.38,7281.28,345,45,304,22.99,7.07,679,1,7,162,0,0,0,Dermatológicos,0.5,Dermatológicos
4691,MED-5690,Antibióticos,Tecnoquímicas,Medellín,Normal,Manual,78772.78,59320.55,19452.23,2,19,119,20.03,4.75,572,2,5,276,0,0,0,Dermatológicos,0.5,Antibióticos
4692,MED-5691,Antigripales,Bayer,Bogotá,Normal,Manual,45831.74,35889.91,9941.83,304,65,145,29.6,5.42,882,1,12,200,1,0,1,Gastrointestinales,0.5,Antigripales
4693,MED-5692,Gastrointestinales,Tecnoquímicas,Cartagena,Alta (Epidemia),Automático (ML),51774.61,39879.55,11895.06,385,58,419,15.95,6.22,442,1,4,309,1,1,1,Pediatría,0.5,Gastrointestinales
4694,MED-5693,Vitaminas,Tecnoquímicas,Cali,Alta (Invierno),Proveedor Programado,59419.63,41812.7,17606.93,19,63,356,12.36,5.34,413,1,1,173,1,0,1,Pediatría,0.5,Vitaminas
4695,MED-5694,Antibióticos,Tecnoquímicas,Medellín,Promoción,Proveedor Programado,63441.86,51158.57,12283.29,390,39,366,26.28,1.42,759,1,5,738,1,1,1,Antigripales,0.25,Antibióticos
4696,MED-5695,Diabetes,Novartis,Medellín,Alta (Epidemia),Manual,58235.4,37033.73,21201.67,433,33,281,35.01,2.66,1083,2,8,616,1,0,1,Pediatría,0.75,Pediatría
4697,MED-5696,Antibióticos,Genfar,Cali,Alta (Epidemia),Automático (ML),33017.96,22796.33,10221.63,306,11,218,1.45,4.91,50,3,12,429,1,1,0,Pediatría,0.75,Pediatría
4698,MED-5697,Antigripales,Novartis,Cartagena,Alta (Epidemia),Proveedor Programado,15261.25,12095.79,3165.46,343,69,327,39.04,3.52,1180,3,11,416,1,1,0,Dermatológicos,0.25,Antigripales
4699,MED-5698,Diabetes,Novartis,Medellín,Alta (Epidemia),Proveedor Programado,65312.1,42537.09,22775.01,487,60,136,18.76,5.74,561,6,4,857,1,0,0,Pediatría,0.75,Pediatría
4700,MED-5699,Pediatría,Roche,Cartagena,Normal,Proveedor Programado,73331.51,46160.1,27171.41,71,11,395,21.75,1.74,651,1,8,86,1,0,1,Dermatológicos,0.5,Pediatría
4701,MED-5700,Cardiovasculares,Roche,Cali,Promoción,Automático (ML),50475.4,40212.89,10262.51,91,38,426,15.7,1.38,464,0,13,530,0,0,1,Pediatría,0.5,Cardiovasculares
4702,MED-5701,Higiene Personal,Tecnoquímicas,Medellín,Promoción,Proveedor Programado,22229.27,17936.57,4292.7,315,12,146,12.37,5.65,379,2,4,858,1,0,1,Pediatría,1.0,Pediatría
4703,MED-5702,Pediatría,Abbott,Medellín,Promoción,Automático (ML),12036.42,7754.67,4281.75,138,74,268,9.54,9.2,262,1,10,38,0,0,0,Pediatría,0.5,Pediatría
4704,MED-5703,Vitaminas,Abbott,Bogotá,Normal,Proveedor Programado,6184.5,4987.59,1196.91,405,18,345,11.81,2.03,359,2,7,352,1,0,0,Pediatría,1.0,Pediatría
4705,MED-5704,Antigripales,Novartis,Barranquilla,Alta (Invierno),Manual,16070.42,12405.0,3665.42,338,42,155,1.72,6.45,62,2,2,732,0,0,1,Pediatría,0.5,Antigripales
4706,MED-5705,Antibióticos,Roche,Bogotá,Alta (Epidemia),Automático (ML),7768.19,5459.77,2308.42,455,54,353,26.59,7.93,811,1,2,736,1,0,1,Dermatológicos,0.5,Antibióticos
4707,MED-5706,Dermatológicos,Sanofi,Medellín,Alta (Invierno),Manual,24239.84,15634.38,8605.46,305,12,340,38.45,6.32,1136,1,3,776,0,1,1,Pediatría,0.5,Dermatológicos
4708,MED-5707,Cardiovasculares,Sanofi,Medellín,Alta (Invierno),Proveedor Programado,66501.38,41882.17,24619.21,445,18,236,16.47,7.35,463,2,9,223,0,1,0,Dermatológicos,0.25,Cardiovasculares
4709,MED-5708,Higiene Personal,MK,Cali,Alta (Invierno),Proveedor Programado,61118.88,45269.02,15849.86,63,41,152,32.89,6.39,968,2,1,884,0,1,0,Antigripales,0.25,Higiene Personal
4710,MED-5709,Gastrointestinales,Genfar,Cartagena,Normal,Automático (ML),72855.55,58269.2,14586.35,227,55,249,34.01,0.92,997,1,4,563,0,0,0,Antigripales,0.25,Gastrointestinales
4711,MED-5710,Diabetes,La Santé,Cali,Alta (Epidemia),Manual,54940.84,41860.38,13080.46,417,37,351,6.92,0.9,192,2,5,822,1,0,0,Pediatría,0.75,Pediatría
4712,MED-5711,Vitaminas,Tecnoquímicas,Cartagena,Alta (Epidemia),Manual,54161.15,35096.11,19065.04,359,69,199,24.58,2.95,748,1,6,77,1,0,1,Gastrointestinales,0.25,Vitaminas
4713,MED-5712,Dermatológicos,La Santé,Bogotá,Alta (Invierno),Proveedor Programado,21430.06,14943.36,6486.7,223,72,371,6.54,5.37,193,1,12,468,0,0,0,Pediatría,0.75,Pediatría
4714,MED-5713,Pediatría,Roche,Cartagena,Promoción,Manual,66898.12,52624.51,14273.61,162,57,341,2.35,9.36,98,1,13,456,0,1,1,Pediatría,0.5,Pediatría
4715,MED-5714,Analgésicos,Tecnoquímicas,Medellín,Normal,Manual,42404.32,25840.9,16563.42,124,30,241,3.89,5.06,120,6,14,739,0,1,1,Cardiovasculares,0.75,Cardiovasculares
4716,MED-5715,Antibióticos,Novartis,Medellín,Alta (Invierno),Proveedor Programado,56601.71,36234.56,20367.15,294,77,143,36.75,1.46,1100,1,2,600,1,0,0,Dermatológicos,0.5,Antibióticos
4717,MED-5716,Diabetes,Abbott,Medellín,Promoción,Automático (ML),37586.83,27774.74,9812.09,50,33,162,33.02,3.25,981,1,11,532,1,1,1,Pediatría,0.75,Pediatría
4718,MED-5717,Diabetes,Sanofi,Bogotá,Promoción,Manual,8364.63,6495.25,1869.38,31,13,252,35.5,5.87,1075,2,13,563,1,1,1,Pediatría,0.75,Pediatría
4719,MED-5718,Antigripales,La Santé,Cali,Alta (Epidemia),Proveedor Programado,68057.84,44657.74,23400.1,51,26,217,23.0,7.82,702,1,13,695,0,1,1,Gastrointestinales,0.75,Gastrointestinales
4720,MED-5719,Antibióticos,MK,Barranquilla,Promoción,Automático (ML),19477.51,14492.4,4985.11,417,25,145,39.33,2.23,1193,3,11,256,0,1,0,Pediatría,0.5,Antibióticos
4721,MED-5720,Pediatría,Genfar,Cartagena,Alta (Invierno),Proveedor Programado,64242.06,52518.68,11723.38,63,17,218,22.46,6.57,687,0,8,610,1,0,1,Antigripales,0.25,Pediatría
4722,MED-5721,Analgésicos,MK,Bogotá,Alta (Epidemia),Manual,57612.06,47925.19,9686.87,151,28,128,12.34,6.36,374,1,7,675,0,0,1,Dermatológicos,0.25,Analgésicos
4723,MED-5722,Antigripales,Genfar,Cartagena,Normal,Automático (ML),15199.25,10569.97,4629.28,135,26,262,12.28,9.83,341,1,8,407,0,1,1,Pediatría,0.75,Pediatría
4724,MED-5723,Higiene Personal,MK,Cali,Promoción,Automático (ML),37496.45,24001.34,13495.11,48,61,137,17.66,9.3,510,2,4,761,0,0,0,Pediatría,0.5,Higiene Personal
4725,MED-5724,Vitaminas,Roche,Cartagena,Normal,Manual,36444.68,26012.49,10432.19,487,33,183,25.04,3.71,772,2,1,444,1,0,0,Pediatría,0.75,Pediatría
4726,MED-5725,Vitaminas,Abbott,Cali,Alta (Invierno),Proveedor Programado,78492.37,64914.98,13577.39,302,76,241,7.34,9.87,242,3,5,519,1,1,1,Pediatría,0.5,Vitaminas
4727,MED-5726,Antibióticos,Tecnoquímicas,Medellín,Normal,Proveedor Programado,40392.14,28209.99,12182.15,408,70,380,24.3,1.17,709,1,7,405,0,1,0,Dermatológicos,0.5,Antibióticos
4728,MED-5727,Vitaminas,Bayer,Barranquilla,Alta (Epidemia),Proveedor Programado,75507.62,62403.87,13103.75,371,67,218,33.67,8.67,987,2,12,744,0,0,0,Pediatría,0.5,Vitaminas
4729,MED-5728,Dermatológicos,Tecnoquímicas,Medellín,Promoción,Automático (ML),70894.13,59811.19,11082.94,395,56,334,9.69,3.84,321,0,5,597,0,1,1,Pediatría,0.5,Dermatológicos
4730,MED-5729,Dermatológicos,Tecnoquímicas,Medellín,Alta (Invierno),Proveedor Programado,70881.04,45237.86,25643.18,105,30,304,37.15,5.99,1124,3,1,773,1,0,1,Pediatría,0.75,Pediatría
4731,MED-5730,Vitaminas,MK,Bogotá,Normal,Automático (ML),14730.93,12009.91,2721.02,369,64,293,28.51,1.79,840,3,10,401,0,0,1,Dermatológicos,0.25,Vitaminas
4732,MED-5731,Cardiovasculares,Novartis,Medellín,Alta (Epidemia),Manual,78314.45,64918.42,13396.03,208,36,125,6.66,6.12,196,1,12,763,1,0,1,Dermatológicos,0.25,Cardiovasculares
4733,MED-5732,Higiene Personal,La Santé,Barranquilla,Normal,Manual,36579.18,27899.56,8679.62,79,58,156,19.2,3.56,535,0,6,784,0,0,1,Pediatría,0.5,Higiene Personal
4734,MED-5733,Antigripales,Bayer,Bogotá,Normal,Proveedor Programado,36469.63,27727.53,8742.1,455,46,308,13.82,7.03,421,1,8,646,0,0,1,Pediatría,0.75,Pediatría
4735,MED-5734,Antigripales,MK,Cali,Promoción,Proveedor Programado,29276.67,20552.22,8724.45,225,41,437,31.77,7.41,949,2,4,159,1,1,1,Dermatológicos,0.25,Antigripales
4736,MED-5735,Dermatológicos,Sanofi,Cali,Promoción,Manual,76909.81,56943.34,19966.47,320,10,190,5.22,2.64,156,1,8,842,1,0,1,Dermatológicos,0.5,Dermatológicos
4737,MED-5736,Diabetes,Bayer,Medellín,Alta (Epidemia),Automático (ML),79869.09,57868.77,22000.32,455,39,413,23.03,9.68,677,2,3,836,1,0,0,Pediatría,0.75,Pediatría
4738,MED-5737,Vitaminas,Tecnoquímicas,Barranquilla,Alta (Epidemia),Proveedor Programado,12607.57,9433.94,3173.63,311,16,374,18.66,6.51,555,0,10,769,1,1,0,Pediatría,0.75,Pediatría
4739,MED-5738,Gastrointestinales,Tecnoquímicas,Barranquilla,Alta (Invierno),Automático (ML),69589.35,52634.74,16954.61,424,56,202,31.91,2.81,958,3,3,202,0,1,1,Pediatría,0.5,Gastrointestinales
4740,MED-5739,Diabetes,Genfar,Cali,Normal,Proveedor Programado,76239.87,58544.8,17695.07,341,58,320,31.22,9.51,931,3,3,596,1,0,1,Pediatría,0.5,Diabetes
4741,MED-5740,Cardiovasculares,Roche,Barranquilla,Alta (Epidemia),Proveedor Programado,71405.02,51209.7,20195.32,271,52,174,25.35,8.88,737,2,3,521,1,1,1,Antigripales,0.25,Cardiovasculares
4742,MED-5741,Cardiovasculares,Bayer,Bogotá,Alta (Invierno),Proveedor Programado,16986.11,10834.39,6151.72,428,41,95,5.31,8.6,142,1,7,752,0,1,1,Pediatría,0.5,Cardiovasculares
4743,MED-5742,Vitaminas,MK,Cartagena,Promoción,Proveedor Programado,28550.9,20544.95,8005.95,201,49,163,13.44,9.83,412,1,6,308,1,1,0,Pediatría,0.75,Pediatría
4744,MED-5743,Antibióticos,Bayer,Cartagena,Alta (Invierno),Manual,54878.06,41295.07,13582.99,81,18,109,32.02,6.06,979,6,14,673,0,1,0,Pediatría,0.5,Antibióticos
4745,MED-5744,Dermatológicos,La Santé,Cali,Promoción,Proveedor Programado,73239.76,48908.84,24330.92,38,77,454,23.87,0.95,702,1,6,577,1,0,1,Pediatría,0.5,Dermatológicos
4746,MED-5745,Vitaminas,Genfar,Barranquilla,Promoción,Automático (ML),24614.49,15245.89,9368.6,192,48,139,31.89,2.62,998,0,2,482,0,1,0,Pediatría,0.5,Vitaminas
4747,MED-5746,Dermatológicos,MK,Barranquilla,Alta (Epidemia),Manual,19354.12,12854.69,6499.43,371,23,190,14.3,4.89,391,3,13,48,0,0,1,Cardiovasculares,0.5,Dermatológicos
4748,MED-5747,Analgésicos,Novartis,Bogotá,Alta (Invierno),Automático (ML),21710.02,13880.87,7829.15,398,43,334,31.27,5.31,905,4,7,339,0,0,0,Pediatría,1.0,Pediatría
4749,MED-5748,Antibióticos,Bayer,Cartagena,Alta (Invierno),Automático (ML),4471.23,3732.28,738.95,454,37,107,30.6,1.22,905,3,11,669,0,1,0,Pediatría,0.5,Antibióticos
4750,MED-5749,Pediatría,MK,Medellín,Alta (Epidemia),Manual,69302.71,42100.86,27201.85,153,58,213,26.01,9.24,799,4,9,351,0,1,1,Pediatría,0.5,Pediatría
4751,MED-5750,Vitaminas,Novartis,Cali,Normal,Automático (ML),13069.44,9268.82,3800.62,321,10,180,39.33,5.21,1182,2,14,799,1,1,0,Pediatría,0.5,Vitaminas
4752,MED-5751,Pediatría,Bayer,Cartagena,Promoción,Proveedor Programado,9571.85,6841.09,2730.76,318,56,120,31.33,8.92,899,1,14,790,0,1,1,Dermatológicos,0.5,Pediatría
4753,MED-5752,Cardiovasculares,Abbott,Cartagena,Normal,Manual,36577.84,30097.09,6480.75,413,60,352,24.02,1.2,766,2,13,413,1,0,1,Pediatría,0.5,Cardiovasculares
4754,MED-5753,Dermatológicos,Sanofi,Barranquilla,Promoción,Automático (ML),63259.59,47603.58,15656.01,84,75,370,16.57,3.12,506,2,7,219,1,0,1,Pediatría,0.5,Dermatológicos
4755,MED-5754,Analgésicos,Roche,Cali,Alta (Invierno),Proveedor Programado,8351.99,5642.76,2709.23,95,67,236,7.82,3.5,250,1,6,185,1,0,1,Pediatría,0.5,Analgésicos
4756,MED-5755,Analgésicos,Novartis,Cali,Alta (Epidemia),Proveedor Programado,39551.52,32109.92,7441.6,376,35,238,7.5,7.84,201,3,4,117,0,1,1,Cardiovasculares,0.25,Analgésicos
4757,MED-5756,Vitaminas,Roche,Barranquilla,Alta (Invierno),Automático (ML),19438.12,13773.52,5664.6,386,51,237,26.49,3.24,764,1,10,789,1,0,0,Dermatológicos,0.5,Vitaminas
4758,MED-5757,Vitaminas,La Santé,Barranquilla,Alta (Invierno),Automático (ML),18348.56,11179.48,7169.08,220,48,268,7.05,9.36,196,1,3,841,0,1,1,Pediatría,0.75,Pediatría
4759,MED-5758,Higiene Personal,Roche,Medellín,Promoción,Manual,54473.1,35093.28,19379.82,258,17,370,29.81,7.72,896,2,11,854,1,1,0,Pediatría,0.5,Higiene Personal
4760,MED-5759,Antigripales,Genfar,Cali,Alta (Epidemia),Automático (ML),51646.63,39119.92,12526.71,412,47,417,5.77,8.47,215,1,7,228,1,1,0,Pediatría,0.5,Antigripales
4761,MED-5760,Analgésicos,La Santé,Bogotá,Alta (Epidemia),Proveedor Programado,62344.54,45857.16,16487.38,227,76,450,39.38,1.31,1179,2,14,143,1,0,0,Gastrointestinales,0.5,Analgésicos
4762,MED-5761,Cardiovasculares,Novartis,Barranquilla,Alta (Invierno),Proveedor Programado,19513.46,12495.77,7017.69,184,47,165,9.04,9.99,279,2,11,649,1,1,0,Pediatría,0.75,Pediatría
4763,MED-5762,Dermatológicos,Tecnoquímicas,Cartagena,Alta (Epidemia),Manual,77572.4,63739.17,13833.23,269,56,438,27.92,3.21,879,1,12,725,0,1,0,Gastrointestinales,0.5,Dermatológicos
4764,MED-5763,Higiene Personal,Sanofi,Cartagena,Alta (Epidemia),Automático (ML),26176.62,17275.93,8900.69,121,26,229,24.91,3.85,758,2,9,177,0,0,1,Pediatría,1.0,Pediatría
4765,MED-5764,Dermatológicos,Bayer,Cartagena,Alta (Invierno),Proveedor Programado,41104.74,28745.01,12359.73,241,45,242,8.52,9.06,213,4,13,107,0,0,0,Cardiovasculares,0.5,Dermatológicos
4766,MED-5765,Higiene Personal,Bayer,Bogotá,Promoción,Proveedor Programado,74819.48,48042.49,26776.99,45,43,351,31.8,9.85,949,2,12,87,0,1,1,Gastrointestinales,0.5,Higiene Personal
4767,MED-5766,Cardiovasculares,Roche,Bogotá,Alta (Invierno),Proveedor Programado,6313.71,4629.74,1683.97,48,52,312,12.9,6.85,401,0,9,818,0,1,1,Pediatría,0.75,Pediatría
4768,MED-5767,Pediatría,Genfar,Cartagena,Normal,Manual,41653.94,31893.52,9760.42,171,75,142,16.98,7.65,495,1,12,513,0,0,0,Pediatría,0.5,Pediatría
4769,MED-5768,Antibióticos,Sanofi,Medellín,Normal,Proveedor Programado,19840.05,12934.41,6905.64,459,30,249,23.56,8.93,709,0,4,663,1,0,0,Pediatría,0.5,Antibióticos
4770,MED-5769,Analgésicos,MK,Medellín,Normal,Automático (ML),21964.39,14147.32,7817.07,339,66,214,10.98,5.02,347,2,8,821,0,0,0,Pediatría,0.5,Analgésicos
4771,MED-5770,Antigripales,Genfar,Barranquilla,Alta (Invierno),Proveedor Programado,40777.83,34537.55,6240.28,389,78,272,13.71,9.21,375,1,7,781,0,1,0,Pediatría,0.5,Antigripales
4772,MED-5771,Pediatría,Novartis,Medellín,Normal,Manual,41787.27,34211.45,7575.82,402,71,134,22.16,2.73,682,2,10,634,1,0,0,Pediatría,0.5,Pediatría
4773,MED-5772,Antigripales,Pfizer,Cartagena,Promoción,Automático (ML),55126.2,35404.85,19721.35,419,33,323,4.52,2.24,163,3,10,652,0,0,0,Cardiovasculares,0.5,Antigripales
4774,MED-5773,Vitaminas,Roche,Cali,Normal,Manual,3647.27,2340.27,1307.0,133,50,111,32.55,7.42,1003,1,3,129,0,1,1,Pediatría,0.75,Pediatría
4775,MED-5774,Gastrointestinales,Sanofi,Cartagena,Normal,Manual,3715.71,2784.89,930.82,278,52,381,9.1,7.89,281,2,3,446,0,0,0,Pediatría,0.5,Gastrointestinales
4776,MED-5775,Diabetes,Sanofi,Cali,Alta (Invierno),Manual,20104.04,15398.17,4705.87,474,34,185,23.83,1.54,719,3,9,889,1,1,0,Pediatría,0.5,Diabetes
4777,MED-5776,Dermatológicos,Genfar,Cartagena,Promoción,Manual,74051.82,55973.59,18078.23,446,50,303,1.62,0.99,40,4,11,379,1,0,1,Dermatológicos,0.25,Dermatológicos
4778,MED-5777,Dermatológicos,Abbott,Cali,Promoción,Proveedor Programado,58388.21,35351.9,23036.31,89,26,328,15.0,4.46,462,1,6,39,0,0,1,Dermatológicos,0.5,Dermatológicos
4779,MED-5778,Analgésicos,Novartis,Barranquilla,Normal,Manual,68058.45,48968.97,19089.48,150,14,247,37.29,1.33,1147,3,5,292,1,0,0,Pediatría,0.75,Pediatría
4780,MED-5779,Analgésicos,Tecnoquímicas,Bogotá,Normal,Proveedor Programado,66275.27,41816.99,24458.28,468,54,176,3.96,7.28,104,3,13,376,0,0,0,Dermatológicos,0.25,Analgésicos
4781,MED-5780,Dermatológicos,Roche,Bogotá,Alta (Invierno),Manual,30547.0,23233.4,7313.6,88,54,369,28.02,9.65,840,2,2,818,0,0,1,Dermatológicos,0.5,Dermatológicos
4782,MED-5781,Analgésicos,Bayer,Cali,Alta (Invierno),Manual,41758.05,28122.03,13636.02,291,24,194,3.0,5.37,84,0,13,444,1,0,0,Pediatría,0.5,Analgésicos
4783,MED-5782,Vitaminas,La Santé,Medellín,Promoción,Automático (ML),71820.87,53062.77,18758.1,461,35,338,6.26,9.11,189,2,12,828,0,1,0,Pediatría,0.5,Vitaminas
4784,MED-5783,Analgésicos,MK,Bogotá,Alta (Invierno),Manual,48494.99,32858.75,15636.24,194,28,300,16.45,4.75,483,1,6,633,0,1,1,Dermatológicos,0.5,Analgésicos
4785,MED-5784,Pediatría,La Santé,Cali,Alta (Invierno),Proveedor Programado,33657.26,20779.7,12877.56,351,57,152,25.54,6.78,779,2,10,849,0,0,1,Dermatológicos,0.5,Pediatría
4786,MED-5785,Diabetes,Bayer,Bogotá,Normal,Automático (ML),24284.11,16473.02,7811.09,446,48,381,9.25,5.05,288,2,2,264,1,0,0,Pediatría,0.5,Diabetes
4787,MED-5786,Cardiovasculares,Abbott,Cartagena,Promoción,Proveedor Programado,29707.9,24337.36,5370.54,382,26,266,12.21,4.18,349,2,7,335,0,0,0,Pediatría,1.0,Pediatría
4788,MED-5787,Gastrointestinales,Pfizer,Cali,Alta (Invierno),Proveedor Programado,74908.91,46894.52,28014.39,451,13,137,28.57,4.86,848,4,14,537,1,1,0,Pediatría,0.5,Gastrointestinales
4789,MED-5788,Cardiovasculares,Abbott,Medellín,Normal,Manual,25671.02,16920.16,8750.86,117,28,409,9.12,0.63,268,2,5,630,0,0,1,Pediatría,1.0,Pediatría
4790,MED-5789,Antibióticos,Abbott,Cali,Alta (Invierno),Proveedor Programado,71094.66,51155.1,19939.56,403,54,167,12.16,5.28,390,2,10,185,0,1,0,Diabetes,0.5,Antibióticos
4791,MED-5790,Gastrointestinales,Genfar,Bogotá,Alta (Epidemia),Manual,59472.38,47696.96,11775.42,11,54,425,36.52,6.2,1122,1,2,212,0,1,0,Dermatológicos,0.5,Gastrointestinales
4792,MED-5791,Diabetes,La Santé,Cali,Normal,Proveedor Programado,49496.39,39391.69,10104.7,300,37,401,2.64,9.27,102,0,8,662,1,1,0,Pediatría,0.75,Pediatría
4793,MED-5792,Higiene Personal,Tecnoquímicas,Barranquilla,Promoción,Automático (ML),48722.65,36574.86,12147.79,305,57,288,5.86,5.95,156,2,2,533,0,0,1,Pediatría,0.5,Higiene Personal
4794,MED-5793,Higiene Personal,Tecnoquímicas,Barranquilla,Promoción,Proveedor Programado,69933.84,44315.84,25618.0,32,20,284,17.57,4.28,511,2,14,219,1,0,0,Dermatológicos,0.25,Higiene Personal
4795,MED-5794,Higiene Personal,Genfar,Bogotá,Promoción,Automático (ML),26725.61,20135.42,6590.19,68,54,264,21.65,3.25,630,0,12,864,1,1,0,Pediatría,0.5,Higiene Personal
4796,MED-5795,Gastrointestinales,Novartis,Medellín,Alta (Epidemia),Automático (ML),73448.74,51168.9,22279.84,299,55,148,2.13,2.96,92,2,14,269,0,0,1,Dermatológicos,0.25,Gastrointestinales
4797,MED-5796,Vitaminas,Abbott,Medellín,Promoción,Proveedor Programado,4965.37,3724.66,1240.71,151,40,416,6.43,7.51,162,1,7,50,1,0,0,Pediatría,0.75,Pediatría
4798,MED-5797,Higiene Personal,MK,Cartagena,Normal,Manual,37654.63,29635.01,8019.62,387,54,413,31.12,3.74,935,0,7,637,0,0,0,Dermatológicos,0.25,Higiene Personal
4799,MED-5798,Gastrointestinales,Pfizer,Bogotá,Alta (Invierno),Manual,46542.27,35218.36,11323.91,389,47,438,39.78,2.26,1189,1,13,794,0,1,0,Gastrointestinales,0.25,Gastrointestinales
4800,MED-5799,Cardiovasculares,Genfar,Barranquilla,Normal,Manual,61420.95,50537.57,10883.38,418,20,269,17.74,6.32,603,2,2,78,0,1,0,Dermatológicos,0.5,Cardiovasculares
4801,MED-5800,Vitaminas,Tecnoquímicas,Bogotá,Promoción,Automático (ML),22334.49,17726.03,4608.46,262,52,143,20.04,8.5,609,1,12,323,0,0,1,Pediatría,0.5,Vitaminas
4802,MED-5801,Dermatológicos,Abbott,Bogotá,Normal,Automático (ML),47743.24,29593.46,18149.78,143,27,144,15.39,1.02,440,2,11,842,0,1,1,Dermatológicos,0.25,Dermatológicos
4803,MED-5802,Higiene Personal,La Santé,Barranquilla,Promoción,Proveedor Programado,33129.99,26596.34,6533.65,205,79,307,29.27,4.93,856,1,9,63,1,0,0,Dermatológicos,0.5,Higiene Personal
4804,MED-5803,Vitaminas,Tecnoquímicas,Bogotá,Promoción,Proveedor Programado,78903.86,65210.39,13693.47,402,44,335,7.57,8.61,271,1,1,144,0,1,1,Cardiovasculares,0.5,Vitaminas
4805,MED-5804,Higiene Personal,Pfizer,Medellín,Normal,Proveedor Programado,10879.82,7551.11,3328.71,111,56,170,8.37,0.82,267,2,11,223,0,0,0,Pediatría,0.5,Higiene Personal
4806,MED-5805,Dermatológicos,La Santé,Barranquilla,Promoción,Proveedor Programado,13249.16,8925.93,4323.23,98,61,250,3.05,5.86,143,0,8,249,1,1,1,Pediatría,0.5,Dermatológicos
4807,MED-5806,Cardiovasculares,Pfizer,Cartagena,Alta (Epidemia),Manual,14315.89,11050.27,3265.62,158,33,205,11.33,2.5,305,1,10,533,1,1,0,Pediatría,0.5,Cardiovasculares
4808,MED-5807,Antibióticos,Abbott,Bogotá,Alta (Invierno),Manual,47052.29,28674.45,18377.84,135,69,398,28.61,4.28,849,0,7,106,1,1,1,Antigripales,0.25,Antibióticos
4809,MED-5808,Gastrointestinales,Pfizer,Barranquilla,Promoción,Manual,79236.17,56121.47,23114.7,31,16,271,11.59,5.96,318,1,6,720,0,0,0,Dermatológicos,0.5,Gastrointestinales
4810,MED-5809,Higiene Personal,Bayer,Cali,Alta (Epidemia),Manual,3195.76,2554.37,641.39,341,25,412,14.91,7.94,481,2,13,892,1,1,0,Pediatría,0.75,Pediatría
4811,MED-5810,Diabetes,Abbott,Medellín,Alta (Epidemia),Manual,77589.03,50072.72,27516.31,228,67,234,10.42,1.05,333,2,1,731,0,0,1,Pediatría,0.5,Diabetes
4812,MED-5811,Pediatría,MK,Cartagena,Alta (Epidemia),Proveedor Programado,26710.46,19201.14,7509.32,136,17,299,29.68,8.18,880,1,6,422,1,0,1,Pediatría,1.0,Pediatría
4813,MED-5812,Higiene Personal,Abbott,Medellín,Promoción,Manual,59534.43,41979.47,17554.96,290,69,207,22.66,9.06,685,1,6,885,0,0,1,Pediatría,0.5,Higiene Personal
4814,MED-5813,Diabetes,Bayer,Medellín,Alta (Epidemia),Manual,58668.08,43307.05,15361.03,389,67,363,39.49,8.07,1120,2,3,665,0,1,1,Dermatológicos,0.5,Diabetes
4815,MED-5814,Antigripales,Roche,Cartagena,Alta (Epidemia),Automático (ML),4424.18,2706.23,1717.95,286,74,184,28.32,6.15,868,0,2,243,1,1,1,Dermatológicos,0.5,Antigripales
4816,MED-5815,Vitaminas,Abbott,Medellín,Alta (Invierno),Automático (ML),27477.31,20158.58,7318.73,191,11,285,22.8,8.54,717,1,3,103,1,1,0,Pediatría,0.75,Pediatría
4817,MED-5816,Antigripales,Roche,Bogotá,Promoción,Proveedor Programado,78970.51,62524.52,16445.99,273,79,267,29.29,7.41,867,3,7,198,1,1,0,Pediatría,0.5,Antigripales
4818,MED-5817,Vitaminas,Abbott,Medellín,Alta (Epidemia),Manual,3277.44,1979.31,1298.13,5,74,438,22.6,4.76,686,1,8,369,0,1,0,Pediatría,0.75,Pediatría
4819,MED-5818,Cardiovasculares,MK,Bogotá,Normal,Automático (ML),35387.24,27384.6,8002.64,466,74,180,27.53,5.84,791,1,1,81,1,0,0,Dermatológicos,0.5,Cardiovasculares
4820,MED-5819,Dermatológicos,Bayer,Bogotá,Alta (Epidemia),Proveedor Programado,34576.64,22054.19,12522.45,233,57,394,37.63,7.63,1106,0,9,645,0,0,1,Dermatológicos,0.25,Dermatológicos
4821,MED-5820,Cardiovasculares,Genfar,Cali,Alta (Epidemia),Manual,27483.98,16955.32,10528.66,265,35,366,37.39,7.88,1106,1,7,200,1,0,1,Pediatría,0.5,Cardiovasculares
4822,MED-5821,Vitaminas,Novartis,Cartagena,Promoción,Manual,53167.91,40827.02,12340.89,443,42,265,17.59,7.49,526,1,9,475,0,0,1,Dermatológicos,0.25,Vitaminas
4823,MED-5822,Diabetes,Bayer,Cali,Alta (Epidemia),Automático (ML),44682.45,37493.43,7189.02,287,42,283,24.75,5.68,731,3,6,643,1,1,0,Pediatría,1.0,Pediatría
4824,MED-5823,Dermatológicos,Genfar,Cali,Alta (Epidemia),Manual,67925.81,53118.4,14807.41,183,22,250,9.32,3.9,310,3,13,91,0,0,0,Dermatológicos,0.25,Dermatológicos
4825,MED-5824,Diabetes,La Santé,Cali,Alta (Epidemia),Automático (ML),37706.18,24544.2,13161.98,151,21,383,22.23,2.19,685,3,14,568,1,1,1,Pediatría,1.0,Pediatría
4826,MED-5825,Vitaminas,Pfizer,Cartagena,Alta (Epidemia),Manual,47932.49,29039.47,18893.02,46,42,175,4.25,1.03,141,2,13,135,1,1,0,Dermatológicos,0.5,Vitaminas
4827,MED-5826,Higiene Personal,Pfizer,Cali,Normal,Manual,8578.71,6072.0,2506.71,349,45,173,3.01,4.47,85,1,1,478,0,0,1,Pediatría,0.5,Higiene Personal
4828,MED-5827,Dermatológicos,Abbott,Cartagena,Alta (Invierno),Automático (ML),67598.82,52340.33,15258.49,24,10,118,33.28,1.36,979,4,1,563,1,1,0,Pediatría,0.5,Dermatológicos
4829,MED-5828,Pediatría,Roche,Cartagena,Promoción,Manual,74978.57,54207.05,20771.52,104,26,132,5.45,8.07,164,2,7,73,1,1,0,Dermatológicos,0.25,Pediatría
4830,MED-5829,Gastrointestinales,Genfar,Cartagena,Promoción,Automático (ML),3380.82,2552.53,828.29,385,40,230,34.17,8.74,1047,3,13,373,0,1,0,Pediatría,0.5,Gastrointestinales
4831,MED-5830,Analgésicos,Bayer,Barranquilla,Alta (Epidemia),Manual,46109.37,34606.97,11502.4,69,24,385,31.84,3.96,938,0,13,178,1,1,0,Pediatría,0.5,Analgésicos
4832,MED-5831,Higiene Personal,Genfar,Cali,Promoción,Proveedor Programado,31178.11,20325.17,10852.94,468,68,363,21.22,0.59,630,0,5,852,0,0,0,Dermatológicos,0.25,Higiene Personal
4833,MED-5832,Gastrointestinales,Abbott,Cartagena,Alta (Invierno),Automático (ML),32054.66,22618.52,9436.14,171,15,133,16.07,9.76,501,2,4,795,1,0,0,Pediatría,0.75,Pediatría
4834,MED-5833,Analgésicos,Novartis,Bogotá,Alta (Invierno),Automático (ML),51285.96,41104.46,10181.5,208,56,247,13.89,6.36,412,1,14,293,1,1,0,Pediatría,0.5,Analgésicos
4835,MED-5834,Diabetes,Novartis,Barranquilla,Alta (Invierno),Automático (ML),64126.28,43119.6,21006.68,394,18,327,14.12,8.28,440,1,2,877,0,0,0,Pediatría,0.5,Diabetes
4836,MED-5835,Dermatológicos,Sanofi,Bogotá,Promoción,Automático (ML),56572.71,41490.13,15082.58,417,71,132,1.51,5.79,16,0,5,365,1,0,0,Pediatría,0.5,Dermatológicos
4837,MED-5836,Cardiovasculares,Roche,Barranquilla,Alta (Invierno),Proveedor Programado,46360.32,35557.79,10802.53,174,46,232,16.67,8.11,486,4,14,260,1,1,0,Cardiovasculares,0.5,Cardiovasculares
4838,MED-5837,Vitaminas,Pfizer,Cartagena,Promoción,Proveedor Programado,57878.43,41511.13,16367.3,226,66,342,35.96,1.9,1077,2,4,551,0,1,1,Dermatológicos,0.5,Vitaminas
4839,MED-5838,Analgésicos,Sanofi,Bogotá,Alta (Epidemia),Automático (ML),3086.85,2604.08,482.77,210,15,210,17.46,5.22,561,0,5,261,0,1,0,Pediatría,0.75,Pediatría
4840,MED-5839,Antibióticos,Pfizer,Medellín,Alta (Epidemia),Manual,46825.22,32173.42,14651.8,210,48,334,36.42,2.2,1051,2,8,313,0,0,0,Pediatría,0.5,Antibióticos
4841,MED-5840,Cardiovasculares,Bayer,Bogotá,Alta (Epidemia),Manual,78909.34,64287.19,14622.15,494,62,378,34.22,7.83,1030,2,2,347,0,1,0,Antigripales,0.25,Cardiovasculares
4842,MED-5841,Higiene Personal,Roche,Cartagena,Promoción,Proveedor Programado,18237.23,12233.44,6003.79,381,34,372,11.61,8.16,375,1,1,122,0,0,0,Pediatría,0.5,Higiene Personal
4843,MED-5842,Vitaminas,Bayer,Cartagena,Promoción,Manual,29867.06,19344.04,10523.02,351,37,223,19.56,7.94,601,2,10,241,1,1,0,Pediatría,0.75,Pediatría
4844,MED-5843,Gastrointestinales,Bayer,Barranquilla,Promoción,Automático (ML),74534.15,50318.08,24216.07,198,26,292,17.21,2.27,510,1,2,258,1,1,0,Pediatría,0.5,Gastrointestinales
4845,MED-5844,Analgésicos,Bayer,Bogotá,Alta (Epidemia),Manual,36404.72,30094.23,6310.49,248,65,187,25.11,9.02,783,3,10,482,1,1,0,Dermatológicos,0.5,Analgésicos
4846,MED-5845,Dermatológicos,Sanofi,Bogotá,Promoción,Manual,58345.79,39584.98,18760.81,325,46,111,15.13,2.57,446,1,1,875,1,0,0,Cardiovasculares,0.5,Dermatológicos
4847,MED-5846,Higiene Personal,Sanofi,Bogotá,Alta (Epidemia),Proveedor Programado,54933.71,41517.04,13416.67,254,68,424,8.48,2.62,225,1,5,807,1,0,1,Pediatría,0.5,Higiene Personal
4848,MED-5847,Pediatría,Roche,Cali,Promoción,Automático (ML),35679.24,24351.14,11328.1,331,24,168,15.16,2.65,465,2,14,780,1,1,0,Pediatría,0.75,Pediatría
4849,MED-5848,Diabetes,Roche,Cartagena,Alta (Invierno),Proveedor Programado,62724.62,44100.99,18623.63,245,21,124,38.97,5.08,1159,3,11,252,0,0,1,Pediatría,0.5,Diabetes
4850,MED-5849,Gastrointestinales,Abbott,Barranquilla,Promoción,Proveedor Programado,53556.21,38516.44,15039.77,3,35,166,18.58,2.45,534,0,2,282,0,1,1,Dermatológicos,0.5,Gastrointestinales
4851,MED-5850,Cardiovasculares,Bayer,Barranquilla,Alta (Epidemia),Proveedor Programado,6435.08,4462.45,1972.63,460,33,151,33.55,6.31,989,3,9,37,0,0,1,Pediatría,0.5,Cardiovasculares
4852,MED-5851,Pediatría,Genfar,Cartagena,Alta (Epidemia),Proveedor Programado,28016.85,21390.64,6626.21,145,12,189,30.52,8.19,932,4,6,523,0,1,0,Pediatría,1.0,Pediatría
4853,MED-5852,Dermatológicos,Genfar,Cartagena,Normal,Manual,63213.98,46987.32,16226.66,269,71,266,11.43,6.03,326,0,13,856,1,1,0,Pediatría,0.5,Dermatológicos
4854,MED-5853,Vitaminas,Novartis,Cali,Promoción,Proveedor Programado,74544.56,54857.6,19686.96,214,71,355,17.84,8.19,534,0,12,614,1,1,0,Pediatría,0.5,Vitaminas
4855,MED-5854,Pediatría,Sanofi,Medellín,Alta (Epidemia),Automático (ML),13716.25,9321.52,4394.73,258,70,411,33.5,6.4,977,2,4,186,1,1,0,Dermatológicos,0.25,Pediatría
4856,MED-5855,Diabetes,La Santé,Bogotá,Alta (Invierno),Manual,63381.09,42937.56,20443.53,490,26,233,27.46,2.99,861,3,12,448,0,0,1,Pediatría,0.5,Diabetes
4857,MED-5856,Vitaminas,Sanofi,Medellín,Alta (Invierno),Automático (ML),48190.74,39936.15,8254.59,361,18,305,18.05,1.47,541,0,4,605,1,1,0,Dermatológicos,0.5,Vitaminas
4858,MED-5857,Higiene Personal,Bayer,Medellín,Alta (Epidemia),Automático (ML),56021.94,40517.03,15504.91,355,75,387,36.79,1.68,1096,1,13,483,1,0,1,Gastrointestinales,0.25,Higiene Personal
4859,MED-5858,Pediatría,Genfar,Cali,Promoción,Automático (ML),4908.9,3627.86,1281.04,157,36,371,6.36,6.52,183,1,8,686,0,1,0,Pediatría,1.0,Pediatría
4860,MED-5859,Dermatológicos,Genfar,Barranquilla,Promoción,Proveedor Programado,9443.81,7570.91,1872.9,339,32,294,4.49,2.3,145,0,2,143,1,0,1,Pediatría,0.5,Dermatológicos
4861,MED-5860,Cardiovasculares,La Santé,Cali,Promoción,Manual,52040.58,32764.06,19276.52,24,61,449,11.51,9.28,352,3,13,140,1,1,1,Pediatría,0.75,Pediatría
4862,MED-5861,Vitaminas,La Santé,Bogotá,Alta (Invierno),Manual,67337.05,48434.21,18902.84,35,33,373,1.03,6.6,40,1,3,204,1,1,1,Cardiovasculares,0.5,Vitaminas
4863,MED-5862,Diabetes,Roche,Bogotá,Normal,Proveedor Programado,61452.71,47133.17,14319.54,282,24,258,29.29,6.82,860,4,12,737,1,1,0,Pediatría,0.5,Diabetes
4864,MED-5863,Vitaminas,Abbott,Cartagena,Alta (Invierno),Proveedor Programado,66592.73,55392.89,11199.84,358,72,310,5.43,3.71,143,5,14,506,1,1,1,Pediatría,0.75,Pediatría
4865,MED-5864,Vitaminas,Genfar,Cartagena,Promoción,Automático (ML),29260.21,19601.36,9658.85,230,36,388,21.89,3.63,640,1,9,67,1,0,0,Pediatría,1.0,Pediatría
4866,MED-5865,Analgésicos,Genfar,Cartagena,Alta (Epidemia),Automático (ML),48729.5,37503.22,11226.28,388,47,320,23.74,0.6,719,2,12,662,0,1,0,Pediatría,0.5,Analgésicos
4867,MED-5866,Analgésicos,Novartis,Cali,Normal,Automático (ML),72948.11,61359.01,11589.1,195,23,259,11.55,5.54,359,2,5,442,0,0,1,Cardiovasculares,0.5,Analgésicos
4868,MED-5867,Vitaminas,Sanofi,Cartagena,Alta (Epidemia),Automático (ML),34259.05,24548.65,9710.4,3,62,196,23.68,5.69,706,0,7,125,1,0,1,Antigripales,0.25,Vitaminas
4869,MED-5868,Antibióticos,Genfar,Cartagena,Promoción,Automático (ML),22069.59,14972.44,7097.15,434,36,231,22.27,9.78,665,2,11,494,0,1,0,Pediatría,0.5,Antibióticos
4870,MED-5869,Pediatría,Tecnoquímicas,Barranquilla,Normal,Automático (ML),77130.57,51529.04,25601.53,173,67,146,35.78,2.57,1078,3,10,373,0,1,0,Pediatría,0.5,Pediatría
4871,MED-5870,Analgésicos,Tecnoquímicas,Bogotá,Alta (Epidemia),Manual,58919.14,39326.22,19592.92,121,42,108,2.69,5.74,110,2,10,35,0,1,0,Dermatológicos,0.25,Analgésicos
4872,MED-5871,Antigripales,Tecnoquímicas,Barranquilla,Normal,Manual,50550.45,42692.01,7858.44,146,24,288,16.27,9.57,510,0,6,534,1,1,0,Pediatría,1.0,Pediatría
4873,MED-5872,Diabetes,MK,Cartagena,Alta (Invierno),Proveedor Programado,77115.81,60328.09,16787.72,398,28,240,37.19,3.1,1123,5,8,204,1,1,0,Pediatría,0.5,Diabetes
4874,MED-5873,Antigripales,Novartis,Bogotá,Alta (Epidemia),Manual,33170.37,26605.1,6565.27,264,49,119,6.19,7.06,215,1,11,356,0,1,0,Pediatría,0.5,Antigripales
4875,MED-5874,Cardiovasculares,Bayer,Medellín,Alta (Invierno),Proveedor Programado,66621.44,45409.62,21211.82,108,37,346,35.05,5.17,1074,2,12,66,0,0,1,Dermatológicos,0.5,Cardiovasculares
4876,MED-5875,Dermatológicos,Tecnoquímicas,Bogotá,Alta (Epidemia),Manual,37593.46,29810.49,7782.97,59,61,180,32.33,4.08,953,5,9,401,1,1,0,Pediatría,1.0,Pediatría
4877,MED-5876,Vitaminas,Bayer,Cartagena,Alta (Invierno),Manual,69472.29,45539.75,23932.54,94,14,141,3.83,2.89,132,1,9,55,0,1,0,Dermatológicos,0.25,Vitaminas
4878,MED-5877,Vitaminas,Pfizer,Bogotá,Alta (Invierno),Automático (ML),72155.03,53181.93,18973.1,302,59,410,36.17,7.66,1069,2,8,660,1,1,1,Gastrointestinales,0.5,Vitaminas
4879,MED-5878,Diabetes,Abbott,Barranquilla,Alta (Invierno),Automático (ML),63299.33,48170.75,15128.58,359,79,368,27.64,7.7,842,1,12,122,1,1,1,Gastrointestinales,0.5,Diabetes
4880,MED-5879,Dermatológicos,La Santé,Cali,Alta (Epidemia),Automático (ML),13880.44,9591.04,4289.4,353,25,262,2.83,1.12,61,0,8,131,0,0,1,Pediatría,0.5,Dermatológicos
4881,MED-5880,Higiene Personal,Pfizer,Cartagena,Alta (Epidemia),Proveedor Programado,31806.71,22036.39,9770.32,319,52,371,1.18,3.83,51,0,14,749,1,0,1,Pediatría,0.75,Pediatría
4882,MED-5881,Antibióticos,Pfizer,Bogotá,Alta (Invierno),Automático (ML),3945.92,2859.21,1086.71,1,65,364,27.5,7.37,798,2,3,243,0,1,1,Pediatría,0.5,Antibióticos
4883,MED-5882,Antigripales,Genfar,Bogotá,Alta (Invierno),Manual,38034.63,29989.34,8045.29,168,76,219,33.84,6.91,988,2,4,296,0,0,0,Dermatológicos,0.5,Antigripales
4884,MED-5883,Antigripales,La Santé,Bogotá,Alta (Epidemia),Proveedor Programado,40608.33,26281.96,14326.37,134,63,194,24.05,8.89,678,1,14,540,1,1,0,Dermatológicos,0.25,Antigripales
4885,MED-5884,Diabetes,Bayer,Medellín,Promoción,Automático (ML),79338.81,66909.89,12428.92,250,56,373,18.44,4.05,537,0,11,884,0,1,0,Pediatría,0.5,Diabetes
4886,MED-5885,Cardiovasculares,Bayer,Barranquilla,Promoción,Automático (ML),34012.19,26638.8,7373.39,87,77,360,4.83,8.83,146,3,5,606,0,1,0,Cardiovasculares,0.75,Cardiovasculares
4887,MED-5886,Dermatológicos,Tecnoquímicas,Cartagena,Promoción,Automático (ML),77384.03,48832.5,28551.53,483,27,295,27.54,3.22,855,1,6,128,0,0,1,Pediatría,0.5,Dermatológicos
4888,MED-5887,Dermatológicos,Novartis,Medellín,Alta (Epidemia),Proveedor Programado,76475.98,55798.03,20677.95,87,62,254,22.9,5.5,700,2,10,342,0,1,1,Diabetes,0.5,Dermatológicos
4889,MED-5888,Antigripales,Bayer,Medellín,Alta (Epidemia),Manual,54043.71,37116.68,16927.03,372,63,228,3.45,2.14,125,3,11,344,1,1,1,Pediatría,0.5,Antigripales
4890,MED-5889,Vitaminas,La Santé,Medellín,Normal,Manual,36952.92,29606.77,7346.15,312,62,368,18.7,8.43,599,0,4,44,0,1,0,Dermatológicos,0.25,Vitaminas
4891,MED-5890,Diabetes,Abbott,Bogotá,Alta (Invierno),Automático (ML),20174.86,14242.82,5932.04,201,15,393,11.07,2.54,320,3,10,889,0,1,0,Pediatría,1.0,Pediatría
4892,MED-5891,Pediatría,Roche,Cali,Alta (Epidemia),Manual,20214.78,16634.34,3580.44,221,31,253,4.64,0.65,153,0,14,183,1,1,0,Pediatría,0.5,Pediatría
4893,MED-5892,Pediatría,Tecnoquímicas,Cali,Promoción,Proveedor Programado,23187.97,15871.52,7316.45,21,63,237,16.91,0.51,515,0,3,816,1,1,1,Pediatría,0.75,Pediatría
4894,MED-5893,Dermatológicos,La Santé,Medellín,Alta (Invierno),Proveedor Programado,19563.67,13222.75,6340.92,297,75,315,12.69,2.24,386,1,10,436,0,0,1,Pediatría,0.75,Pediatría
4895,MED-5894,Antibióticos,La Santé,Medellín,Alta (Epidemia),Manual,63455.11,51142.08,12313.03,22,41,113,4.64,2.98,115,3,8,600,1,1,1,Cardiovasculares,0.5,Antibióticos
4896,MED-5895,Gastrointestinales,Tecnoquímicas,Barranquilla,Normal,Manual,76595.99,55993.51,20602.48,38,65,152,1.79,2.65,41,2,10,410,1,1,1,Pediatría,0.5,Gastrointestinales
4897,MED-5896,Analgésicos,Pfizer,Cali,Promoción,Automático (ML),51653.49,31345.0,20308.49,367,47,308,24.55,7.27,743,0,14,163,0,0,1,Gastrointestinales,0.5,Analgésicos
4898,MED-5897,Diabetes,MK,Cali,Normal,Proveedor Programado,66869.24,54108.58,12760.66,17,72,306,14.96,8.5,442,1,1,303,0,0,0,Cardiovasculares,0.5,Diabetes
4899,MED-5898,Dermatológicos,Pfizer,Barranquilla,Promoción,Proveedor Programado,75367.92,63088.54,12279.38,39,33,242,7.97,5.18,251,3,12,768,0,1,0,Dermatológicos,0.5,Dermatológicos
4900,MED-5899,Dermatológicos,Sanofi,Bogotá,Alta (Invierno),Manual,3185.87,2494.49,691.38,17,53,166,32.41,8.91,1020,1,7,541,1,0,0,Pediatría,0.75,Pediatría
4901,MED-5900,Dermatológicos,Bayer,Barranquilla,Alta (Invierno),Proveedor Programado,66364.71,48642.88,17721.83,307,35,251,14.92,2.32,416,1,7,69,0,1,1,Diabetes,0.5,Dermatológicos
4902,MED-5901,Gastrointestinales,Abbott,Cali,Alta (Invierno),Automático (ML),26924.8,22687.55,4237.25,439,56,271,23.94,2.3,746,1,6,750,1,1,0,Dermatológicos,0.5,Gastrointestinales
4903,MED-5902,Higiene Personal,Genfar,Medellín,Promoción,Automático (ML),28056.3,22517.6,5538.7,29,53,347,14.13,4.54,420,3,10,65,1,0,1,Cardiovasculares,0.5,Higiene Personal
4904,MED-5903,Analgésicos,Sanofi,Barranquilla,Normal,Automático (ML),73223.55,54294.4,18929.15,287,32,215,25.81,7.22,736,2,13,637,1,1,0,Gastrointestinales,0.25,Analgésicos
4905,MED-5904,Gastrointestinales,La Santé,Barranquilla,Promoción,Manual,55199.36,34652.29,20547.07,481,25,80,19.6,3.27,598,4,1,846,1,1,1,Pediatría,0.75,Pediatría
4906,MED-5905,Analgésicos,Roche,Medellín,Promoción,Proveedor Programado,22801.55,19008.38,3793.17,296,58,448,12.24,1.43,377,1,11,125,0,1,1,Pediatría,0.75,Pediatría
4907,MED-5906,Cardiovasculares,Bayer,Cali,Alta (Epidemia),Automático (ML),22822.31,16260.14,6562.17,90,74,428,34.63,5.89,1013,2,14,171,0,1,0,Dermatológicos,0.25,Cardiovasculares
4908,MED-5907,Antibióticos,Genfar,Medellín,Alta (Epidemia),Automático (ML),68089.86,48387.28,19702.58,459,48,363,27.48,5.56,800,0,7,277,0,0,0,Pediatría,0.5,Antibióticos
4909,MED-5908,Dermatológicos,La Santé,Bogotá,Alta (Invierno),Automático (ML),17046.0,11185.85,5860.15,243,53,376,35.22,1.25,1066,1,11,542,1,1,0,Dermatológicos,0.25,Dermatológicos
4910,MED-5909,Pediatría,MK,Bogotá,Alta (Invierno),Proveedor Programado,16918.91,13750.4,3168.51,107,45,400,25.33,5.34,768,1,6,843,1,1,1,Pediatría,0.75,Pediatría
4911,MED-5910,Higiene Personal,Sanofi,Cartagena,Promoción,Proveedor Programado,38994.4,29078.11,9916.29,316,64,147,36.95,1.37,1097,0,8,704,1,1,1,Dermatológicos,0.5,Higiene Personal
4912,MED-5911,Antigripales,Pfizer,Cartagena,Promoción,Manual,23616.03,19404.86,4211.17,90,48,357,1.26,9.51,40,3,12,406,0,1,0,Cardiovasculares,0.5,Antigripales
4913,MED-5912,Diabetes,Bayer,Cali,Alta (Invierno),Automático (ML),15188.43,9829.09,5359.34,467,21,386,29.66,9.66,868,2,1,78,0,0,1,Pediatría,0.5,Diabetes
4914,MED-5913,Pediatría,Pfizer,Barranquilla,Alta (Epidemia),Manual,46738.25,28200.19,18538.06,307,29,235,38.37,9.71,1205,1,7,659,0,0,0,Gastrointestinales,0.25,Pediatría
4915,MED-5914,Vitaminas,Abbott,Cali,Promoción,Proveedor Programado,15487.45,10213.72,5273.73,411,31,236,12.22,4.23,342,2,9,461,0,0,1,Pediatría,0.5,Vitaminas
4916,MED-5915,Cardiovasculares,Genfar,Bogotá,Normal,Proveedor Programado,25440.65,20490.06,4950.59,428,21,374,3.76,3.22,117,0,14,263,1,0,1,Pediatría,0.75,Pediatría
4917,MED-5916,Analgésicos,Novartis,Cali,Alta (Epidemia),Manual,28482.05,19609.5,8872.55,43,34,253,18.71,5.7,569,1,5,562,1,0,1,Pediatría,0.75,Pediatría
4918,MED-5917,Vitaminas,MK,Medellín,Normal,Automático (ML),36408.88,23436.56,12972.32,302,11,406,15.0,5.02,442,0,1,815,0,1,1,Pediatría,0.75,Pediatría
4919,MED-5918,Diabetes,Genfar,Cali,Promoción,Automático (ML),62794.42,48600.29,14194.13,180,22,398,39.72,9.59,1197,1,1,389,1,1,1,Dermatológicos,0.5,Diabetes
4920,MED-5919,Vitaminas,Roche,Cartagena,Alta (Epidemia),Manual,11541.2,8551.59,2989.61,463,42,289,17.83,9.24,537,2,13,695,0,1,0,Pediatría,0.75,Pediatría
4921,MED-5920,Analgésicos,Genfar,Medellín,Promoción,Manual,72172.42,51148.63,21023.79,470,54,424,13.56,5.41,433,0,9,176,0,0,0,Pediatría,0.75,Pediatría
4922,MED-5921,Dermatológicos,Novartis,Medellín,Promoción,Automático (ML),61119.07,43484.52,17634.55,69,48,120,13.29,9.35,398,2,4,30,1,0,1,Dermatológicos,0.25,Dermatológicos
4923,MED-5922,Vitaminas,Genfar,Cali,Promoción,Manual,4746.64,3791.4,955.24,90,19,309,28.66,1.36,884,2,9,75,0,0,0,Pediatría,1.0,Pediatría
4924,MED-5923,Antigripales,Novartis,Bogotá,Promoción,Proveedor Programado,25809.07,21882.11,3926.96,58,34,364,36.06,2.14,1059,2,8,78,1,1,0,Pediatría,1.0,Pediatría
4925,MED-5924,Antibióticos,Novartis,Cali,Alta (Invierno),Proveedor Programado,57571.21,43155.13,14416.08,439,41,173,39.43,7.07,1224,0,13,859,0,0,0,Gastrointestinales,0.25,Antibióticos
4926,MED-5925,Vitaminas,Novartis,Bogotá,Promoción,Automático (ML),66788.87,52263.64,14525.23,354,46,349,33.01,8.8,1008,3,10,791,0,0,1,Pediatría,0.75,Pediatría
4927,MED-5926,Cardiovasculares,Sanofi,Barranquilla,Alta (Invierno),Automático (ML),70909.24,52212.08,18697.16,303,35,194,37.05,8.24,1091,1,10,812,1,1,0,Gastrointestinales,0.25,Cardiovasculares
4928,MED-5927,Higiene Personal,Pfizer,Medellín,Alta (Invierno),Automático (ML),36946.96,22438.63,14508.33,470,55,435,21.71,2.14,668,0,13,582,1,1,1,Dermatológicos,0.25,Higiene Personal
4929,MED-5928,Analgésicos,Genfar,Medellín,Promoción,Proveedor Programado,16051.98,13148.17,2903.81,208,73,217,12.03,8.28,340,1,6,160,0,0,1,Pediatría,0.5,Analgésicos
4930,MED-5929,Analgésicos,Genfar,Barranquilla,Alta (Epidemia),Manual,56902.96,34963.52,21939.44,254,43,124,23.34,2.78,701,1,4,170,1,0,0,Antigripales,0.25,Analgésicos
4931,MED-5930,Antigripales,MK,Cali,Alta (Epidemia),Manual,77152.59,50204.41,26948.18,25,22,143,37.21,2.84,1128,2,11,237,1,1,1,Gastrointestinales,0.25,Antigripales
4932,MED-5931,Diabetes,Pfizer,Cartagena,Alta (Epidemia),Manual,15088.01,9970.3,5117.71,468,65,356,3.74,1.69,86,1,8,178,0,0,1,Pediatría,0.75,Pediatría
4933,MED-5932,Cardiovasculares,Novartis,Barranquilla,Normal,Automático (ML),54591.99,33545.15,21046.84,37,22,371,24.59,2.41,731,2,3,768,0,0,1,Dermatológicos,0.5,Cardiovasculares
4934,MED-5933,Gastrointestinales,MK,Cali,Alta (Epidemia),Proveedor Programado,65040.03,39422.42,25617.61,312,65,200,15.6,9.87,494,0,13,277,0,1,0,Gastrointestinales,0.5,Gastrointestinales
4935,MED-5934,Pediatría,Novartis,Medellín,Alta (Invierno),Manual,41407.81,30383.84,11023.97,193,69,395,1.05,5.83,38,0,9,457,0,1,0,Pediatría,0.75,Pediatría
4936,MED-5935,Dermatológicos,Roche,Barranquilla,Promoción,Automático (ML),56261.6,41816.42,14445.18,64,35,102,38.69,8.03,1153,0,12,581,1,1,0,Gastrointestinales,0.5,Dermatológicos
4937,MED-5936,Antigripales,Sanofi,Bogotá,Promoción,Automático (ML),21273.89,12919.53,8354.36,438,45,429,17.08,0.9,510,0,7,814,1,1,1,Pediatría,0.5,Antigripales
4938,MED-5937,Vitaminas,Novartis,Medellín,Alta (Invierno),Proveedor Programado,41890.73,34609.65,7281.08,485,10,339,37.63,4.89,1141,1,14,47,1,0,1,Gastrointestinales,0.25,Vitaminas
4939,MED-5938,Dermatológicos,Roche,Bogotá,Alta (Invierno),Proveedor Programado,79574.04,55225.63,24348.41,396,57,294,34.5,5.17,1046,2,5,636,1,1,1,Pediatría,0.75,Pediatría
4940,MED-5939,Antigripales,Tecnoquímicas,Cali,Promoción,Automático (ML),54976.65,33444.52,21532.13,411,63,351,13.21,3.68,406,1,6,830,1,1,0,Pediatría,0.75,Pediatría
4941,MED-5940,Antigripales,Novartis,Cartagena,Promoción,Automático (ML),61963.91,46739.72,15224.19,290,60,433,25.09,1.83,732,1,4,363,1,0,0,Antigripales,0.25,Antigripales
4942,MED-5941,Pediatría,Pfizer,Cali,Alta (Epidemia),Proveedor Programado,42891.38,34873.19,8018.19,330,43,136,21.34,8.14,633,2,14,830,1,1,0,Pediatría,0.5,Pediatría
4943,MED-5942,Vitaminas,Genfar,Cartagena,Alta (Epidemia),Proveedor Programado,37285.68,30425.57,6860.11,368,76,219,15.85,5.4,524,1,8,104,0,1,0,Pediatría,0.5,Vitaminas
4944,MED-5943,Antibióticos,Roche,Cali,Normal,Manual,16107.85,13008.32,3099.53,123,75,207,21.74,1.44,667,0,2,452,1,0,1,Pediatría,0.5,Antibióticos
4945,MED-5944,Cardiovasculares,Pfizer,Cartagena,Alta (Epidemia),Proveedor Programado,3720.79,3033.89,686.9,75,31,414,11.88,7.55,375,5,10,824,0,1,0,Pediatría,0.75,Pediatría
4946,MED-5945,Higiene Personal,Abbott,Cartagena,Normal,Automático (ML),35339.87,29689.15,5650.72,179,48,374,17.05,6.45,504,1,8,739,0,0,0,Pediatría,0.75,Pediatría
4947,MED-5946,Analgésicos,Genfar,Medellín,Normal,Manual,55609.05,43236.28,12372.77,88,31,392,39.05,4.53,1135,3,5,488,0,0,1,Pediatría,1.0,Pediatría
4948,MED-5947,Cardiovasculares,Abbott,Barranquilla,Alta (Invierno),Automático (ML),77335.13,59442.88,17892.25,474,53,244,24.66,2.64,694,2,6,763,0,0,0,Pediatría,0.5,Cardiovasculares
4949,MED-5948,Diabetes,Genfar,Cali,Alta (Epidemia),Proveedor Programado,28618.29,23596.11,5022.18,314,32,114,34.18,9.8,1043,1,9,132,0,1,1,Pediatría,0.75,Pediatría
4950,MED-5949,Cardiovasculares,Abbott,Bogotá,Promoción,Proveedor Programado,31280.9,23522.2,7758.7,191,47,167,7.52,6.72,209,2,8,810,0,0,1,Pediatría,0.5,Cardiovasculares
4951,MED-5950,Cardiovasculares,La Santé,Barranquilla,Alta (Epidemia),Manual,47234.13,34384.94,12849.19,391,61,403,4.02,2.12,109,5,10,336,1,1,1,Pediatría,0.75,Pediatría
4952,MED-5951,Analgésicos,La Santé,Cali,Promoción,Automático (ML),59749.8,40767.91,18981.89,499,31,341,35.37,4.36,1055,4,14,147,0,0,0,Pediatría,0.75,Pediatría
4953,MED-5952,Cardiovasculares,Tecnoquímicas,Cartagena,Normal,Proveedor Programado,8133.33,5553.34,2579.99,217,14,267,6.49,9.73,224,0,8,245,1,1,1,Pediatría,0.75,Pediatría
4954,MED-5953,Higiene Personal,Novartis,Barranquilla,Alta (Invierno),Proveedor Programado,45478.37,29673.25,15805.12,246,65,143,23.86,3.03,696,3,10,394,0,1,1,Pediatría,0.5,Higiene Personal
4955,MED-5954,Higiene Personal,Pfizer,Bogotá,Alta (Invierno),Automático (ML),4187.31,2939.05,1248.26,70,43,225,10.93,2.1,320,0,11,721,0,0,0,Pediatría,0.75,Pediatría
4956,MED-5955,Pediatría,MK,Barranquilla,Promoción,Manual,57651.21,34607.65,23043.56,279,44,294,29.64,8.31,896,0,12,148,1,1,1,Gastrointestinales,0.25,Pediatría
4957,MED-5956,Higiene Personal,Bayer,Bogotá,Alta (Epidemia),Proveedor Programado,4106.83,3218.12,888.71,433,27,426,21.9,5.05,674,4,7,370,0,1,0,Cardiovasculares,0.5,Higiene Personal
4958,MED-5957,Antibióticos,Tecnoquímicas,Barranquilla,Normal,Automático (ML),64961.48,53448.82,11512.66,294,32,325,27.2,2.05,836,2,12,322,1,0,0,Gastrointestinales,0.25,Antibióticos
4959,MED-5958,Analgésicos,Pfizer,Cartagena,Normal,Manual,35056.49,23647.66,11408.83,179,26,265,23.52,2.74,730,0,3,852,1,0,1,Antigripales,0.25,Analgésicos
4960,MED-5959,Dermatológicos,Sanofi,Barranquilla,Alta (Invierno),Proveedor Programado,11732.85,8325.1,3407.75,250,71,122,23.82,4.34,714,2,5,429,1,1,1,Dermatológicos,0.5,Dermatológicos
4961,MED-5960,Antigripales,Sanofi,Cartagena,Alta (Invierno),Proveedor Programado,42686.02,27023.79,15662.23,176,12,133,20.18,1.59,616,2,9,113,0,1,0,Dermatológicos,0.5,Antigripales
4962,MED-5961,Antigripales,Pfizer,Cartagena,Alta (Epidemia),Proveedor Programado,6430.75,4869.67,1561.08,26,44,155,2.46,4.3,63,1,10,537,1,1,0,Pediatría,0.5,Antigripales
4963,MED-5962,Higiene Personal,Genfar,Medellín,Normal,Manual,46464.75,39437.9,7026.85,322,35,411,28.0,3.84,885,2,8,377,0,1,1,Pediatría,0.5,Higiene Personal
4964,MED-5963,Vitaminas,Novartis,Cali,Alta (Invierno),Automático (ML),35476.49,28570.93,6905.56,201,76,427,32.42,5.81,988,2,5,254,0,0,0,Dermatológicos,0.5,Vitaminas
4965,MED-5964,Pediatría,Bayer,Medellín,Alta (Epidemia),Proveedor Programado,69654.81,49900.1,19754.71,306,41,326,4.52,3.58,109,0,9,829,1,0,1,Pediatría,0.5,Pediatría
4966,MED-5965,Vitaminas,Roche,Cali,Normal,Manual,23733.8,16523.46,7210.34,307,24,162,12.69,3.76,362,1,4,252,1,1,0,Pediatría,0.5,Vitaminas
4967,MED-5966,Antigripales,MK,Medellín,Promoción,Proveedor Programado,53070.3,34552.27,18518.03,242,51,147,8.87,7.6,238,1,7,322,1,1,1,Dermatológicos,0.25,Antigripales
4968,MED-5967,Cardiovasculares,Bayer,Barranquilla,Alta (Invierno),Proveedor Programado,15849.52,11041.29,4808.23,63,30,84,1.29,4.1,44,2,6,160,1,0,0,Pediatría,0.75,Pediatría
4969,MED-5968,Dermatológicos,Bayer,Medellín,Promoción,Proveedor Programado,38298.88,32423.53,5875.35,417,25,277,30.29,0.93,901,3,10,594,0,1,1,Pediatría,0.75,Pediatría
4970,MED-5969,Dermatológicos,Genfar,Bogotá,Normal,Proveedor Programado,23593.83,18822.39,4771.44,15,63,209,17.65,4.99,500,0,2,684,0,1,0,Pediatría,0.5,Dermatológicos
4971,MED-5970,Vitaminas,Roche,Medellín,Promoción,Proveedor Programado,48547.67,41209.24,7338.43,37,51,332,5.59,1.06,191,3,5,197,0,0,1,Cardiovasculares,0.5,Vitaminas
4972,MED-5971,Cardiovasculares,Genfar,Cartagena,Alta (Invierno),Manual,34113.99,24542.83,9571.16,418,62,130,31.65,2.4,976,0,7,191,1,0,1,Pediatría,0.5,Cardiovasculares
4973,MED-5972,Dermatológicos,Novartis,Bogotá,Alta (Epidemia),Manual,66270.9,53311.33,12959.57,367,33,212,39.43,3.65,1183,4,3,647,0,0,0,Pediatría,0.5,Dermatológicos
4974,MED-5973,Antibióticos,Abbott,Cartagena,Promoción,Manual,49003.37,39762.63,9240.74,96,66,265,22.77,4.6,719,0,13,649,1,1,1,Gastrointestinales,0.25,Antibióticos
4975,MED-5974,Cardiovasculares,Abbott,Barranquilla,Normal,Proveedor Programado,62133.57,37653.18,24480.39,461,64,172,32.15,8.65,948,1,9,240,0,0,0,Diabetes,0.5,Cardiovasculares
4976,MED-5975,Antigripales,Bayer,Medellín,Promoción,Automático (ML),31120.24,23376.69,7743.55,364,56,290,15.31,2.31,456,2,5,594,1,1,0,Cardiovasculares,0.5,Antigripales
4977,MED-5976,Gastrointestinales,Novartis,Cartagena,Alta (Invierno),Manual,14083.76,11687.62,2396.14,303,70,145,6.69,3.14,204,4,4,378,0,0,1,Cardiovasculares,0.75,Cardiovasculares
4978,MED-5977,Analgésicos,Sanofi,Barranquilla,Promoción,Proveedor Programado,75186.31,58682.25,16504.06,256,50,102,4.63,8.3,119,2,8,460,1,0,0,Dermatológicos,0.25,Analgésicos
4979,MED-5978,Dermatológicos,Roche,Barranquilla,Alta (Invierno),Automático (ML),3822.83,2968.44,854.39,130,48,359,19.17,1.26,593,0,13,689,1,1,1,Pediatría,0.75,Pediatría
4980,MED-5979,Antibióticos,Genfar,Barranquilla,Alta (Epidemia),Proveedor Programado,41979.89,31523.98,10455.91,172,50,307,31.98,2.81,970,0,3,550,1,1,1,Antigripales,0.25,Antibióticos
4981,MED-5980,Gastrointestinales,Pfizer,Cali,Alta (Epidemia),Manual,70237.2,43869.13,26368.07,86,27,313,31.68,4.39,948,2,14,590,1,1,0,Gastrointestinales,0.5,Gastrointestinales
4982,MED-5981,Gastrointestinales,Abbott,Cali,Alta (Epidemia),Proveedor Programado,57031.41,39764.8,17266.61,416,33,369,28.57,6.02,832,1,2,613,0,1,0,Pediatría,0.5,Gastrointestinales
4983,MED-5982,Cardiovasculares,Roche,Cartagena,Normal,Proveedor Programado,6618.29,4677.27,1941.02,26,56,161,37.45,5.04,1108,1,14,50,0,1,0,Pediatría,0.75,Pediatría
4984,MED-5983,Antibióticos,Pfizer,Cali,Promoción,Automático (ML),29570.73,22114.16,7456.57,288,21,273,35.72,4.22,1071,1,6,388,0,0,1,Pediatría,0.5,Antibióticos
4985,MED-5984,Antibióticos,La Santé,Barranquilla,Promoción,Automático (ML),7013.46,5904.08,1109.38,274,45,308,20.73,6.29,578,0,4,772,1,1,0,Dermatológicos,0.5,Antibióticos
4986,MED-5985,Gastrointestinales,Bayer,Barranquilla,Normal,Proveedor Programado,54234.52,37959.62,16274.9,89,22,325,24.11,4.51,752,4,10,736,0,0,0,Pediatría,0.75,Pediatría
4987,MED-5986,Pediatría,Genfar,Cali,Promoción,Automático (ML),7263.67,5631.33,1632.34,355,43,145,17.53,3.5,533,0,3,834,0,0,1,Pediatría,0.5,Pediatría
4988,MED-5987,Gastrointestinales,Novartis,Barranquilla,Normal,Manual,48763.44,38701.71,10061.73,60,44,253,11.15,6.1,312,3,10,867,1,1,1,Pediatría,0.5,Gastrointestinales
4989,MED-5988,Antigripales,Genfar,Medellín,Alta (Invierno),Manual,53272.12,44885.6,8386.52,93,46,204,19.41,1.9,618,2,12,622,1,1,0,Pediatría,0.5,Antigripales
4990,MED-5989,Dermatológicos,La Santé,Barranquilla,Normal,Automático (ML),35529.92,28024.24,7505.68,490,16,132,11.22,3.61,368,3,9,153,0,1,1,Pediatría,0.5,Dermatológicos
4991,MED-5990,Diabetes,Novartis,Medellín,Promoción,Manual,77713.08,52220.28,25492.8,286,44,155,13.42,5.14,409,1,10,329,0,0,0,Dermatológicos,0.25,Diabetes
4992,MED-5991,Dermatológicos,MK,Barranquilla,Normal,Automático (ML),60062.51,45121.66,14940.85,57,35,201,22.79,2.72,701,1,13,250,0,1,0,Gastrointestinales,0.5,Dermatológicos
4993,MED-5992,Higiene Personal,Sanofi,Cartagena,Promoción,Proveedor Programado,3586.32,2352.9,1233.42,263,43,332,19.2,5.83,612,0,12,186,1,1,1,Pediatría,0.75,Pediatría
4994,MED-5993,Vitaminas,Genfar,Barranquilla,Normal,Manual,52901.48,37373.09,15528.39,23,28,416,35.11,2.17,1061,1,12,819,1,1,1,Gastrointestinales,0.5,Vitaminas
4995,MED-5994,Higiene Personal,Abbott,Medellín,Promoción,Proveedor Programado,76610.25,51401.88,25208.37,190,16,94,21.43,7.5,600,1,6,813,0,0,0,Dermatológicos,0.25,Higiene Personal
4996,MED-5995,Pediatría,MK,Medellín,Alta (Epidemia),Manual,36423.81,28209.74,8214.07,57,70,292,28.46,6.71,830,2,8,517,0,0,0,Pediatría,0.5,Pediatría
4997,MED-5996,Higiene Personal,Bayer,Barranquilla,Alta (Invierno),Automático (ML),25673.32,17812.26,7861.06,242,60,417,1.19,6.95,31,1,2,709,0,1,0,Pediatría,0.5,Higiene Personal
4998,MED-5997,Higiene Personal,La Santé,Cali,Alta (Epidemia),Automático (ML),30619.65,24652.74,5966.91,100,72,433,21.61,8.96,639,0,5,748,1,0,0,Dermatológicos,0.25,Higiene Personal
4999,MED-5998,Gastrointestinales,Novartis,Cartagena,Alta (Invierno),Manual,49671.6,32382.48,17289.12,150,30,282,24.84,8.4,781,1,3,282,1,0,0,Pediatría,0.5,Gastrointestinales
5000,MED-5999,Antigripales,La Santé,Barranquilla,Alta (Invierno),Manual,76377.74,55792.49,20585.25,340,19,243,8.03,6.49,263,0,12,280,0,0,0,Dermatológicos,0.25,Antigripales
